ticket_id,opened_at,closed_at,category,priority,status,sla_target_hours,resolution_hours,satisfaction_score,channel,requester_department,agent_id
TKT-04351,2025-10-12 16:15:18,2025-10-12 22:03:18,Network,P4 - Low,Closed,48,5.8,4.0,Portal,Sales,AGT-06
TKT-03306,2025-08-20 10:16:31,2025-08-20 20:22:31,Access & Accounts,P4 - Low,Closed,48,10.1,5.0,Portal,Operations,AGT-11
TKT-01737,2026-07-14 12:47:01,2026-07-14 13:59:01,Access & Accounts,P1 - Critical,Resolved,4,1.2,5.0,Phone,Operations,AGT-02
TKT-03051,2026-07-15 16:32:05,2026-07-15 23:02:05,Email & Collaboration,P3 - Medium,Closed,24,6.5,,Email,Sales,AGT-03
TKT-03312,2026-08-04 13:56:40,2026-08-07 22:38:40,Software,P4 - Low,Resolved,48,80.7,2.0,Portal,R&D,AGT-02
TKT-04049,2025-12-23 09:39:10,2025-12-25 19:21:10,Software,P3 - Medium,Closed,24,57.7,2.0,Email,R&D,AGT-11
TKT-00241,2026-06-23 09:05:00,2026-06-25 13:29:00,Hardware,P4 - Low,Closed,48,52.4,2.0,Email,Customer Support,AGT-10
TKT-03693,2025-09-05 13:30:22,2025-09-06 00:18:22,Access & Accounts,P3 - Medium,Closed,24,10.8,4.0,Portal,Finance,AGT-01
TKT-04712,2025-11-05 12:14:56,2025-11-05 20:50:56,Network,P4 - Low,Closed,48,8.6,3.0,Chat,Customer Support,AGT-12
TKT-00240,2025-09-12 13:39:59,2025-09-12 19:39:59,Software,P3 - Medium,Resolved,24,6.0,5.0,Email,Customer Support,AGT-02
TKT-04092,2026-05-28 10:40:11,2026-05-29 12:16:11,Hardware,P4 - Low,Closed,48,25.6,5.0,Portal,Finance,AGT-09
TKT-00066,2026-03-06 11:55:10,2026-03-06 19:25:10,Access & Accounts,P3 - Medium,Resolved,24,7.5,3.0,Email,Operations,AGT-01
TKT-00334,2026-07-04 11:35:53,2026-07-06 07:17:53,Hardware,P3 - Medium,Resolved,24,43.7,3.0,Portal,Sales,AGT-10
TKT-04518,2025-11-26 13:37:41,2025-11-27 01:37:41,Network,P3 - Medium,Closed,24,12.0,5.0,Portal,Finance,AGT-05
TKT-03120,2025-11-17 14:38:08,2025-11-17 19:08:08,Access & Accounts,P2 - High,Resolved,8,4.5,4.0,Portal,Operations,AGT-11
TKT-00034,2025-12-24 14:02:21,2025-12-24 20:50:21,Network,P3 - Medium,Closed,24,6.8,4.0,Phone,Sales,AGT-06
TKT-04114,2026-02-13 14:52:32,2026-02-13 16:28:32,Hardware,P2 - High,Resolved,8,1.6,4.0,Portal,Finance,AGT-09
TKT-03465,2026-05-22 14:04:50,2026-05-22 17:28:50,Access & Accounts,P3 - Medium,Closed,24,3.4,,Email,Sales,AGT-02
TKT-03098,2026-01-01 14:09:36,2026-01-03 10:45:36,Hardware,P3 - Medium,Closed,24,44.6,2.0,,Sales,AGT-09
TKT-03577,2026-06-18 15:26:31,2026-06-19 00:50:31,Access & Accounts,P3 - Medium,Closed,24,9.4,3.0,Email,Operations,AGT-03
TKT-00843,2026-02-20 11:19:21,2026-02-21 18:49:21,Software,P3 - Medium,Closed,24,31.5,,Portal,R&D,AGT-03
TKT-03613,2026-03-30 09:30:13,2026-03-30 15:00:13,Software,P4 - Low,Resolved,48,5.5,4.0,Portal,Sales,AGT-02
TKT-01667,2026-06-30 10:42:35,2026-06-30 21:54:35,Access & Accounts,P3 - Medium,Resolved,24,11.2,5.0,Email,Finance,AGT-01
TKT-01889,2026-06-30 12:09:47,2026-06-30 18:15:47,Network,P3 - Medium,Closed,24,6.1,,Portal,Sales,AGT-05
TKT-03806,2025-10-02 14:55:11,2025-10-04 13:13:11,Hardware ,P3 - Medium,Resolved,24,46.3,2.0,Email,Customer Support,AGT-10
TKT-04109,2026-07-26 17:36:34,2026-07-27 08:42:34,Security,P3 - Medium,Closed,24,15.1,,Email,Finance,AGT-08
TKT-00916,2026-08-10 13:34:37,2026-08-10 19:46:37,Network,P3 - Medium,Closed,24,6.2,4.0,Portal,Finance,AGT-05
TKT-04934,2025-11-07 12:41:00,2025-11-07 20:11:00,Network,P4 - Low,Closed,48,7.5,4.0,Portal,R&D,AGT-05
TKT-03168,2025-10-14 10:34:02,2025-10-14 14:22:02,Access & Accounts,P3 - Medium,Closed,24,3.8,5.0,Portal,Sales,AGT-02
TKT-00832,2026-03-05 10:49:50,2026-03-05 14:43:50,Software,P2 - High,Resolved,8,3.9,5.0,Email,Operations,AGT-02
TKT-01045,2025-08-08 11:58:19,2025-08-12 14:04:19,Access & Accounts,P4 - Low,Closed,48,98.1,,Chat,Sales,AGT-01
TKT-01872,2026-01-20 10:43:43,2026-01-21 11:55:43,Access & Accounts,P4 - Low,Closed,48,25.2,4.0,Email,Operations,AGT-03
TKT-04809,2026-01-19 12:36:42,2026-01-21 03:18:42,Network,P3 - Medium,Resolved,24,38.7,2.0,Phone,IT,AGT-04
TKT-04966,2025-08-05 11:11:11,2025-08-06 02:11:11,Access & Accounts,P4 - Low,Closed,48,15.0,5.0,Phone,R&D,AGT-01
TKT-03236,2025-09-22 12:41:20,2025-09-22 13:23:20,Access & Accounts,P1 - Critical,Resolved,4,0.7,3.0,Portal,IT,AGT-01
TKT-01551,2025-09-22 11:44:10,2025-09-22 16:26:10,Network,P2 - High,Resolved,8,4.7,4.0,Portal,Sales,AGT-05
TKT-00200,2025-12-01 14:05:02,2025-12-01 21:29:02,Hardware,P4 - Low,Closed,48,7.4,5.0,Email,Finance,AGT-09
TKT-03860,2025-09-02 12:35:13,2025-09-02 20:59:13,Security,P4 - Low,Closed,48,8.4,,Phone,Operations,AGT-07
TKT-00427,2025-11-03 08:57:15,2025-11-03 17:57:15,Email & Collaboration,P4 - Low,Closed,48,9.0,4.0,Portal,Operations,AGT-02
TKT-02241,2025-11-25 17:32:21,2025-11-26 04:20:21,Network,P3 - Medium,Resolved,24,10.8,5.0,Email,Operations,AGT-05
TKT-04901,2026-02-12 09:02:40,2026-02-12 18:08:40,Software,P3 - Medium,Resolved,24,9.1,4.0,Phone,Operations,AGT-02
TKT-01984,2025-11-04 13:25:19,2025-11-04 22:01:19,Network,P4 - Low,Closed,48,8.6,5.0,Portal,Sales,AGT-06
TKT-00725,2025-09-10 14:21:45,2025-09-10 16:57:45,Email & Collaboration,P3 - Medium,Resolved,24,2.6,4.0,Portal,R&D,AGT-02
TKT-02834,2026-06-22 11:52:01,2026-06-22 14:46:01,Network,P3 - Medium,Closed,24,2.9,3.0,Portal,R&D,AGT-04
TKT-04841,2026-07-11 16:18:47,2026-07-11 19:48:47,Software,P3 - Medium,Resolved,24,3.5,5.0,Email,Finance,AGT-11
TKT-03470,2026-08-14 12:45:43,2026-08-14 17:03:43,Software,P3 - Medium,Closed,24,4.3,4.0,Portal,Finance,AGT-01
TKT-02585,2025-08-02 16:08:08,2025-08-02 17:44:08,network,P1 - Critical,Resolved,4,1.6,5.0,Email,Customer Support,AGT-12
TKT-03843,2026-04-14 10:07:27,2026-04-14 16:07:27,Software,P3 - Medium,Closed,24,6.0,5.0,Email,Finance,AGT-02
TKT-03136,2026-05-26 11:46:19,2026-05-26 16:34:19,Network,P3 - Medium,Closed,24,4.8,5.0,Email,R&D,AGT-04
TKT-01336,2026-07-02 18:15:10,,Software,P4 - Low,In Progress,48,,,Phone,Sales,AGT-01
TKT-01437,2025-10-26 11:50:05,2025-10-26 17:26:05,Software,P3 - Medium,Resolved,24,5.6,,Email,Finance,AGT-03
TKT-00801,2026-05-18 08:50:06,2026-05-18 11:32:06,Access & Accounts,P2 - High,Resolved,8,2.7,5.0,Portal,Customer Support,AGT-01
TKT-00297,2026-08-20 13:34:00,2026-08-20 17:10:00,Network,P3 - Medium,Resolved,24,3.6,,Portal,HR,AGT-12
TKT-02878,2026-01-06 14:30:27,2026-01-06 20:48:27,Email & Collaboration,P2 - High,Resolved,8,6.3,3.0,Portal,Customer Support,AGT-02
TKT-00486,2026-01-12 12:23:02,2026-01-13 00:41:02,Security,P4 - Low,Closed,48,12.3,4.0,Email,HR,AGT-07
TKT-00280,2026-07-01 14:17:08,2026-07-02 14:41:08,Email & Collaboration,P4 - Low,Resolved,48,24.4,5.0,Phone,R&D,AGT-11
TKT-01670,2026-07-07 12:24:44,2026-07-07 16:06:44,Hardware,P3 - Medium,Resolved,24,3.7,5.0,Chat,Sales,AGT-09
TKT-03632,2026-08-14 12:23:12,2026-08-14 23:35:12,Access & Accounts,P4 - Low,Closed,48,11.2,5.0,Email,Operations,AGT-11
TKT-02347,2026-07-06 14:40:03,2026-07-07 11:16:03,Access & Accounts,P4 - Low,Closed,48,20.6,4.0,Email,Customer Support,AGT-01
TKT-02112,2026-02-26 12:00:41,2026-02-27 05:06:41,Access & Accounts,P4 - Low,Closed,48,17.1,4.0,Chat,R&D,AGT-11
TKT-04212,2025-12-18 18:09:31,2025-12-19 04:51:31,Network,P4 - Low,Closed,48,10.7,5.0,,R&D,AGT-12
TKT-03271,2026-08-12 15:39:02,2026-08-12 16:39:02,Network,P1 - Critical,Closed,4,1.0,5.0,Chat,Operations,AGT-04
TKT-00228,2026-03-06 17:36:31,2026-03-07 19:12:31,Access & Accounts,P4 - Low,Closed,48,25.6,5.0,Portal,Operations,AGT-11
TKT-03079,2026-03-27 16:12:52,2026-03-28 04:24:52,NETWORK,P3 - Medium,Closed,24,12.2,4.0,Portal,Customer Support,AGT-06
TKT-02852,2026-01-16 10:20:40,2026-01-16 15:56:40,Access & Accounts,P3 - Medium,Resolved,24,5.6,,Portal,Customer Support,AGT-02
TKT-03143,2026-08-26 16:45:17,2026-08-27 00:21:17,Email & Collaboration,P3 - Medium,Closed,24,7.6,,Portal,Operations,AGT-11
TKT-01533,2026-03-04 17:22:09,2026-03-05 05:58:09,Security,P3 - Medium,Resolved,24,12.6,4.0,Phone,Sales,AGT-08
TKT-00107,2026-01-23 17:45:54,2026-01-23 21:51:54,Software,P3 - Medium,Closed,24,4.1,4.0,Email,Customer Support,AGT-03
TKT-00752,2025-12-05 13:31:52,2025-12-06 09:37:52,Access & Accounts,P4 - Low,Resolved,48,20.1,,Phone,IT,AGT-01
TKT-02255,2026-08-14 14:05:04,2026-08-15 01:53:04,Access & Accounts,P3 - Medium,Closed,24,11.8,3.0,Portal,IT,AGT-02
TKT-01392,2026-06-25 13:54:13,2026-06-25 23:18:13,Email & Collaboration,P4 - Low,Resolved,48,9.4,4.0,Portal,Customer Support,AGT-01
TKT-00678,2026-02-12 11:53:29,2026-02-12 18:23:29,NetWork,P3 - Medium,Closed,24,6.5,,Chat,Operations,AGT-05
TKT-02317,2025-10-08 11:43:19,2025-10-09 06:49:19,Access & Accounts,P4 - Low,Closed,48,19.1,4.0,Email,Sales,AGT-01
TKT-01483,2026-03-21 10:08:48,2026-03-21 15:08:48,Hardware,P3 - Medium,Closed,24,5.0,4.0,Chat,Customer Support,AGT-10
TKT-03054,2026-06-04 15:14:27,2026-06-08 18:44:27,Network,P4 - Low,Closed,48,99.5,3.0,Email,Operations,AGT-04
TKT-00417,2025-09-26 11:20:39,2025-09-26 16:44:39,software,P4 - Low,Resolved,48,5.4,,Portal,Operations,AGT-01
TKT-00080,2026-06-04 12:04:18,2026-06-04 15:22:18,Network,P2 - High,Closed,8,3.3,3.0,Email,Sales,AGT-05
TKT-04185,2026-07-28 14:34:38,2026-07-28 18:16:38,Security,P2 - High,Resolved,8,3.7,4.0,Portal,Operations,AGT-07
TKT-04967,2025-12-24 15:25:05,,Access & Accounts,P1 - Critical,In Progress,4,,,Chat,Sales,AGT-02
TKT-03412,2025-09-23 15:23:39,2025-09-23 18:53:39,access & accounts,P3 - Medium,Closed,24,3.5,5.0,Email,Operations,AGT-03
TKT-03102,2025-10-16 14:53:10,2025-10-17 00:41:10,Access & Accounts,P3 - Medium,Closed,24,9.8,4.0,Portal,R&D,AGT-11
TKT-03361,2025-12-03 10:01:32,2025-12-03 15:31:32,Hardware,P3 - Medium,Resolved,24,5.5,4.0,Email,IT,AGT-10
TKT-01927,2025-12-17 10:43:35,2025-12-17 14:49:35,Email & Collaboration,P3 - Medium,Closed,24,4.1,5.0,Portal,Operations,AGT-03
TKT-03956,2026-03-22 13:12:17,2026-03-22 21:24:17,Access & Accounts,P3 - Medium,Resolved,24,8.2,,Portal,Finance,AGT-11
TKT-00556,2025-10-31 10:30:22,2025-10-31 18:18:22,Hardware,P3 - Medium,Resolved,24,7.8,4.0,Portal,Operations,AGT-09
TKT-03164,2026-05-08 14:29:02,2026-05-10 07:17:02,Access & Accounts,P3 - Medium,Closed,24,40.8,2.0,Email,Customer Support,AGT-11
TKT-04744,2025-11-21 10:23:48,2025-11-21 16:23:48,Network,P3 - Medium,Resolved,24,6.0,5.0,Portal,Customer Support,AGT-04
TKT-00085,2025-08-11 10:52:19,2025-08-11 23:10:19,Software,P4 - Low,Closed,48,12.3,,Email,Operations,AGT-03
TKT-03642,2025-08-13 17:34:16,2025-08-13 22:16:16,Network,P4 - Low,Closed,48,4.7,4.0,Portal,HR,AGT-04
TKT-03800,2025-11-17 14:51:23,2025-11-17 20:03:23,Software,P3 - Medium,Resolved,24,5.2,,Portal,Customer Support,AGT-01
TKT-01594,2026-01-06 12:40:24,2026-01-07 01:16:24,Network,P3 - Medium,Closed,24,12.6,4.0,Chat,R&D,AGT-05
TKT-03340,2026-02-20 13:49:21,2026-02-21 07:25:21,Hardware,P4 - Low,Closed,48,17.6,5.0,Chat,Operations,AGT-09
TKT-00030,2026-04-26 13:30:03,2026-04-27 02:30:03,Hardware,P3 - Medium,Closed,24,13.0,,Portal,Finance,AGT-10
TKT-01733,2026-05-21 14:34:30,2026-05-22 16:28:30,access & accounts,P4 - Low,Closed,48,25.9,4.0,Email,IT,AGT-02
TKT-01127,2026-02-13 16:21:36,2026-02-14 13:51:36,Email & Collaboration,P4 - Low,Closed,48,21.5,4.0,Email,Operations,AGT-02
TKT-00502,2026-07-15 13:33:09,2026-07-16 05:03:09,Email & Collaboration,P2 - High,Resolved,8,15.5,,Email,Customer Support,AGT-02
TKT-03734,2026-03-16 11:15:06,2026-03-17 02:03:06,Email & Collaboration,P3 - Medium,Resolved,24,14.8,,Phone,Sales,AGT-01
TKT-03690,2025-12-29 15:32:15,2025-12-29 22:08:15,Network,P3 - Medium,Resolved,24,6.6,5.0,,Operations,AGT-12
TKT-02750,2025-08-14 14:35:46,2025-08-14 19:35:46,Software,P3 - Medium,Closed,24,5.0,4.0,Portal,Customer Support,AGT-01
TKT-00249,2025-12-25 17:18:18,2025-12-25 19:24:18,Hardware,P2 - High,Closed,8,2.1,4.0,Phone,Finance,AGT-09
TKT-04490,2026-02-26 17:18:54,2026-02-26 21:18:54,Email & Collaboration,P2 - High,Resolved,8,4.0,4.0,Email,Finance,AGT-02
TKT-00654,2025-11-03 14:26:50,2025-11-03 22:02:50,Software,P3 - Medium,Resolved,24,7.6,4.0,Email,IT,AGT-03
TKT-01398,2026-07-27 14:09:44,2026-07-27 21:45:44,Hardware,P3 - Medium,Resolved,24,7.6,5.0,Email,R&D,AGT-10
TKT-02318,2026-05-27 14:18:01,2026-05-27 21:06:01,Network,P3 - Medium,Resolved,24,6.8,5.0,Email,Customer Support,AGT-04
TKT-02648,2026-06-10 09:25:39,2026-06-12 14:37:39,Software,P3 - Medium,Resolved,24,53.2,1.0,Chat,Operations,AGT-01
TKT-03454,2025-08-14 14:53:48,2025-08-18 21:05:48,Security,P4 - Low,Resolved,48,102.2,2.0,Email,IT,AGT-07
TKT-02093,2026-03-13 15:07:59,2026-03-14 18:01:59,Access & Accounts,P4 - Low,Closed,48,26.9,5.0,Chat,Customer Support,AGT-11
TKT-02909,2026-07-29 15:00:43,2026-07-30 03:48:43,Access & Accounts,P3 - Medium,Resolved,24,12.8,,Email,Sales,AGT-01
TKT-02946,2026-01-12 11:01:14,2026-01-12 15:13:14,Security,P3 - Medium,Closed,24,4.2,4.0,Email,Customer Support,AGT-07
TKT-02908,2025-08-24 10:37:04,2025-08-24 23:37:04,Access & Accounts,P3 - Medium,Closed,24,13.0,,Portal,Sales,AGT-11
TKT-02095,2026-07-20 15:28:39,2026-07-21 06:34:39,Security,P4 - Low,Resolved,48,15.1,3.0,Phone,Sales,AGT-08
TKT-04823,2026-04-19 10:13:55,2026-04-19 20:19:55,Network,P4 - Low,Resolved,48,10.1,4.0,Portal,R&D,AGT-06
TKT-01596,2026-04-24 14:58:51,2026-04-24 17:52:51,Software,P3 - Medium,Resolved,24,2.9,3.0,Portal,Sales,AGT-02
TKT-00024,2026-07-17 11:48:49,2026-07-17 12:36:49,Access & Accounts,P1 - Critical,Resolved,4,0.8,,Chat,IT,AGT-02
TKT-02125,2025-12-27 14:10:49,2025-12-27 18:46:49,Software,P3 - Medium,Closed,24,4.6,4.0,Portal,IT,AGT-01
TKT-01174,2026-05-22 12:44:28,2026-05-23 10:08:28,Network,P4 - Low,Resolved,48,21.4,,Email,R&D,AGT-05
TKT-03200,2026-07-31 10:22:58,2026-08-02 10:58:58,Network,P3 - Medium,Closed,24,48.6,2.0,Email,Sales,AGT-05
TKT-02993,2025-12-01 14:53:13,2025-12-06 14:47:13,Access & Accounts,P4 - Low,Closed,48,119.9,1.0,Portal,Finance,AGT-02
TKT-04570,2026-03-15 11:51:47,2026-03-16 16:03:47,Security,P4 - Low,Resolved,48,28.2,4.0,Email,Operations,AGT-07
TKT-04292,2025-08-27 14:13:38,2025-08-27 17:49:38,Security,P2 - High,Resolved,8,3.6,5.0,Email,Finance,AGT-07
TKT-00458,2026-01-28 11:33:35,2026-01-28 21:15:35,Software,P4 - Low,Resolved,48,9.7,4.0,Phone,Finance,AGT-02
TKT-01770,2026-06-22 10:08:15,2026-06-22 22:20:15,Network,P3 - Medium,Resolved,24,12.2,,Phone,Customer Support,AGT-04
TKT-01201,2026-03-11 13:21:15,2026-03-12 01:51:15,Network,P2 - High,Closed,8,12.5,,Portal,Customer Support,AGT-06
TKT-01341,2025-09-10 18:39:40,2025-09-11 04:51:40,Hardware,P4 - Low,Closed,48,10.2,5.0,Portal,R&D,AGT-10
TKT-02132,2026-05-25 14:13:51,2026-05-25 19:01:51,Network,P3 - Medium,Closed,24,4.8,,Email,HR,AGT-05
TKT-00830,2025-11-08 15:15:25,2025-11-09 03:39:25,Network,P4 - Low,Resolved,48,12.4,4.0,Chat,Operations,AGT-06
TKT-04942,2025-08-21 10:06:06,2025-08-21 18:12:06,Access & Accounts,P3 - Medium,Closed,24,8.1,,Email,HR,AGT-11
TKT-03991,2026-08-20 11:07:04,2026-08-20 17:31:04,Hardware,P4 - Low,Resolved,48,6.4,4.0,Portal,Sales,AGT-10
TKT-00928,2026-07-01 10:01:20,2026-07-01 15:55:20,Access & Accounts,P3 - Medium,Resolved,24,5.9,4.0,Portal,Finance,AGT-01
TKT-03567,2026-07-04 11:05:48,2026-07-04 12:47:48,Access & Accounts,P1 - Critical,Resolved,4,1.7,5.0,Email,Customer Support,AGT-02
TKT-01026,2025-11-27 18:19:13,2025-11-28 05:37:13,Email & Collaboration,P3 - Medium,Closed,24,11.3,5.0,Chat,Operations,AGT-02
TKT-01339,2026-07-10 11:33:57,2026-07-10 21:57:57,hardware,P4 - Low,Closed,48,10.4,5.0,Portal,Operations,AGT-10
TKT-04073,2026-01-13 12:39:01,2026-01-14 00:21:01, Email & Collaboration ,P3 - Medium,Closed,24,11.7,4.0,Email,Customer Support,AGT-02
TKT-04294,2026-03-20 12:13:47,2026-03-21 01:43:47,Network,P3 - Medium,Resolved,24,13.5,,Email,Finance,AGT-06
TKT-00169,2025-12-03 14:43:39,2025-12-03 22:01:39,Network,P3 - Medium,Closed,24,7.3,5.0,Portal,Sales,AGT-05
TKT-03048,2026-04-09 09:55:48,2026-04-09 21:31:48,Hardware,P3 - Medium,Closed,24,11.6,4.0,Portal,Finance,AGT-10
TKT-03001,2026-06-22 15:34:02,2026-06-23 03:58:02,Network,P4 - Low,Resolved,48,12.4,5.0,Email,Operations,AGT-04
TKT-03310,2025-08-29 11:35:14,2025-08-29 17:41:14,Network,P3 - Medium,Resolved,24,6.1,4.0,Chat,Customer Support,AGT-06
TKT-00722,2026-01-18 15:48:48,2026-01-18 17:54:48,Network,P3 - Medium,Closed,24,2.1,4.0,Email,R&D,AGT-04
TKT-03107,2025-12-09 11:21:04,2025-12-09 11:51:04,Network,P1 - Critical,Closed,4,0.5,4.0,Email,Sales,AGT-06
TKT-04631,2025-11-17 13:16:36,2025-11-18 11:34:36,Access & Accounts,P4 - Low,Closed,48,22.3,4.0,Portal,IT,AGT-01
TKT-02128,2025-12-08 15:11:12,2025-12-10 00:17:12,access & accounts,P3 - Medium,Closed,24,33.1,2.0,Phone,HR,AGT-01
TKT-00415,2025-08-12 13:31:47,2025-08-12 21:13:47,Network,P3 - Medium,Closed,24,7.7,,Portal,Customer Support,AGT-05
TKT-02348,2026-06-24 13:20:22,2026-06-25 21:08:22,Software,P4 - Low,Closed,48,31.8,5.0,,Sales,AGT-02
TKT-01095,2026-03-18 10:33:39,2026-03-18 19:21:39,Email & Collaboration,P3 - Medium,Closed,24,8.8,3.0,Portal,R&D,AGT-01
TKT-00706,2026-03-09 08:23:45,2026-03-09 14:29:45,Network,P4 - Low,Closed,48,6.1,3.0,Chat,Customer Support,AGT-06
TKT-01418,2026-03-02 13:26:20,2026-03-03 11:56:20,Access & Accounts,P4 - Low,Resolved,48,22.5,4.0,Phone,HR,AGT-03
TKT-04881,2025-09-29 12:53:32,2025-09-29 20:05:32,Network,P3 - Medium,Closed,24,7.2,4.0,Portal,Operations,AGT-06
TKT-02105,2026-03-26 11:14:44,2026-03-26 16:02:44,NETWORK,P2 - High,Resolved,8,4.8,5.0,Portal,IT,AGT-12
TKT-00158,2026-04-16 12:08:23,2026-04-17 02:20:23,Software,P4 - Low,Closed,48,14.2,,Email,Finance,AGT-01
TKT-00684,2026-01-26 12:14:12,2026-01-27 10:26:12,Security,P4 - Low,Resolved,48,22.2,,Portal,Sales,AGT-08
TKT-04833,2026-04-25 08:38:28,2026-04-25 19:14:28,Access & Accounts,P4 - Low,Resolved,48,10.6,5.0,Email,HR,AGT-01
TKT-02654,2026-05-20 13:25:07,2026-05-20 18:55:07,Security,P3 - Medium,Resolved,24,5.5,4.0,Portal,Operations,AGT-08
TKT-02679,2026-05-20 12:18:39,2026-05-20 20:06:39,Access & Accounts,P3 - Medium,Closed,24,7.8,5.0,Email,IT,AGT-03
TKT-00498,2026-04-03 13:05:22,,Software,P4 - Low,In Progress,48,,,Portal,Customer Support,AGT-01
TKT-01877,2025-11-14 15:12:49,2025-11-14 23:54:49,Access & Accounts,P3 - Medium,Closed,24,8.7,4.0,Chat,R&D,AGT-11
TKT-01715,2025-11-27 17:34:35,2025-11-28 03:10:35,Network,P4 - Low,Resolved,48,9.6,4.0,Email,Operations,AGT-06
TKT-02096,2025-12-13 12:07:17,2025-12-13 23:43:17,Access & Accounts,P3 - Medium,Resolved,24,11.6,4.0,Email,Customer Support,AGT-02
TKT-02032,2026-02-19 12:10:47,2026-02-21 22:22:47,Network,P3 - Medium,Closed,24,58.2,2.0,Portal,Sales,AGT-05
TKT-02293,2026-03-28 15:20:51,2026-03-28 16:56:51,Email & Collaboration,P2 - High,Closed,8,1.6,4.0,Phone,IT,AGT-03
TKT-00995,2026-07-29 08:34:03,2026-07-29 15:22:03,Hardware,P3 - Medium,Resolved,24,6.8,,Email,Operations,AGT-10
TKT-01748,2026-02-25 13:37:31,2026-02-26 05:19:31, Email & Collaboration ,P4 - Low,Resolved,48,15.7,5.0,Portal,R&D,AGT-11
TKT-00472,2026-02-03 10:22:48,2026-02-04 10:52:48,Software,P4 - Low,Resolved,48,24.5,,Chat,Sales,AGT-11
TKT-04865,2026-04-17 17:02:29,2026-04-17 21:20:29,Security,P3 - Medium,Resolved,24,4.3,5.0,Phone,Customer Support,AGT-07
TKT-00180,2026-05-21 12:17:49,2026-05-21 23:29:49,Network,P4 - Low,Resolved,48,11.2,,Email,Sales,AGT-04
TKT-02487,2026-06-01 18:34:20,2026-06-01 20:28:20,Hardware,P2 - High,Closed,8,1.9,,Portal,R&D,AGT-10
TKT-03198,2025-09-08 16:31:40,2025-09-08 18:37:40,NetWork,P3 - Medium,Resolved,24,2.1,5.0,Chat,Customer Support,AGT-04
TKT-01787,2025-12-09 15:30:24,,Software,P3 - Medium,In Progress,24,,,Portal,Finance,AGT-02
TKT-00587,2025-10-09 12:47:25,2025-10-09 15:17:25,Network,P2 - High,Closed,8,2.5,,Portal,Finance,AGT-05
TKT-01294,2025-12-04 10:36:59,2025-12-04 14:06:59,Access & Accounts,P2 - High,Resolved,8,3.5,,Phone,IT,AGT-01
TKT-03047,2026-01-29 14:57:22,2026-01-29 18:09:22,Network,P2 - High,Closed,8,3.2,5.0,Email,Customer Support,AGT-05
TKT-03544,2025-10-28 14:42:09,2025-10-29 06:18:09,Hardware,P4 - Low,Closed,48,15.6,4.0,Portal,Customer Support,AGT-09
TKT-00298,2026-06-11 13:14:38,2026-06-12 05:38:38,Network,P4 - Low,Closed,48,16.4,4.0,Email,Finance,AGT-05
TKT-02848,2025-08-26 15:37:06,2025-08-26 22:55:06,Network,P3 - Medium,Resolved,24,7.3,3.0,Email,R&D,AGT-06
TKT-01346,2026-03-27 09:04:25,2026-03-27 23:40:25,Network,P3 - Medium,Closed,24,14.6,4.0,Email,Customer Support,AGT-06
TKT-03414,2025-08-22 12:40:10,2025-08-22 18:34:10,Network,P3 - Medium,Closed,24,5.9,5.0,Email,Operations,AGT-05
TKT-01903,2026-06-30 15:12:32,2026-07-03 02:36:32,Hardware,P4 - Low,Closed,48,59.4,3.0,,Finance,AGT-10
TKT-00747,2025-12-10 16:34:09,2025-12-10 18:22:09,Hardware,P2 - High,Closed,8,1.8,5.0,Email,Customer Support,AGT-09
TKT-03612,2025-12-08 14:03:43,2025-12-08 20:57:43,access & accounts,P3 - Medium,Resolved,24,6.9,4.0,Email,Operations,AGT-01
TKT-00430,2026-06-11 13:56:15,2026-06-11 22:44:15,access & accounts,P1 - Critical,Closed,4,8.8,2.0,Phone,IT,AGT-02
TKT-03788,2025-09-19 13:26:24,2025-09-20 11:44:24,Network,P4 - Low,Closed,48,22.3,,Email,Sales,AGT-06
TKT-01974,2025-12-24 09:54:43,2025-12-24 18:24:43,Network,P2 - High,Resolved,8,8.5,3.0,Email,Operations,AGT-05
TKT-02488,2026-06-11 14:55:06,2026-06-13 10:25:06,Software,P3 - Medium,Closed,24,43.5,3.0,Chat,Operations,AGT-02
TKT-02265,2026-03-10 15:06:15,2026-03-10 22:30:15,Access & Accounts,P3 - Medium,Closed,24,7.4,5.0,Email,Operations,AGT-02
TKT-01091,2025-11-04 11:50:26,2025-11-05 15:32:26,Software,P4 - Low,Resolved,48,27.7,4.0,Portal,Finance,AGT-02
TKT-00545,2025-09-25 12:02:43,2025-09-25 17:08:43,Security,P2 - High,Closed,8,5.1,3.0,Phone,Finance,AGT-07
TKT-04950,2026-04-29 09:19:36,2026-04-29 10:19:36,Email & Collaboration,P2 - High,Resolved,8,1.0,5.0,Portal,Customer Support,AGT-11
TKT-01808,2026-01-23 10:57:38,2026-01-23 15:51:38,Network,P3 - Medium,Resolved,24,4.9,5.0,Portal,Sales,AGT-06
TKT-01273,2026-01-05 13:54:18,2026-01-09 02:12:18,Network,P4 - Low,Closed,48,84.3,3.0,Chat,IT,AGT-05
TKT-02699,2026-01-02 09:25:23,2026-01-02 12:01:23,Access & Accounts,P2 - High,Resolved,8,2.6,4.0,Portal,Customer Support,AGT-11
TKT-04523,2026-06-01 15:20:16,2026-06-02 00:50:16,Network,P4 - Low,Closed,48,9.5,5.0,Email,Customer Support,AGT-12
TKT-01003,2025-09-21 16:44:27,2025-09-22 08:44:27,Network,P4 - Low,Closed,48,16.0,5.0,Chat,Finance,AGT-05
TKT-03683,2026-01-15 18:13:53,2026-01-16 10:49:53,Network,P3 - Medium,Closed,24,16.6,5.0,Portal,Finance,AGT-04
TKT-00438,2026-02-15 10:06:28,2026-02-16 00:42:28,Hardware,P4 - Low,Resolved,48,14.6,,Email,IT,AGT-09
TKT-00590,2025-08-11 12:59:25,2025-08-11 14:05:25,Access & Accounts,P1 - Critical,Resolved,4,1.1,5.0,Portal,HR,AGT-01
TKT-00692,2026-07-19 14:25:45,2026-07-19 18:01:45,Network,P2 - High,Closed,8,3.6,,Portal,Sales,AGT-06
TKT-01042,2026-04-20 15:52:12,2026-04-21 01:46:12,Hardware,P3 - Medium,Resolved,24,9.9,4.0,Portal,IT,AGT-09
TKT-00089,2025-10-03 11:36:00,2025-10-03 16:54:00,Network,P3 - Medium,Closed,24,5.3,5.0,Email,HR,AGT-06
TKT-03866,2025-12-05 17:34:05,2025-12-06 09:28:05,Network,P4 - Low,Resolved,48,15.9,4.0,Email,Operations,AGT-06
TKT-00229,2026-04-07 10:01:38,2026-04-08 14:49:38,Network,P3 - Medium,Closed,24,28.8,3.0,Phone,Customer Support,AGT-04
TKT-00009,2025-09-19 13:47:29,2025-09-19 19:17:29,Software,P4 - Low,Resolved,48,5.5,5.0,Phone,Operations,AGT-01
TKT-02380,2026-04-30 09:44:14,,Hardware,P3 - Medium,In Progress,24,,,Email,R&D,AGT-10
TKT-01096,2026-01-08 13:28:16,2026-01-08 16:46:16,Software,P2 - High,Closed,8,3.3,3.0,Portal,Operations,AGT-01
TKT-03379,2026-01-27 17:18:20,2026-01-27 22:48:20,Email & Collaboration,P3 - Medium,Closed,24,5.5,4.0,Email,IT,AGT-01
TKT-04735,2026-07-23 11:51:56,2026-07-23 15:39:56,Access & Accounts,P3 - Medium,Resolved,24,3.8,4.0,Portal,Finance,AGT-02
TKT-03139,2026-06-02 10:31:07,2026-06-02 12:19:07,HARDWARE,P2 - High,Closed,8,1.8,4.0,Portal,Sales,AGT-09
TKT-00882,2026-03-25 16:57:40,2026-03-25 20:51:40,Software,P3 - Medium,Closed,24,3.9,,Portal,Sales,AGT-02
TKT-00145,2026-02-03 11:30:36,,Software,P2 - High,In Progress,8,,,Portal,Operations,AGT-11
TKT-04982,2025-10-28 09:32:58,2025-10-28 16:56:58,Hardware,P3 - Medium,Resolved,24,7.4,4.0,Portal,Sales,AGT-09
TKT-01075,2026-07-02 14:18:36,2026-07-02 15:06:36,Access & Accounts,P2 - High,Resolved,8,0.8,4.0,Phone,Customer Support,AGT-11
TKT-02621,2026-07-10 11:21:00,2026-07-12 09:15:00,Network,P3 - Medium,Resolved,24,45.9,2.0,Phone,Sales,AGT-05
TKT-04039,2025-12-27 13:43:46,2025-12-28 17:13:46,Hardware,P4 - Low,Closed,48,27.5,5.0,Email,Finance,AGT-09
TKT-03828,2025-12-08 11:00:28,2025-12-08 16:30:28,Software,P3 - Medium,Resolved,24,5.5,5.0,Portal,Customer Support,AGT-03
TKT-02158,2025-11-18 10:13:56,2025-11-18 13:19:56,Email & Collaboration,P3 - Medium,Resolved,24,3.1,5.0,Email,HR,AGT-03
TKT-00152,2026-07-17 14:31:20,2026-07-18 07:19:20,Email & Collaboration,P3 - Medium,Closed,24,16.8,4.0,Email,Finance,AGT-01
TKT-03839,2026-06-09 10:02:39,2026-06-09 13:44:39,Network,P3 - Medium,Resolved,24,3.7,4.0,Email,HR,AGT-04
TKT-03910,2026-06-18 11:55:31,2026-06-18 19:19:31,Hardware,P4 - Low,Resolved,48,7.4,,Portal,Finance,AGT-09
TKT-02708,2025-10-30 11:36:57,2025-10-30 23:36:57,NETWORK,P3 - Medium,Closed,24,12.0,,Phone,Operations,AGT-04
TKT-01515,2026-07-17 17:51:35,2026-07-18 00:03:35,Network,P3 - Medium,Resolved,24,6.2,5.0,Email,Customer Support,AGT-04
TKT-04166,2025-11-06 11:52:27,2025-11-06 15:10:27,Hardware,P2 - High,Resolved,8,3.3,4.0,Phone,HR,AGT-10
TKT-02169,2025-12-08 12:48:32,2025-12-09 08:12:32,Access & Accounts,P4 - Low,Closed,48,19.4,,Portal,Operations,AGT-01
TKT-01766,2025-08-28 14:25:02,,Email & Collaboration,P3 - Medium,In Progress,24,,,Portal,Operations,AGT-11
TKT-02035,2025-09-09 14:08:20,2025-09-09 19:56:20,Software,P3 - Medium,Closed,24,5.8,4.0,Portal,Sales,AGT-11
TKT-03277,2026-02-06 13:54:06,2026-02-07 17:06:06,SOFTWARE,P4 - Low,Closed,48,27.2,5.0,Phone,Operations,AGT-03
TKT-03947,2025-10-22 11:01:07,2025-10-22 20:43:07,Access & Accounts,P3 - Medium,Closed,24,9.7,4.0,Portal,Finance,AGT-02
TKT-02458,2025-09-10 11:27:18,2025-09-10 16:21:18,Hardware,P3 - Medium,Closed,24,4.9,4.0,Portal,Customer Support,AGT-10
TKT-02577,2026-05-01 09:09:20,2026-05-01 14:03:20,Security,P3 - Medium,Closed,24,4.9,4.0,Email,Sales,AGT-07
TKT-02465,2025-10-27 15:27:30,2025-10-27 17:15:30,Access & Accounts,P2 - High,Closed,8,1.8,5.0,Portal,Customer Support,AGT-02
TKT-03524,2025-12-29 13:44:22,2025-12-29 18:14:22,Network,P3 - Medium,Closed,24,4.5,,Portal,Sales,AGT-12
TKT-04128,2026-02-05 14:04:00,2026-02-05 15:16:00,Software,P2 - High,Resolved,8,1.2,5.0,Portal,Customer Support,AGT-11
TKT-01210,2026-01-13 12:12:05,,Network,P2 - High,In Progress,8,,,Email,R&D,AGT-05
TKT-02102,2025-09-22 12:18:21,2025-09-22 15:42:21,Access & Accounts,P2 - High,Resolved,8,3.4,,Email,Finance,AGT-11
TKT-01130,2026-08-25 14:21:03,2026-08-25 15:27:03,Software,P1 - Critical,Closed,4,1.1,4.0,Portal,Sales,AGT-01
TKT-03766,2026-06-07 11:34:33,2026-06-08 10:28:33,Hardware,P4 - Low,Resolved,48,22.9,,Portal,Finance,AGT-09
TKT-03016,2026-05-06 12:25:15,2026-05-08 23:19:15,Hardware,P3 - Medium,Resolved,24,58.9,1.0,Portal,Customer Support,AGT-10
TKT-03993,2025-09-02 12:19:41,2025-09-02 21:49:41,Hardware,P4 - Low,Resolved,48,9.5,4.0,Portal,Sales,AGT-09
TKT-02670,2026-01-30 11:16:42,2026-01-30 17:52:42,ACCESS & ACCOUNTS,P3 - Medium,Resolved,24,6.6,4.0,Email,IT,AGT-11
TKT-02516,2026-06-25 13:18:45,2026-06-25 20:54:45,Software,P3 - Medium,Resolved,24,7.6,5.0,Phone,Finance,AGT-03
TKT-04284,2025-09-22 12:06:08,2025-09-22 15:06:08,SOFTWARE,P2 - High,Closed,8,3.0,5.0,Portal,Operations,AGT-03
TKT-02006,2026-07-14 12:50:41,2026-07-14 20:02:41,Network,P3 - Medium,Resolved,24,7.2,5.0,Email,Finance,AGT-04
TKT-01653,2025-11-10 15:49:07,2025-11-10 18:01:07,Security,P2 - High,Closed,8,2.2,,Portal,Customer Support,AGT-07
TKT-00101,2026-07-23 11:41:10,2026-07-23 14:35:10,Access & Accounts,P2 - High,Resolved,8,2.9,4.0,Portal,Sales,AGT-02
TKT-02856,2026-08-04 15:51:26,2026-08-06 23:39:26,SOFTWARE,P3 - Medium,Resolved,24,55.8,,,Sales,AGT-03
TKT-02017,2025-11-19 12:05:53,2025-11-19 15:29:53,access & accounts,P2 - High,Resolved,8,3.4,5.0,Email,Customer Support,AGT-02
TKT-01718,2026-03-26 15:39:47,2026-03-28 17:27:47,software,P3 - Medium,Resolved,24,49.8,1.0,Email,Finance,AGT-02
TKT-04673,2025-08-14 12:54:23,2025-08-15 02:12:23,Email & Collaboration,P3 - Medium,Closed,24,13.3,4.0,Phone,Customer Support,AGT-11
TKT-01579,2026-08-26 16:37:12,2026-08-27 00:13:12,Software,P3 - Medium,Closed,24,7.6,5.0,Chat,R&D,AGT-11
TKT-00953,2025-11-05 12:38:49,2025-11-08 23:32:49,Hardware,P4 - Low,Resolved,48,82.9,2.0,Portal,R&D,AGT-09
TKT-03951,2026-01-15 11:00:43,2026-01-15 12:48:43,Email & Collaboration,P1 - Critical,Resolved,4,1.8,5.0,Email,Operations,AGT-03
TKT-03758,2025-11-18 13:29:44,2025-11-19 05:35:44,Software,P2 - High,Resolved,8,16.1,,Portal,Finance,AGT-01
TKT-00735,2025-08-25 17:46:51,2025-08-26 02:58:51,Security,P3 - Medium,Closed,24,9.2,5.0,Email,IT,AGT-07
TKT-02417,2025-11-02 14:57:42,2025-11-03 00:45:42,Network,P4 - Low,Resolved,48,9.8,5.0,Email,Sales,AGT-06
TKT-03640,2026-02-26 13:53:39,2026-02-27 04:53:39,Email & Collaboration,P4 - Low,Resolved,48,15.0,5.0,Email,Finance,AGT-01
TKT-02139,2026-05-28 16:10:02,2026-05-29 10:58:02,Hardware,P4 - Low,Resolved,48,18.8,5.0,Portal,Finance,AGT-09
TKT-01488,2026-02-02 15:40:53,2026-02-02 23:28:53,Email & Collaboration,P3 - Medium,Closed,24,7.8,4.0,Email,Operations,AGT-11
TKT-04758,2026-08-24 13:07:36,2026-08-24 21:25:36,Software,P3 - Medium,Closed,24,8.3,5.0,Email,Finance,AGT-02
TKT-02306,2025-12-05 17:14:41,2025-12-05 20:56:41,email & collaboration,P3 - Medium,Closed,24,3.7,5.0,Portal,Operations,AGT-02
TKT-03399,2026-04-29 13:06:20,2026-05-01 15:06:20,Email & Collaboration,P3 - Medium,Closed,24,50.0,2.0,Email,Operations,AGT-02
TKT-00469,2025-09-29 11:34:23,2025-09-29 22:22:23,Network,P4 - Low,Closed,48,10.8,4.0,Email,HR,AGT-04
TKT-04243,2026-02-04 12:36:52,2026-02-04 19:30:52,Access & Accounts,P3 - Medium,Resolved,24,6.9,,Phone,Finance,AGT-03
TKT-03354,2025-12-08 13:35:04,2025-12-08 18:05:04,Software,P1 - Critical,Closed,4,4.5,2.0,Portal,R&D,AGT-02
TKT-04325,2025-10-20 10:59:27,2025-10-20 17:29:27,Email & Collaboration,P3 - Medium,Resolved,24,6.5,4.0,Portal,Customer Support,AGT-01
TKT-04711,2026-06-08 16:43:33,,Software,P4 - Low,In Progress,48,,,Portal,Operations,AGT-02
TKT-03668,2025-09-20 10:15:29,2025-09-24 19:21:29,Security,P4 - Low,Resolved,48,105.1,2.0,Portal,Operations,AGT-07
TKT-03481,2026-01-21 13:23:10,2026-01-21 18:23:10,Access & Accounts,P2 - High,Closed,8,5.0,,Phone,IT,AGT-11
TKT-04448,2026-02-09 10:17:45,2026-02-09 23:47:45, Software ,P4 - Low,Closed,48,13.5,,Phone,Customer Support,AGT-11
TKT-03608,2025-11-05 13:09:04,2025-11-05 20:57:04,Access & Accounts,P3 - Medium,Closed,24,7.8,5.0,Portal,R&D,AGT-11
TKT-04474,2025-08-18 15:42:01,,Network,P3 - Medium,In Progress,24,,,Portal,R&D,AGT-04
TKT-01894,2025-08-08 14:04:39,2025-08-08 15:22:39,Network,P1 - Critical,Closed,4,1.3,4.0,Phone,Operations,AGT-06
TKT-01722,2025-10-27 11:27:24,2025-10-28 13:15:24,Access & Accounts,P3 - Medium,Closed,24,25.8,3.0,Phone,Finance,AGT-03
TKT-04083,2026-05-14 11:05:37,2026-05-14 13:53:37,Access & Accounts,P3 - Medium,Closed,24,2.8,5.0,Email,Finance,AGT-03
TKT-03750,2025-10-18 11:34:13,2025-10-20 07:16:13,Software,P3 - Medium,Resolved,24,43.7,2.0,Portal,HR,AGT-01
TKT-01695,2026-04-23 12:35:33,2026-04-23 22:47:33,Security,P3 - Medium,Resolved,24,10.2,5.0,Chat,R&D,AGT-08
TKT-01213,2026-03-09 15:29:11,2026-03-09 23:05:11,Network,P3 - Medium,Resolved,24,7.6,,Portal,R&D,AGT-04
TKT-04601,2026-04-02 13:37:54,2026-04-03 03:19:54,Software,P3 - Medium,Closed,24,13.7,5.0,Email,Sales,AGT-03
TKT-00231,2025-09-25 14:37:06,2025-09-25 17:07:06,Access & Accounts,P2 - High,Resolved,8,2.5,5.0,Chat,Customer Support,AGT-01
TKT-00374,2025-12-02 11:56:57,2025-12-02 19:26:57,Software,P3 - Medium,Resolved,24,7.5,4.0,Chat,HR,AGT-02
TKT-01663,2026-06-04 16:45:12,2026-06-04 20:21:12,Network,P3 - Medium,Resolved,24,3.6,,Email,IT,AGT-12
TKT-02893,2026-03-31 18:30:52,2026-04-01 00:48:52,Email & Collaboration,P3 - Medium,Closed,24,6.3,3.0,Email,Sales,AGT-01
TKT-01205,2025-08-12 13:31:12,2025-08-16 07:07:12,Hardware,P4 - Low,Resolved,48,89.6,2.0,,R&D,AGT-10
TKT-02288,2026-05-27 09:05:33,2026-05-27 18:17:33,Access & Accounts,P1 - Critical,Closed,4,9.2,,Portal,Operations,AGT-02
TKT-01363,2026-04-01 16:57:23,2026-04-04 04:03:23,Email & Collaboration,P4 - Low,Closed,48,59.1,2.0,Email,IT,AGT-03
TKT-04885,2026-07-03 11:46:19,2026-07-04 02:04:19,Software,P4 - Low,Closed,48,14.3,4.0,Portal,Sales,AGT-02
TKT-01439,2026-08-03 14:02:46,2026-08-03 23:38:46,Hardware,P3 - Medium,Closed,24,9.6,,,Customer Support,AGT-10
TKT-04555,2025-11-07 12:09:41,2025-11-07 20:03:41,Network,P4 - Low,Resolved,48,7.9,3.0,Phone,Customer Support,AGT-05
TKT-03930,2026-07-23 15:11:34,2026-07-23 23:35:34,Software,P3 - Medium,Closed,24,8.4,4.0,Email,Finance,AGT-02
TKT-02907,2026-08-15 11:02:42,2026-08-15 23:56:42,access & accounts,P3 - Medium,Closed,24,12.9,5.0,Email,Customer Support,AGT-01
TKT-01910,2026-07-17 15:43:53,2026-07-17 18:07:53,Access & Accounts,P1 - Critical,Resolved,4,2.4,4.0,Email,Customer Support,AGT-01
TKT-03440,2026-03-23 09:42:37,2026-03-23 16:30:37,Network,P3 - Medium,Closed,24,6.8,5.0,Chat,Sales,AGT-06
TKT-03063,2025-11-05 17:29:18,2025-11-06 11:47:18,Security,P4 - Low,Closed,48,18.3,4.0,Email,Finance,AGT-07
TKT-02275,2026-07-08 13:30:08,2026-07-08 17:24:08,Network,P3 - Medium,Closed,24,3.9,4.0,Portal,R&D,AGT-05
TKT-03241,2026-07-20 14:28:37,2026-07-20 23:10:37,Software,P4 - Low,Closed,48,8.7,5.0,Portal,HR,AGT-03
TKT-03892,2026-04-17 13:30:30,2026-04-17 14:30:30,Hardware,P2 - High,Resolved,8,1.0,4.0,Email,Operations,AGT-09
TKT-02933,2026-03-10 13:42:16,2026-03-10 18:30:16,Network,P3 - Medium,Resolved,24,4.8,5.0,Email,HR,AGT-04
TKT-00671,2025-09-24 16:59:54,2025-09-24 22:23:54,Security,P3 - Medium,Resolved,24,5.4,4.0,Chat,Finance,AGT-08
TKT-04411,2025-12-24 18:02:54,2025-12-25 01:32:54,Security,P3 - Medium,Resolved,24,7.5,5.0,Email,Finance,AGT-08
TKT-03784,2025-10-29 12:46:21,2025-10-30 18:28:21,Network,P4 - Low,Closed,48,29.7,5.0,Portal,Sales,AGT-05
TKT-02155,2026-03-25 12:55:38,2026-03-26 07:25:38,Email & Collaboration,P3 - Medium,Closed,24,18.5,5.0,,Sales,AGT-11
TKT-00765,2026-07-28 13:13:05,2026-07-28 15:07:05,Software,P2 - High,Closed,8,1.9,,Portal,R&D,AGT-01
TKT-02723,2025-12-18 13:41:02,2025-12-18 19:59:02,ACCESS & ACCOUNTS,P2 - High,Closed,8,6.3,4.0,Portal,Finance,AGT-03
TKT-00590,2025-08-11 12:59:25,2025-08-11 14:05:25,Access & Accounts,P1 - Critical,Resolved,4,1.1,5.0,Portal,HR,AGT-01
TKT-00562,2025-11-05 14:10:20,2025-11-06 14:28:20,Email & Collaboration,P4 - Low,Closed,48,24.3,,Portal,IT,AGT-03
TKT-01198,2026-04-15 16:57:53,2026-04-18 19:51:53,Software,P4 - Low,Closed,48,74.9,1.0,Phone,IT,AGT-02
TKT-03835,2025-11-23 12:20:53,2025-11-25 08:32:53,Network,P3 - Medium,Closed,24,44.2,,Email,Customer Support,AGT-05
TKT-01920,2026-08-10 10:34:41,2026-08-10 22:10:41,Network,P4 - Low,Resolved,48,11.6,3.0,Portal,Customer Support,AGT-06
TKT-00150,2025-08-09 11:50:05,2025-08-09 19:14:05,Email & Collaboration,P4 - Low,Closed,48,7.4,5.0,Portal,IT,AGT-02
TKT-04976,2026-01-09 15:33:42,2026-01-10 09:39:42,Software,P4 - Low,Resolved,48,18.1,4.0,Portal,Finance,AGT-02
TKT-03760,2025-10-05 10:13:12,2025-10-06 13:31:12,Network,P4 - Low,Resolved,48,27.3,4.0,Chat,Operations,AGT-04
TKT-02343,2026-05-13 10:54:00,2026-05-14 05:00:00,Network,P2 - High,Resolved,8,18.1,2.0,Email,Sales,AGT-04
TKT-02843,2026-01-20 14:33:31,2026-01-21 09:39:31,Access & Accounts,P3 - Medium,Resolved,24,19.1,4.0,Portal,Operations,AGT-02
TKT-02226,2025-11-08 17:19:15,2025-11-09 01:31:15,Software,P3 - Medium,Closed,24,8.2,5.0,Email,Finance,AGT-02
TKT-03685,2025-10-13 13:30:14,2025-10-13 16:30:14,Email & Collaboration,P3 - Medium,Resolved,24,3.0,4.0,Email,Operations,AGT-02
TKT-00013,2026-04-10 14:19:36,2026-04-11 01:19:36,Security,P3 - Medium,Closed,24,11.0,5.0,Portal,Customer Support,AGT-07
TKT-04032,2025-12-18 13:32:57,2025-12-19 01:38:57,Access & Accounts,P3 - Medium,Closed,24,12.1,,Email,Sales,AGT-11
TKT-04985,2025-11-29 15:24:57,2025-12-01 04:42:57,Access & Accounts,P4 - Low,Closed,48,37.3,3.0,Chat,Operations,AGT-03
TKT-01539,2026-06-17 08:48:14,2026-06-17 11:48:14,Software,P2 - High,Closed,8,3.0,3.0,Email,Operations,AGT-01
TKT-01621,2025-10-22 09:01:57,2025-10-27 02:43:57,Access & Accounts,P4 - Low,Closed,48,113.7,2.0,Email,Sales,AGT-02
TKT-03752,2026-02-18 11:24:53,2026-02-18 13:54:53,Security,P2 - High,Resolved,8,2.5,4.0,Email,R&D,AGT-08
TKT-00813,2026-08-25 08:12:54,2026-08-25 10:06:54,Software,P2 - High,Closed,8,1.9,5.0,Portal,Operations,AGT-11
TKT-02534,2025-08-07 12:16:57,2025-08-07 13:16:57,Network,P1 - Critical,Closed,4,1.0,,Email,Finance,AGT-05
TKT-00912,2026-07-10 13:27:02,2026-07-14 23:15:02,Access & Accounts,P4 - Low,Resolved,48,105.8,,Phone,Operations,AGT-01
TKT-00643,2025-08-20 15:11:33,2025-08-21 22:35:33,Software,P3 - Medium,Closed,24,31.4,3.0,,Finance,AGT-02
TKT-03667,2025-10-23 14:09:18,2025-10-23 21:09:18,Software,P3 - Medium,Closed,24,7.0,5.0,Email,Sales,AGT-02
TKT-04546,2025-11-17 13:17:34,2025-11-17 21:47:34,Security,P3 - Medium,Closed,24,8.5,,Portal,Operations,AGT-08
TKT-00394,2026-04-27 16:58:48,2026-04-27 21:34:48,Hardware,P3 - Medium,Closed,24,4.6,5.0,Chat,Sales,AGT-10
TKT-04155,2026-03-17 10:33:19,2026-03-17 19:21:19,Email & Collaboration,P3 - Medium,Closed,24,8.8,4.0,Chat,Operations,AGT-02
TKT-04099,2026-04-28 16:28:50,2026-05-02 04:40:50,Network,P4 - Low,Resolved,48,84.2,1.0,,Customer Support,AGT-06
TKT-04973,2025-12-03 15:05:26,2025-12-03 23:47:26,Email & Collaboration,P4 - Low,Closed,48,8.7,4.0,Phone,HR,AGT-11
TKT-03419,2025-08-23 13:53:55,2025-08-23 21:11:55,Access & Accounts,P3 - Medium,Resolved,24,7.3,5.0,Email,Operations,AGT-11
TKT-01222,2025-10-23 14:44:09,2025-10-23 17:44:09,Hardware,P3 - Medium,Resolved,24,3.0,4.0,Portal,Finance,AGT-09
TKT-04281,2025-08-04 08:38:04,2025-08-04 18:32:04,Software,P3 - Medium,Resolved,24,9.9,4.0,Chat,Finance,AGT-01
TKT-01188,2026-08-25 13:39:08,2026-08-26 02:21:08,Access & Accounts,P4 - Low,Closed,48,12.7,,Portal,Finance,AGT-11
TKT-02623,2025-10-29 11:33:47,2025-10-29 14:21:47,Security,P2 - High,Resolved,8,2.8,4.0,,Operations,AGT-08
TKT-01438,2026-02-19 13:57:07,2026-02-19 15:27:07,Email & Collaboration,P2 - High,Closed,8,1.5,4.0,Email,Operations,AGT-11
TKT-03636,2025-08-26 16:29:10,2025-08-27 05:23:10,Access & Accounts,P4 - Low,Closed,48,12.9,5.0,Portal,Customer Support,AGT-02
TKT-03348,2026-03-20 11:31:50,2026-03-21 01:19:50,Access & Accounts,P4 - Low,Resolved,48,13.8,,Portal,Sales,AGT-01
TKT-04317,2026-08-03 17:51:05,2026-08-04 18:21:05,Hardware,P4 - Low,Resolved,48,24.5,3.0,Chat,R&D,AGT-09
TKT-03972,2025-09-26 13:04:49,2025-09-28 12:52:49,Network,P3 - Medium,Resolved,24,47.8,3.0,Phone,Customer Support,AGT-06
TKT-02803,2025-08-25 12:40:07,2025-08-25 19:40:07,Software,P3 - Medium,Resolved,24,7.0,,Email,Sales,AGT-01
TKT-04036,2026-01-01 14:53:08,2026-01-01 19:53:08,Access & Accounts,P3 - Medium,Closed,24,5.0,5.0,Chat,Sales,AGT-11
TKT-00492,2026-04-13 15:36:20,2026-04-13 21:30:20,Network,P3 - Medium,Resolved,24,5.9,5.0,Portal,Operations,AGT-05
TKT-03429,2026-07-29 11:24:32,2026-07-29 22:54:32,Hardware,P3 - Medium,Closed,24,11.5,4.0,Portal,R&D,AGT-09
TKT-01434,2025-10-02 08:54:11,2025-10-02 15:00:11,Email & Collaboration,P3 - Medium,Closed,24,6.1,5.0,Email,Customer Support,AGT-11
TKT-00788,2025-12-04 12:13:37,2025-12-06 22:07:37,Software,P3 - Medium,Closed,24,57.9,2.0,Portal,Finance,AGT-01
TKT-00133,2026-03-17 12:15:02,2026-03-18 07:51:02,ACCESS & ACCOUNTS,P4 - Low,Resolved,48,19.6,5.0,Email,IT,AGT-02
TKT-03742,2025-10-14 10:45:48,2025-10-14 22:03:48,Network,P4 - Low,Closed,48,11.3,4.0,Email,Finance,AGT-04
TKT-03703,2026-03-13 17:52:43,2026-03-13 21:10:43,Email & Collaboration,P3 - Medium,Resolved,24,3.3,,Phone,Sales,AGT-02
TKT-03771,2026-08-05 11:10:33,2026-08-05 12:46:33,Hardware,P2 - High,Resolved,8,1.6,3.0,Portal,Sales,AGT-10
TKT-02649,2026-04-18 14:51:25,2026-04-19 00:51:25,software,P3 - Medium,Closed,24,10.0,5.0,Phone,Customer Support,AGT-02
TKT-01352,2026-06-25 13:55:38,2026-06-26 00:43:38,Hardware,P3 - Medium,Closed,24,10.8,4.0,Portal,IT,AGT-10
TKT-04730,2026-01-08 13:19:21,2026-01-08 23:19:21,Access & Accounts,P3 - Medium,Resolved,24,10.0,5.0,Email,IT,AGT-11
TKT-02733,2026-03-06 11:30:51,2026-03-06 14:42:51,access & accounts,P2 - High,Closed,8,3.2,4.0,Phone,Sales,AGT-01
TKT-00288,2025-12-25 11:00:07,2025-12-29 01:00:07,Network,P4 - Low,Resolved,48,86.0,,Portal,R&D,AGT-06
TKT-00806,2025-09-26 14:24:15,2025-10-01 12:48:15,Security,P4 - Low,Resolved,48,118.4,2.0,Portal,IT,AGT-07
TKT-03439,2025-08-04 15:10:02,2025-08-04 19:28:02,Network,P3 - Medium,Resolved,24,4.3,5.0,Portal,Customer Support,AGT-05
TKT-01426,2026-01-01 13:40:50,2026-01-01 16:40:50,Network,P3 - Medium,Closed,24,3.0,5.0,Email,Operations,AGT-05
TKT-04246,2025-11-12 11:10:46,2025-11-12 22:34:46,Network,P3 - Medium,Closed,24,11.4,5.0,Email,Finance,AGT-05
TKT-02857,2026-04-17 13:49:10,2026-04-18 08:49:10,Access & Accounts,P2 - High,Closed,8,19.0,,Portal,Operations,AGT-02
TKT-04261,2026-08-12 13:51:50,2026-08-13 09:51:50,Hardware,P4 - Low,Closed,48,20.0,4.0,Chat,Finance,AGT-09
TKT-02949,2026-08-12 11:18:45,,Network,P3 - Medium,In Progress,24,,,Portal,Operations,AGT-04
TKT-04468,2026-04-16 15:26:24,2026-04-17 04:08:24,Email & Collaboration,P4 - Low,Closed,48,12.7,4.0,Chat,Operations,AGT-11
TKT-04936,2025-09-30 13:34:56,2025-09-30 22:58:56,Email & Collaboration,P3 - Medium,Resolved,24,9.4,3.0,Portal,Operations,AGT-11
TKT-03378,2026-07-27 14:45:40,2026-07-28 02:51:40,software,P3 - Medium,Closed,24,12.1,,Portal,IT,AGT-03
TKT-02860,2026-01-28 08:23:33,2026-01-28 15:35:33,Access & Accounts,P3 - Medium,Closed,24,7.2,4.0,Chat,HR,AGT-02
TKT-03537,2025-10-29 12:50:02,2025-10-29 13:20:02,Software,P1 - Critical,Resolved,4,0.5,3.0,Phone,HR,AGT-01
TKT-00466,2026-05-02 18:38:14,, Network ,P4 - Low,In Progress,48,,,Portal,IT,AGT-04
TKT-00682,2025-10-20 13:25:07,2025-10-21 00:49:07,Software,P4 - Low,Resolved,48,11.4,4.0,Email,Finance,AGT-03
TKT-01936,2025-09-10 13:09:52,2025-09-10 20:45:52,Hardware,P4 - Low,Closed,48,7.6,5.0,Portal,Operations,AGT-10
TKT-01671,2025-11-28 10:12:33,2025-11-29 06:06:33,Email & Collaboration,P3 - Medium,Resolved,24,19.9,5.0,Portal,Operations,AGT-01
TKT-00932,2025-12-24 10:05:19,2025-12-27 01:47:19,Hardware,P4 - Low,Closed,48,63.7,4.0,Phone,Finance,AGT-10
TKT-01727,2025-12-16 10:16:58,2025-12-16 21:34:58,Email & Collaboration,P4 - Low,Closed,48,11.3,5.0,Email,Operations,AGT-03
TKT-00531,2026-04-28 14:52:24,2026-04-30 17:40:24,Email & Collaboration,P3 - Medium,Closed,24,50.8,3.0,Chat,IT,AGT-11
TKT-01136,2025-12-04 16:35:55,2025-12-04 21:59:55,Access & Accounts,P3 - Medium,Resolved,24,5.4,,Email,IT,AGT-01
TKT-00643,2025-08-20 15:11:33,2025-08-21 22:35:33,Software,P3 - Medium,Closed,24,31.4,3.0,,Finance,AGT-02
TKT-01169,2026-06-18 14:58:29,2026-06-19 07:22:29, Software ,P4 - Low,Closed,48,16.4,4.0,Portal,Customer Support,AGT-11
TKT-00423,2025-08-04 12:06:53,2025-08-05 06:06:53,Hardware,P4 - Low,Closed,48,18.0,4.0,Portal,Sales,AGT-09
TKT-02078,2025-10-13 12:02:54,2025-10-13 19:38:54,Access & Accounts,P3 - Medium,Resolved,24,7.6,5.0,Email,Operations,AGT-11
TKT-03821,2026-05-29 13:34:30,2026-05-29 21:46:30,Software,P3 - Medium,Resolved,24,8.2,,Portal,Sales,AGT-03
TKT-02819,2026-01-19 17:04:53,2026-01-20 19:22:53,Software,P4 - Low,Closed,48,26.3,5.0,Email,Sales,AGT-03
TKT-01895,2025-12-03 11:51:49,2025-12-04 02:39:49,Network,P4 - Low,Closed,48,14.8,5.0,Email,Customer Support,AGT-05
TKT-03520,2026-05-28 14:58:34,2026-05-28 20:22:34,Software,P3 - Medium,Closed,24,5.4,5.0,,HR,AGT-01
TKT-01850,2026-05-26 10:13:06,2026-05-26 16:31:06,Software,P3 - Medium,Closed,24,6.3,,Portal,Sales,AGT-11
TKT-04096,2025-12-05 11:14:58,2025-12-05 18:56:58,Hardware,P4 - Low,Resolved,48,7.7,5.0,Email,HR,AGT-10
TKT-00585,2026-07-27 12:00:41,,Security,P3 - Medium,In Progress,24,,,Chat,Operations,AGT-07
TKT-00658,2025-11-26 14:00:30,2025-11-26 22:24:30,ACCESS & ACCOUNTS,P3 - Medium,Closed,24,8.4,4.0,Email,Sales,AGT-03
TKT-01236,2025-09-09 10:59:48,2025-09-10 01:11:48,NetWork,P3 - Medium,Resolved,24,14.2,3.0,Phone,Sales,AGT-05
TKT-00732,2025-08-21 14:42:15,2025-08-23 22:54:15,Hardware,P3 - Medium,Closed,24,56.2,,Phone,R&D,AGT-09
TKT-01946,2026-07-30 15:04:42,2026-07-31 07:16:42,SECURITY,P4 - Low,Resolved,48,16.2,4.0,Phone,Customer Support,AGT-08
TKT-03627,2026-07-14 15:56:01,2026-07-14 17:02:01,Software,P1 - Critical,Closed,4,1.1,5.0,Portal,Sales,AGT-01
TKT-01058,2025-10-20 15:35:53,2025-10-20 22:17:53,Access & Accounts,P3 - Medium,Closed,24,6.7,,Chat,HR,AGT-02
TKT-04244,2026-02-17 12:56:08,2026-02-17 15:50:08,Access & Accounts,P2 - High,Resolved,8,2.9,4.0,Portal,Finance,AGT-03
TKT-02175,2025-12-17 14:44:01,2025-12-17 15:56:01,Software,P1 - Critical,Resolved,4,1.2,5.0,Email,Finance,AGT-01
TKT-04981,2026-07-23 11:25:08,,Network,P3 - Medium,In Progress,24,,,Phone,Sales,AGT-06
TKT-03586,2026-06-11 13:46:50,2026-06-12 01:58:50,Software,P3 - Medium,Resolved,24,12.2,,Email,Sales,AGT-11
TKT-02418,2026-02-24 16:24:00,2026-02-24 19:00:00,Access & Accounts,P2 - High,Closed,8,2.6,,Portal,Sales,AGT-02
TKT-00473,2025-09-17 09:28:15,2025-09-17 13:10:15,Access & Accounts,P3 - Medium,Resolved,24,3.7,4.0,Portal,HR,AGT-01
TKT-02043,2026-04-06 08:00:05,2026-04-06 18:06:05,Network,P3 - Medium,Closed,24,10.1,4.0,Portal,Sales,AGT-04
TKT-00487,2026-02-03 13:28:59,2026-02-04 07:58:59,Network,P4 - Low,Resolved,48,18.5,4.0,Phone,R&D,AGT-12
TKT-04538,2026-07-07 12:05:23,2026-07-08 00:53:23,Software,P3 - Medium,Closed,24,12.8,,Chat,Finance,AGT-01
TKT-00908,2025-09-13 13:23:11,2025-09-16 21:53:11,Network,P4 - Low,Closed,48,80.5,2.0,Email,HR,AGT-05
TKT-04450,2025-08-08 12:28:33,2025-08-09 01:16:33,Email & Collaboration,P4 - Low,Resolved,48,12.8,4.0,Email,R&D,AGT-01
TKT-02073,2025-11-19 09:59:43,2025-11-20 01:23:43,Network,P3 - Medium,Resolved,24,15.4,4.0,Chat,R&D,AGT-05
TKT-00291,2026-06-24 14:32:23,2026-06-25 03:14:23,Access & Accounts,P4 - Low,Closed,48,12.7,3.0,Email,Operations,AGT-01
TKT-04011,2025-11-12 16:44:26,,Network,P4 - Low,In Progress,48,,,Email,R&D,AGT-04
TKT-04750,2025-09-13 12:03:54,2025-09-13 18:45:54,Access & Accounts,P1 - Critical,Resolved,4,6.7,3.0,Email,Customer Support,AGT-02
TKT-00253,2026-01-26 16:31:21,2026-01-26 23:25:21, Security ,P3 - Medium,Closed,24,6.9,4.0,Email,Customer Support,AGT-08
TKT-04363,2026-04-16 16:12:59,2026-04-21 06:54:59,Hardware,P4 - Low,Closed,48,110.7,2.0,Portal,Sales,AGT-10
TKT-03304,2026-08-27 14:04:23,,Hardware,P2 - High,In Progress,8,,,Chat,Finance,AGT-09
TKT-00351,2026-03-31 15:02:05,2026-04-01 02:20:05,Network,P4 - Low,Resolved,48,11.3,4.0,Email,HR,AGT-12
TKT-02243,2025-12-24 15:58:15,2025-12-24 17:22:15,Network,P2 - High,Closed,8,1.4,,Portal,Sales,AGT-06
TKT-02030,2026-03-22 09:26:50,2026-03-24 06:56:50,Security,P3 - Medium,Resolved,24,45.5,2.0,,Operations,AGT-07
TKT-02276,2025-08-15 16:14:06,2025-08-15 23:32:06,Access & Accounts,P4 - Low,Resolved,48,7.3,,Portal,HR,AGT-03
TKT-01345,2026-08-21 12:24:22,,ACCESS & ACCOUNTS,P4 - Low,In Progress,48,,,Email,Operations,AGT-11
TKT-00091,2025-09-30 14:33:23,2025-10-01 10:21:23,Software,P4 - Low,Resolved,48,19.8,5.0,Portal,Operations,AGT-11
TKT-01615,2026-06-24 17:26:39,2026-06-27 02:20:39,Software,P3 - Medium,Closed,24,56.9,3.0,Email,Sales,AGT-01
TKT-04371,2025-11-20 13:38:35,2025-11-20 15:14:35,Hardware,P2 - High,Resolved,8,1.6,5.0,Portal,Operations,AGT-09
TKT-01414,2026-08-06 15:26:08,2026-08-06 21:08:08,Email & Collaboration,P3 - Medium,Closed,24,5.7,4.0,Email,Customer Support,AGT-03
TKT-03095,2026-01-30 11:34:21,2026-01-30 22:46:21,Software,P2 - High,Resolved,8,11.2,2.0,Email,Sales,AGT-02
TKT-00027,2026-01-30 13:46:07,2026-01-31 19:58:07,Software,P3 - Medium,Closed,24,30.2,,Portal,Customer Support,AGT-02
TKT-01816,2026-03-03 13:19:31,2026-03-04 07:49:31,Access & Accounts,P4 - Low,Resolved,48,18.5,,Email,HR,AGT-03
TKT-02571,2025-08-07 08:22:49,2025-08-07 14:10:49,Hardware,P3 - Medium,Closed,24,5.8,5.0,Phone,R&D,AGT-09
TKT-04796,2025-10-10 17:26:58,2025-10-11 21:20:58,Network,P3 - Medium,Closed,24,27.9,2.0,Phone,Customer Support,AGT-05
TKT-01659,2026-01-05 16:05:52,2026-01-05 20:47:52,Access & Accounts,P3 - Medium,Resolved,24,4.7,,Email,Customer Support,AGT-03
TKT-04734,2025-11-02 10:38:12,2025-11-04 09:02:12,Email & Collaboration,P3 - Medium,Resolved,24,46.4,3.0,Phone,Customer Support,AGT-11
TKT-00808,2025-10-08 18:43:07,2025-10-09 05:49:07,Network,P4 - Low,Closed,48,11.1,4.0,Portal,Sales,AGT-06
TKT-01593,2026-08-07 12:06:55,2026-08-07 13:36:55,Software,P1 - Critical,Closed,4,1.5,5.0,Email,Customer Support,AGT-01
TKT-03651,2025-11-26 10:37:27,2025-11-26 12:25:27,Access & Accounts,P1 - Critical,Resolved,4,1.8,,Portal,Customer Support,AGT-02
TKT-04886,2026-06-29 11:55:42,2026-06-29 19:49:42,Network,P2 - High,Closed,8,7.9,5.0,Portal,Customer Support,AGT-06
TKT-02527,2026-07-24 14:48:24,2026-07-25 01:30:24,Email & Collaboration,P4 - Low,Resolved,48,10.7,4.0,Email,Operations,AGT-03
TKT-01744,2026-08-12 17:46:03,2026-08-13 20:46:03,Hardware,P4 - Low,Closed,48,27.0,,Portal,Operations,AGT-09
TKT-03717,2026-05-14 10:07:58,2026-05-14 12:07:58,Hardware,P2 - High,Closed,8,2.0,,Chat,HR,AGT-09
TKT-02358,2026-02-13 08:39:29,2026-02-13 16:51:29,Hardware,P3 - Medium,Resolved,24,8.2,4.0,Phone,R&D,AGT-09
TKT-00255,2025-11-02 15:09:35,2025-11-02 15:51:35,Network,P1 - Critical,Resolved,4,0.7,5.0,Email,IT,AGT-04
TKT-03160,2025-12-02 14:48:14,,Software,P3 - Medium,In Progress,24,,,Email,HR,AGT-11
TKT-03356,2025-12-18 13:54:03,2025-12-18 15:24:03,network,P1 - Critical,Closed,4,1.5,5.0,Chat,Sales,AGT-05
TKT-00811,2025-08-03 15:20:16,2025-08-03 22:38:16,Access & Accounts,P3 - Medium,Closed,24,7.3,5.0,Portal,Finance,AGT-03
TKT-04398,2026-05-25 11:35:38,2026-05-25 12:23:38,Network,P1 - Critical,Closed,4,0.8,5.0,Email,Customer Support,AGT-12
TKT-02553,2026-04-10 14:05:17,2026-04-10 18:41:17,Software,P3 - Medium,Closed,24,4.6,4.0,Phone,Operations,AGT-11
TKT-04006,2025-10-13 12:57:36,2025-10-14 01:51:36,Access & Accounts,P3 - Medium,Closed,24,12.9,4.0,Portal,Customer Support,AGT-02
TKT-02811,2025-08-19 12:41:26,2025-08-19 22:47:26,Security,P4 - Low,Closed,48,10.1,5.0,Email,Operations,AGT-07
TKT-02122,2025-08-14 09:45:15,2025-08-14 19:09:15,Software,P4 - Low,Closed,48,9.4,3.0,Email,R&D,AGT-01
TKT-02414,2026-02-27 16:25:29,2026-02-28 02:37:29,Network,P4 - Low,Resolved,48,10.2,5.0,Portal,Sales,AGT-12
TKT-04685,2026-08-27 17:39:54,2026-08-29 12:51:54,Software,P3 - Medium,Closed,24,43.2,2.0,Portal,Sales,AGT-11
TKT-00316,2025-12-08 12:43:10,2025-12-09 02:43:10,Hardware,P3 - Medium,Closed,24,14.0,4.0,Chat,Sales,AGT-10
TKT-04898,2026-02-16 12:39:38,2026-02-20 00:45:38,Hardware,P4 - Low,Closed,48,84.1,2.0,Phone,R&D,AGT-10
TKT-02493,2025-08-21 13:45:57,2025-08-21 23:39:57,Access & Accounts,P4 - Low,Closed,48,9.9,4.0,Portal,Sales,AGT-01
TKT-01633,2026-04-09 14:34:57,2026-04-13 17:28:57,Network,P4 - Low,Closed,48,98.9,3.0,Email,Customer Support,AGT-04
TKT-00554,2026-07-22 18:00:07,2026-07-22 23:30:07,Access & Accounts,P3 - Medium,Closed,24,5.5,5.0,Phone,Finance,AGT-01
TKT-01879,2026-03-04 11:29:09,2026-03-05 23:47:09,Software,P4 - Low,Closed,48,36.3,5.0,Portal,Sales,AGT-01
TKT-03173,2026-05-06 14:49:30,2026-05-07 19:01:30,email & collaboration,P4 - Low,Resolved,48,28.2,5.0,Email,Operations,AGT-02
TKT-00070,2026-01-20 11:20:50,2026-01-20 12:20:50,Software,P1 - Critical,Resolved,4,1.0,3.0,Phone,HR,AGT-01
TKT-04288,2025-10-24 13:52:49,2025-10-24 18:10:49,Hardware,P3 - Medium,Closed,24,4.3,5.0,Phone,Operations,AGT-10
TKT-02214,2026-02-06 10:14:26,2026-02-06 19:14:26,Email & Collaboration,P4 - Low,Resolved,48,9.0,,Email,R&D,AGT-11
TKT-03510,2025-11-18 13:56:13,2025-11-22 00:38:13,Email & Collaboration,P4 - Low,Closed,48,82.7,1.0,Portal,Finance,AGT-11
TKT-03998,2026-01-26 15:25:22,2026-01-26 23:43:22,Software,P4 - Low,Closed,48,8.3,5.0,Chat,Customer Support,AGT-02
TKT-01019,2025-08-17 10:48:44,2025-08-17 14:54:44,Access & Accounts,P3 - Medium,Closed,24,4.1,4.0,Portal,Sales,AGT-03
TKT-03162,2026-08-14 13:30:51,,Access & Accounts,P3 - Medium,In Progress,24,,,Phone,IT,AGT-03
TKT-00927,2025-10-02 14:27:24,2025-10-03 01:27:24,Security,P3 - Medium,Resolved,24,11.0,4.0,Portal,Operations,AGT-07
TKT-02659,2025-09-11 12:08:30,,Software,P3 - Medium,In Progress,24,,,Portal,Customer Support,AGT-03
TKT-04488,2025-09-15 10:51:49,2025-09-15 17:39:49,Access & Accounts,P3 - Medium,Closed,24,6.8,4.0,Portal,Customer Support,AGT-02
TKT-04014,2025-08-18 12:07:28,2025-08-18 15:49:28,Access & Accounts,P2 - High,Resolved,8,3.7,4.0,Email,R&D,AGT-02
TKT-04442,2025-12-02 12:41:21,2025-12-03 00:41:21,Network,P3 - Medium,Closed,24,12.0,,Chat,IT,AGT-05
TKT-01435,2025-10-21 13:41:41,2025-10-23 04:29:41,Network,P3 - Medium,Resolved,24,38.8,,,Customer Support,AGT-06
TKT-02466,2026-05-15 09:47:40,,Hardware,P4 - Low,In Progress,48,,,Portal,Sales,AGT-10
TKT-04353,2026-04-15 10:01:46,2026-04-16 03:25:46,Access & Accounts,P3 - Medium,Resolved,24,17.4,,,Operations,AGT-11
TKT-00388,2026-08-10 11:21:02,,Network,P1 - Critical,Open,4,,,Portal,Customer Support,AGT-04
TKT-00506,2026-06-10 15:58:42,,Access & Accounts,P4 - Low,In Progress,48,,,Email,Finance,AGT-03
TKT-02595,2025-11-25 11:32:13,2025-11-25 17:56:13,Email & Collaboration,P3 - Medium,Closed,24,6.4,4.0,Chat,Customer Support,AGT-03
TKT-04870,2026-04-07 12:33:47,2026-04-07 21:15:47,Hardware,P3 - Medium,Closed,24,8.7,4.0,Email,Customer Support,AGT-09
TKT-01989,2026-08-24 09:11:55,2026-08-26 08:41:55,Hardware,P3 - Medium,Resolved,24,47.5,1.0,Portal,Customer Support,AGT-09
TKT-01685,2025-09-16 12:18:07,2025-09-17 00:36:07,Software,P2 - High,Closed,8,12.3,2.0,Phone,IT,AGT-03
TKT-00970,2025-10-22 09:52:16,2025-10-22 20:40:16,Hardware,P2 - High,Resolved,8,10.8,,Phone,Customer Support,AGT-09
TKT-01393,2025-09-16 12:51:57,2025-09-16 13:57:57,Hardware,P2 - High,Closed,8,1.1,5.0,Phone,Customer Support,AGT-10
TKT-00411,2026-04-20 14:18:50,2026-04-20 17:12:50, Email & Collaboration ,P1 - Critical,Resolved,4,2.9,4.0,Portal,Sales,AGT-02
TKT-01021,2026-07-16 14:01:11,2026-07-17 12:25:11,Network,P3 - Medium,Closed,24,22.4,5.0,Portal,Operations,AGT-04
TKT-00110,2026-07-21 11:04:07,2026-07-21 11:28:07,Security,P1 - Critical,Resolved,4,0.4,,Chat,Sales,AGT-08
TKT-04280,2026-05-02 16:15:42,2026-05-02 21:27:42,Hardware,P3 - Medium,Closed,24,5.2,5.0,Portal,Sales,AGT-10
TKT-02830,2026-05-17 12:09:28,2026-05-17 13:03:28,Software,P1 - Critical,Closed,4,0.9,5.0,Email,Customer Support,AGT-01
TKT-03818,2025-11-19 10:34:39,2025-11-19 12:40:39,Network,P3 - Medium,Closed,24,2.1,4.0,Portal,Operations,AGT-05
TKT-04641,2025-10-19 12:11:10,2025-10-19 20:35:10,Software,P3 - Medium,Closed,24,8.4,5.0,Phone,IT,AGT-03
TKT-04704,2025-12-25 11:49:37,2025-12-27 10:49:37,Network,P4 - Low,Closed,48,47.0,4.0,Email,Operations,AGT-06
TKT-01804,2026-04-30 11:02:44,2026-04-30 12:26:44,Access & Accounts,P2 - High,Closed,8,1.4,4.0,Email,R&D,AGT-02
TKT-04319,2026-07-01 08:10:15,2026-07-01 14:16:15,Hardware,P4 - Low,Resolved,48,6.1,5.0,Phone,R&D,AGT-09
TKT-00712,2026-04-22 14:24:46,2026-04-22 20:30:46,Software,P3 - Medium,Closed,24,6.1,4.0,Email,Finance,AGT-01
TKT-01631,2026-02-05 12:02:05,2026-02-05 20:50:05,NetWork,P2 - High,Resolved,8,8.8,2.0,,HR,AGT-06
TKT-04721,2026-01-23 11:54:38,2026-01-24 00:30:38,Software,P4 - Low,Closed,48,12.6,5.0,Email,Operations,AGT-02
TKT-00849,2025-09-29 12:28:07,2025-09-29 14:46:07,Email & Collaboration,P2 - High,Resolved,8,2.3,4.0,Portal,Customer Support,AGT-02
TKT-02003,2026-08-10 08:47:42,,Network,P3 - Medium,Open,24,,,Email,Sales,AGT-06
TKT-04591,2025-11-01 13:44:50,2025-11-01 18:14:50,Network,P3 - Medium,Closed,24,4.5,3.0,Portal,R&D,AGT-12
TKT-02439,2026-01-20 15:40:51,2026-01-20 16:28:51,network,P1 - Critical,Closed,4,0.8,4.0,Email,Operations,AGT-05
TKT-02693,2026-07-10 15:03:18,2026-07-10 18:39:18,Email & Collaboration,P3 - Medium,Closed,24,3.6,4.0,Email,HR,AGT-03
TKT-00578,2026-03-19 12:12:05,2026-03-19 16:42:05,NETWORK,P3 - Medium,Closed,24,4.5,5.0,Email,Operations,AGT-05
TKT-00107,2026-01-23 17:45:54,2026-01-23 21:51:54,Software,P3 - Medium,Closed,24,4.1,4.0,Email,Customer Support,AGT-03
TKT-04445,2025-09-12 14:54:09,2025-09-13 10:42:09,Network,P4 - Low,Closed,48,19.8,4.0,,HR,AGT-05
TKT-01706,2026-08-23 14:08:30,2026-08-23 20:08:30,Software,P3 - Medium,Closed,24,6.0,5.0,Email,Customer Support,AGT-02
TKT-02898,2025-10-20 10:22:33,2025-10-20 11:34:33,NetWork,P2 - High,Resolved,8,1.2,,Phone,HR,AGT-05
TKT-03606,2025-08-03 15:27:03,2025-08-03 16:15:03,Network,P2 - High,Closed,8,0.8,4.0,Portal,Operations,AGT-06
TKT-04387,2025-11-27 13:49:31,2025-11-28 04:43:31,Access & Accounts,P3 - Medium,Resolved,24,14.9,4.0,Email,Sales,AGT-01
TKT-02654,2026-05-20 13:25:07,2026-05-20 18:55:07,Security,P3 - Medium,Resolved,24,5.5,4.0,Portal,Operations,AGT-08
TKT-04406,2026-03-23 10:42:42,2026-03-23 12:24:42,Security,P2 - High,Closed,8,1.7,5.0,Portal,Customer Support,AGT-07
TKT-00178,2026-08-25 16:17:55,2026-08-26 06:29:55,Network,P4 - Low,Resolved,48,14.2,,Phone,Finance,AGT-06
TKT-02943,2026-06-17 16:53:13,2026-06-17 22:23:13,NETWORK,P3 - Medium,Resolved,24,5.5,3.0,,HR,AGT-05
TKT-02651,2026-08-25 11:12:34,2026-08-25 21:42:34,Network,P4 - Low,Closed,48,10.5,4.0,Portal,Sales,AGT-04
TKT-00081,2026-04-18 18:29:56,2026-04-19 06:59:56,Software,P4 - Low,Closed,48,12.5,4.0,Email,IT,AGT-11
TKT-02880,2025-08-01 17:19:54,2025-08-01 22:25:54,Hardware,P3 - Medium,Resolved,24,5.1,5.0,Portal,Sales,AGT-10
TKT-00600,2026-04-01 12:57:59,2026-04-01 15:09:59, Access & Accounts ,P3 - Medium,Resolved,24,2.2,4.0,Chat,Customer Support,AGT-11
TKT-01673,2026-05-26 15:12:30,2026-05-27 04:48:30,Network,P3 - Medium,Resolved,24,13.6,4.0,Email,Customer Support,AGT-04
TKT-04394,2026-04-14 13:34:14,2026-04-15 14:58:14,Software,P4 - Low,Closed,48,25.4,4.0,Portal,Operations,AGT-11
TKT-03076,2026-07-22 10:20:08,2026-07-23 00:14:08,Security,P4 - Low,Closed,48,13.9,4.0,Portal,Sales,AGT-08
TKT-01814,2025-11-03 11:37:54,2025-11-03 20:37:54,Hardware,P3 - Medium,Closed,24,9.0,5.0,Portal,Finance,AGT-09
TKT-00222,2026-02-09 15:00:44,2026-02-10 15:18:44,Access & Accounts,P4 - Low,Resolved,48,24.3,4.0,Portal,Sales,AGT-11
TKT-00094,2025-12-29 08:43:31,2025-12-29 09:49:31,Access & Accounts,P1 - Critical,Closed,4,1.1,,Phone,HR,AGT-01
TKT-02657,2026-01-02 13:32:59,2026-01-02 16:14:59,Hardware,P2 - High,Closed,8,2.7,,Portal,Sales,AGT-10
TKT-02143,2026-05-28 13:11:06,2026-06-01 05:53:06,Hardware,P4 - Low,Resolved,48,88.7,2.0,Email,R&D,AGT-09
TKT-03500,2026-07-02 15:22:37,2026-07-03 16:46:37,Hardware,P3 - Medium,Closed,24,25.4,2.0,Phone,Operations,AGT-09
TKT-04775,2025-08-04 10:25:01,2025-08-08 18:25:01,Network,P4 - Low,Resolved,48,104.0,2.0,Chat,IT,AGT-05
TKT-03327,2026-01-07 13:12:33,2026-01-08 02:06:33,Software,P4 - Low,Closed,48,12.9,4.0,Email,Customer Support,AGT-01
TKT-02405,2026-06-12 12:19:46,2026-06-12 19:25:46,Software,P3 - Medium,Closed,24,7.1,5.0,Email,HR,AGT-01
TKT-00734,2025-12-30 11:51:44,2025-12-31 08:15:44,Access & Accounts,P4 - Low,Resolved,48,20.4,4.0,Email,Finance,AGT-01
TKT-00766,2025-08-05 11:25:59,2025-08-07 01:01:59,SOFTWARE,P4 - Low,Resolved,48,37.6,5.0,Email,HR,AGT-02
TKT-04651,2026-06-29 17:45:39,2026-06-30 01:57:39,Software,P4 - Low,Closed,48,8.2,4.0,Chat,Sales,AGT-02
TKT-01938,2026-03-25 08:48:18,2026-03-25 21:42:18,Hardware,P2 - High,Closed,8,12.9,1.0,Portal,Operations,AGT-10
TKT-01955,2026-07-22 12:42:14,2026-07-22 14:12:14,Access & Accounts,P2 - High,Closed,8,1.5,4.0,Chat,Sales,AGT-03
TKT-03905,2025-12-25 17:49:17,2025-12-26 05:31:17,Software,P4 - Low,Resolved,48,11.7,,Email,Operations,AGT-02
TKT-03151,2025-08-01 13:26:59,2025-08-01 18:50:59,Access & Accounts,P3 - Medium,Resolved,24,5.4,4.0,Phone,Operations,AGT-03
TKT-02665,2026-02-10 12:11:53,,NetWork,P2 - High,In Progress,8,,,Chat,Sales,AGT-06
TKT-00220,2026-01-05 17:45:09,2026-01-06 02:57:09,Hardware,P4 - Low,Closed,48,9.2,4.0,Email,HR,AGT-10
TKT-02092,2026-07-01 12:44:59,2026-07-02 02:26:59,Email & Collaboration,P4 - Low,Closed,48,13.7,4.0,Portal,Operations,AGT-01
TKT-01076,2025-12-05 13:04:44,2025-12-05 14:04:44,Hardware,P2 - High,Resolved,8,1.0,4.0,Email,Sales,AGT-09
TKT-00044,2025-12-02 15:59:24,2025-12-02 18:05:24,Hardware,P2 - High,Closed,8,2.1,5.0,Email,Sales,AGT-09
TKT-00211,2026-04-30 12:59:29,2026-05-02 03:35:29,ACCESS & ACCOUNTS,P4 - Low,Closed,48,38.6,,Portal,Finance,AGT-01
TKT-02489,2025-09-13 14:20:50,2025-09-17 09:08:50,Hardware,P4 - Low,Resolved,48,90.8,2.0,Email,HR,AGT-10
TKT-00355,2026-01-30 09:37:36,2026-01-30 12:49:36,Network,P2 - High,Closed,8,3.2,4.0,Phone,Sales,AGT-04
TKT-01011,2026-04-16 18:30:58,2026-04-16 23:18:58,Software,P3 - Medium,Resolved,24,4.8,4.0,Chat,R&D,AGT-11
TKT-00539,2025-10-06 14:39:21,2025-10-06 19:15:21,Hardware,P3 - Medium,Closed,24,4.6,,Portal,Sales,AGT-10
TKT-04769,2025-10-24 12:35:59,2025-10-24 16:23:59,Access & Accounts,P3 - Medium,Resolved,24,3.8,5.0,Portal,Finance,AGT-01
TKT-04654,2025-09-18 11:13:59,2025-09-19 07:37:59,Email & Collaboration,P3 - Medium,Closed,24,20.4,,,IT,AGT-01
TKT-00368,2026-04-21 10:29:57,2026-04-21 12:11:57,Hardware,P2 - High,Resolved,8,1.7,4.0,Portal,R&D,AGT-09
TKT-02684,2026-03-18 15:21:26,2026-03-18 18:57:26,Email & Collaboration,P2 - High,Closed,8,3.6,5.0,Portal,Sales,AGT-02
TKT-03782,2026-06-25 15:10:56,2026-06-25 15:58:56,Email & Collaboration,P1 - Critical,Resolved,4,0.8,4.0,Phone,HR,AGT-02
TKT-04826,2026-01-06 13:40:06,2026-01-07 02:22:06,Hardware,P3 - Medium,Resolved,24,12.7,3.0,Portal,Finance,AGT-09
TKT-00136,2025-08-11 17:39:52,2025-08-12 00:51:52,Hardware,P3 - Medium,Resolved,24,7.2,4.0,Phone,Operations,AGT-09
TKT-01619,2026-08-26 17:19:31,2026-08-27 04:37:31,Access & Accounts,P3 - Medium,Closed,24,11.3,3.0,Email,R&D,AGT-03
TKT-00048,2025-11-21 18:01:33,2025-11-21 21:01:33,Software,P2 - High,Closed,8,3.0,4.0,Chat,Sales,AGT-01
TKT-02643,2026-03-14 11:19:11,2026-03-14 14:43:11,Hardware,P3 - Medium,Closed,24,3.4,5.0,Portal,Sales,AGT-09
TKT-03917,2026-02-20 09:17:09,2026-02-20 14:59:09,Software,P3 - Medium,Closed,24,5.7,5.0,Portal,Finance,AGT-01
TKT-02060,2025-08-21 14:48:51,2025-08-25 20:54:51,Software,P4 - Low,Resolved,48,102.1,3.0,Phone,Operations,AGT-03
TKT-03309,2026-03-24 12:19:08,2026-03-25 07:07:08,Software,P4 - Low,Resolved,48,18.8,,Chat,Finance,AGT-11
TKT-04670,2025-11-17 12:55:25,2025-11-17 15:07:25,Network,P2 - High,Resolved,8,2.2,4.0,Portal,Customer Support,AGT-04
TKT-00743,2026-07-06 17:44:53,2026-07-06 21:02:53,Access & Accounts,P2 - High,Closed,8,3.3,,Portal,Finance,AGT-02
TKT-00062,2026-02-02 12:15:33,,Email & Collaboration,P1 - Critical,In Progress,4,,,Chat,Customer Support,AGT-02
TKT-04252,2025-09-29 13:55:13,2025-10-03 16:01:13,Software,P4 - Low,Closed,48,98.1,,Email,Sales,AGT-02
TKT-01030,2026-01-06 13:18:24,2026-01-07 08:06:24,Hardware,P4 - Low,Closed,48,18.8,4.0,Portal,Finance,AGT-10
TKT-00096,2026-04-06 13:12:40,2026-04-06 17:30:40,EMAIL & COLLABORATION,P2 - High,Resolved,8,4.3,5.0,Portal,R&D,AGT-11
TKT-00479,2026-04-07 13:05:04,2026-04-07 18:53:04,Network,P3 - Medium,Resolved,24,5.8,5.0,Portal,Finance,AGT-06
TKT-01757,2025-09-25 13:17:57,2025-09-26 00:35:57,Software,P4 - Low,Resolved,48,11.3,3.0,Email,IT,AGT-01
TKT-04947,2026-03-23 10:23:50,2026-03-23 15:47:50,Access & Accounts,P2 - High,Closed,8,5.4,,Portal,R&D,AGT-03
TKT-04035,2025-09-18 09:10:37,,Email & Collaboration,P3 - Medium,In Progress,24,,,Phone,Operations,AGT-03
TKT-03923,2025-12-15 11:28:32,2025-12-17 16:34:32,Email & Collaboration,P3 - Medium,Resolved,24,53.1,,Portal,Sales,AGT-01
TKT-03335,2025-12-23 12:33:40,2025-12-25 00:33:40,Software,P3 - Medium,Closed,24,36.0,2.0,Portal,R&D,AGT-02
TKT-00812,2025-08-07 08:00:25,2025-08-10 05:54:25,Access & Accounts,P4 - Low,Resolved,48,69.9,2.0,Portal,Finance,AGT-02
TKT-00323,2025-12-08 14:49:13,2025-12-13 14:25:13,Software,P4 - Low,Closed,48,119.6,,Email,Operations,AGT-11
TKT-01145,2026-01-12 13:51:11,2026-01-13 21:51:11,Access & Accounts,P4 - Low,Resolved,48,32.0,4.0,Portal,Finance,AGT-03
TKT-04614,2026-01-30 08:44:19,2026-01-30 12:20:19,Software,P3 - Medium,Closed,24,3.6,4.0,Email,Sales,AGT-03
TKT-02260,2026-01-16 11:55:08,2026-01-16 15:13:08,Access & Accounts,P2 - High,Closed,8,3.3,4.0,Chat,Customer Support,AGT-01
TKT-01771,2026-03-17 11:34:00,2026-03-19 06:58:00,Email & Collaboration,P4 - Low,Closed,48,43.4,3.0,Email,Sales,AGT-02
TKT-01740,2026-06-03 11:48:48,2026-06-07 03:12:48, Security ,P4 - Low,Closed,48,87.4,2.0,Portal,Finance,AGT-08
TKT-03670,2026-03-15 14:06:37,2026-03-15 18:54:37,Hardware,P3 - Medium,Closed,24,4.8,,Portal,Sales,AGT-10
TKT-04173,2026-08-26 10:54:50,,Software,P3 - Medium,In Progress,24,,,Email,Sales,AGT-01
TKT-01261,2025-08-19 09:32:21,2025-08-19 20:50:21,Network,P3 - Medium,Closed,24,11.3,5.0,Phone,Sales,AGT-04
TKT-03880,2026-01-12 12:36:24,2026-01-13 01:30:24,hardware,P4 - Low,Closed,48,12.9,,Portal,Operations,AGT-09
TKT-00292,2025-08-21 11:57:43,2025-08-21 21:21:43,Network,P3 - Medium,Closed,24,9.4,5.0,Portal,Customer Support,AGT-06
TKT-04790,2026-04-27 10:59:16,2026-04-27 20:47:16,Hardware,P4 - Low,Resolved,48,9.8,4.0,Portal,Sales,AGT-10
TKT-00945,2026-01-24 13:26:37,2026-01-28 12:14:37, Network ,P4 - Low,Resolved,48,94.8,2.0,Phone,Operations,AGT-05
TKT-00534,2026-04-09 12:47:13,2026-04-09 22:29:13,Email & Collaboration,P3 - Medium,Resolved,24,9.7,5.0,Portal,R&D,AGT-01
TKT-01570,2026-02-11 15:18:19,2026-02-12 04:00:19,Network,P4 - Low,Resolved,48,12.7,4.0,Chat,HR,AGT-04
TKT-02823,2025-08-22 14:11:19,2025-08-22 19:23:19,Software,P3 - Medium,Closed,24,5.2,,Portal,Customer Support,AGT-01
TKT-04978,2025-10-22 14:04:22,2025-10-22 16:40:22,Software,P2 - High,Closed,8,2.6,5.0,Email,Operations,AGT-03
TKT-01913,2026-07-21 16:35:52,2026-07-22 00:35:52, Software ,P3 - Medium,Resolved,24,8.0,4.0,Portal,Customer Support,AGT-11
TKT-02584,2025-10-16 16:27:49,2025-10-17 12:45:49,Software,P4 - Low,Resolved,48,20.3,5.0,Portal,Finance,AGT-11
TKT-02656,2026-07-30 09:26:29,2026-07-30 20:20:29,Access & Accounts,P4 - Low,Resolved,48,10.9,4.0,Email,Sales,AGT-03
TKT-03854,2026-01-01 11:25:09,2026-01-01 17:43:09,Access & Accounts,P3 - Medium,Resolved,24,6.3,3.0,Email,Customer Support,AGT-11
TKT-03707,2025-12-09 16:56:56,2025-12-10 10:44:56,Hardware,P3 - Medium,Closed,24,17.8,,Phone,R&D,AGT-10
TKT-04090,2025-10-09 11:58:57,2025-10-09 14:22:57,SOFTWARE,P2 - High,Closed,8,2.4,5.0,Email,Customer Support,AGT-01
TKT-03836,2026-01-21 11:30:55,2026-01-22 03:36:55,Access & Accounts,P3 - Medium,Closed,24,16.1,4.0,Phone,IT,AGT-01
TKT-01371,2025-09-08 13:46:27,2025-09-08 18:40:27,Software,P3 - Medium,Resolved,24,4.9,5.0,Phone,Operations,AGT-02
TKT-03022,2026-05-19 14:04:17,2026-05-19 21:46:17,Security,P3 - Medium,Resolved,24,7.7,3.0,Email,Sales,AGT-08
TKT-02795,2026-06-29 10:57:34,2026-06-29 22:39:34,Access & Accounts,P3 - Medium,Resolved,24,11.7,3.0,Portal,HR,AGT-01
TKT-00627,2026-06-09 12:18:21,2026-06-09 16:42:21,Software,P2 - High,Closed,8,4.4,4.0,Email,Sales,AGT-01
TKT-03774,2026-06-17 16:13:11,2026-06-17 22:01:11,Hardware,P2 - High,Resolved,8,5.8,4.0,Portal,Operations,AGT-09
TKT-02423,2026-05-28 11:34:33,2026-05-28 12:52:33,Software,P2 - High,Resolved,8,1.3,,Portal,Sales,AGT-01
TKT-04850,2026-06-01 12:08:32,2026-06-01 14:44:32,Access & Accounts,P2 - High,Resolved,8,2.6,,Portal,IT,AGT-02
TKT-00625,2026-08-19 14:14:22,2026-08-19 23:20:22,Network,P3 - Medium,Closed,24,9.1,,Chat,Operations,AGT-04
TKT-00777,2026-04-01 15:55:04,2026-04-03 18:55:04,Network,P3 - Medium,Closed,24,51.0,2.0,Email,R&D,AGT-05
TKT-02524,2026-04-03 14:19:25,2026-04-03 15:37:25,Software,P2 - High,Closed,8,1.3,5.0,Phone,Sales,AGT-11
TKT-04561,2026-08-25 12:08:16,2026-08-26 00:32:16,Network,P3 - Medium,Closed,24,12.4,5.0,Portal,Sales,AGT-04
TKT-04961,2025-10-02 12:53:46,2025-10-02 16:23:46,Access & Accounts,P2 - High,Resolved,8,3.5,4.0,Email,IT,AGT-03
TKT-00656,2025-12-16 10:19:50,2025-12-17 17:49:50,Hardware,P3 - Medium,Closed,24,31.5,2.0,Portal,R&D,AGT-10
TKT-04682,2025-08-19 17:22:34,2025-08-21 01:16:34,Email & Collaboration,P4 - Low,Closed,48,31.9,3.0,Phone,IT,AGT-02
TKT-03795,2026-03-10 13:47:46,2026-03-10 17:53:46,Software,P3 - Medium,Closed,24,4.1,,Email,Sales,AGT-03
TKT-00829,2026-07-09 13:47:57,2026-07-09 17:53:57,Access & Accounts,P3 - Medium,Closed,24,4.1,4.0,Email,Customer Support,AGT-02
TKT-04408,2025-12-26 13:47:58,,Network,P2 - High,In Progress,8,,,Portal,Operations,AGT-04
TKT-02227,2026-05-05 15:27:40,2026-05-05 19:27:40,Software,P2 - High,Resolved,8,4.0,5.0,Portal,HR,AGT-02
TKT-02334,2025-09-24 17:57:59,2025-09-25 03:27:59,SECURITY,P3 - Medium,Resolved,24,9.5,5.0,Phone,Customer Support,AGT-08
TKT-02277,2026-03-06 14:01:06,2026-03-06 23:07:06,Email & Collaboration,P3 - Medium,Closed,24,9.1,5.0,Phone,HR,AGT-01
TKT-00950,2025-12-12 13:31:56,2025-12-12 16:49:56,Access & Accounts,P2 - High,Closed,8,3.3,5.0,Portal,IT,AGT-02
TKT-01035,2026-01-13 12:00:42,2026-01-13 19:30:42,Software,P3 - Medium,Resolved,24,7.5,5.0,Portal,Sales,AGT-01
TKT-01933,2026-06-02 09:30:28,2026-06-05 16:18:28,Software,P4 - Low,Closed,48,78.8,3.0,Email,Customer Support,AGT-03
TKT-01118,2026-06-08 13:35:46,2026-06-08 18:23:46,Email & Collaboration,P3 - Medium,Closed,24,4.8,,Email,IT,AGT-02
TKT-02884,2025-12-08 11:30:25,2025-12-08 15:24:25,Network,P3 - Medium,Closed,24,3.9,4.0,Phone,HR,AGT-05
TKT-02465,2025-10-27 15:27:30,2025-10-27 17:15:30,Access & Accounts,P2 - High,Closed,8,1.8,5.0,Portal,Customer Support,AGT-02
TKT-02522,2026-03-10 14:21:39,2026-03-10 19:33:39,Hardware,P4 - Low,Closed,48,5.2,3.0,Portal,Sales,AGT-10
TKT-01617,2025-08-03 17:18:36,2025-08-03 18:12:36,Access & Accounts,P1 - Critical,Closed,4,0.9,5.0,Email,Operations,AGT-02
TKT-02198,2026-02-18 14:12:40,2026-02-19 05:06:40,Network,P2 - High,Resolved,8,14.9,2.0,Portal,Operations,AGT-05
TKT-00071,2025-10-24 14:02:33,2025-10-24 18:44:33,Network,P3 - Medium,Resolved,24,4.7,4.0,Email,IT,AGT-12
TKT-03691,2025-08-15 15:01:25,2025-08-16 09:19:25,SOFTWARE,P3 - Medium,Closed,24,18.3,,Phone,Operations,AGT-01
TKT-04918,2026-04-20 16:35:23,2026-04-20 19:53:23,Email & Collaboration,P2 - High,Resolved,8,3.3,5.0,Phone,HR,AGT-03
TKT-03474,2026-01-08 10:48:25,2026-01-08 21:42:25,hardware,P4 - Low,Closed,48,10.9,4.0,Portal,Finance,AGT-09
TKT-03296,2026-08-14 12:14:14,,Email & Collaboration,P4 - Low,In Progress,48,,,Portal,Customer Support,AGT-03
TKT-01752,2025-10-20 10:52:35,2025-10-20 17:46:35,Hardware,P3 - Medium,Closed,24,6.9,4.0,Email,R&D,AGT-10
TKT-01129,2026-04-14 12:23:54,2026-04-14 23:41:54,Software,P3 - Medium,Closed,24,11.3,5.0,Email,Finance,AGT-01
TKT-01150,2026-07-17 16:23:38,2026-07-17 18:11:38,Network,P1 - Critical,Closed,4,1.8,5.0,Phone,Customer Support,AGT-05
TKT-00890,2026-04-27 12:30:43,2026-04-27 22:18:43,Network,P3 - Medium,Closed,24,9.8,5.0,Portal,R&D,AGT-06
TKT-02771,2025-10-03 17:14:28,2025-10-05 19:44:28,Email & Collaboration,P3 - Medium,Resolved,24,50.5,2.0,Phone,Operations,AGT-02
TKT-03600,2026-01-20 13:38:45,2026-01-20 18:56:45,Software,P3 - Medium,Closed,24,5.3,5.0,Phone,Sales,AGT-11
TKT-04956,2025-11-02 11:29:24,2025-11-02 17:35:24,Email & Collaboration,P3 - Medium,Resolved,24,6.1,4.0,Phone,Operations,AGT-02
TKT-01898,2025-11-17 13:22:35,2025-11-18 05:34:35,Email & Collaboration,P4 - Low,Closed,48,16.2,4.0,Phone,Finance,AGT-01
TKT-04834,2026-05-19 09:56:49,2026-05-19 20:02:49,Software,P3 - Medium,Closed,24,10.1,4.0,Email,Sales,AGT-01
TKT-01700,2026-05-11 18:53:47,2026-05-11 23:29:47,Email & Collaboration,P3 - Medium,Resolved,24,4.6,4.0,Email,R&D,AGT-02
TKT-04761,2026-02-13 11:17:18,2026-02-13 12:35:18,Access & Accounts,P2 - High,Closed,8,1.3,5.0,Portal,Finance,AGT-02
TKT-03816,2026-01-01 12:38:43,2026-01-01 14:32:43,Email & Collaboration,P1 - Critical,Resolved,4,1.9,4.0,Portal,Operations,AGT-02
TKT-04249,2025-10-16 11:31:25,2025-10-17 14:49:25,Access & Accounts,P3 - Medium,Resolved,24,27.3,2.0,Email,R&D,AGT-01
TKT-03931,2026-02-25 13:53:52,2026-02-25 18:11:52,Security,P4 - Low,Resolved,48,4.3,,Portal,Finance,AGT-08
TKT-00894,2025-09-09 12:38:43,2025-09-09 23:02:43,access & accounts,P4 - Low,Resolved,48,10.4,4.0,,R&D,AGT-01
TKT-01506,2026-02-16 17:33:43,2026-02-17 12:21:43,Access & Accounts,P2 - High,Resolved,8,18.8,2.0,Portal,Customer Support,AGT-02
TKT-01057,2026-07-23 14:03:31,2026-07-23 22:03:31,Email & Collaboration,P4 - Low,Resolved,48,8.0,4.0,Email,R&D,AGT-02
TKT-03706,2025-09-30 14:05:46,2025-10-01 05:05:46,Software,P4 - Low,Resolved,48,15.0,4.0,Email,R&D,AGT-03
TKT-02246,2025-10-17 12:25:56,2025-10-17 17:07:56,Software,P3 - Medium,Closed,24,4.7,,Chat,Operations,AGT-01
TKT-00764,2025-09-24 11:16:01,2025-09-25 02:40:01,Hardware,P4 - Low,Closed,48,15.4,4.0,Email,IT,AGT-10
TKT-01942,2026-01-27 14:07:01,2026-01-27 18:43:01,Hardware,P3 - Medium,Closed,24,4.6,4.0,Portal,HR,AGT-09
TKT-01880,2026-03-09 12:13:11,2026-03-09 21:07:11,Hardware,P4 - Low,Resolved,48,8.9,4.0,Portal,Finance,AGT-10
TKT-01973,2026-05-15 15:29:41,2026-05-15 19:41:41,Email & Collaboration,P3 - Medium,Resolved,24,4.2,5.0,Portal,Customer Support,AGT-11
TKT-01481,2026-01-13 10:17:15,2026-01-13 18:35:15,Security,P3 - Medium,Resolved,24,8.3,5.0,Portal,Sales,AGT-07
TKT-03186,2025-09-02 10:44:26,,Network,P3 - Medium,In Progress,24,,,Email,IT,AGT-06
TKT-03165,2026-03-25 15:54:57,2026-03-26 01:06:57,SOFTWARE,P3 - Medium,Resolved,24,9.2,,Phone,Operations,AGT-11
TKT-01085,2026-08-19 13:27:01,2026-08-19 16:57:01,Access & Accounts,P3 - Medium,Closed,24,3.5,,Phone,Customer Support,AGT-03
TKT-03423,2026-04-16 12:31:28,2026-04-17 01:31:28,Access & Accounts,P3 - Medium,Closed,24,13.0,5.0,Email,HR,AGT-01
TKT-04443,2026-07-10 13:00:34,2026-07-10 14:06:34,Software,P2 - High,Resolved,8,1.1,,Email,Operations,AGT-03
TKT-03662,2026-07-23 10:45:21,2026-07-24 09:27:21,Network,P4 - Low,Closed,48,22.7,5.0,Email,R&D,AGT-12
TKT-03997,2025-09-08 12:09:11,2025-09-10 01:45:11,Hardware,P3 - Medium,Closed,24,37.6,2.0,Portal,Finance,AGT-09
TKT-00234,2026-03-23 15:27:08,2026-03-23 22:57:08,Hardware,P3 - Medium,Resolved,24,7.5,5.0,Portal,Operations,AGT-10
TKT-04602,2026-07-29 16:27:43,2026-07-29 17:15:43,Email & Collaboration,P2 - High,Closed,8,0.8,,Chat,IT,AGT-11
TKT-04113,2026-05-29 13:03:21,2026-05-29 22:03:21,Access & Accounts,P4 - Low,Closed,48,9.0,5.0,Email,Customer Support,AGT-03
TKT-00634,2025-12-25 09:09:48,2025-12-28 03:09:48,Email & Collaboration,P4 - Low,Closed,48,66.0,,Phone,R&D,AGT-03
TKT-02555,2025-11-20 16:17:21,2025-11-20 17:59:21,Network,P1 - Critical,Closed,4,1.7,,Email,IT,AGT-04
TKT-00416,2025-11-04 14:53:17,2025-11-04 17:53:17,Network,P3 - Medium,Resolved,24,3.0,,Phone,R&D,AGT-06
TKT-03122,2025-12-09 13:21:38,2025-12-09 18:33:38,Software,P3 - Medium,Resolved,24,5.2,5.0,Portal,Sales,AGT-03
TKT-01741,2025-11-05 08:49:10,2025-11-05 18:13:10,Access & Accounts,P3 - Medium,Closed,24,9.4,,Email,Sales,AGT-02
TKT-03039,2025-10-13 10:50:31,2025-10-13 11:56:31,Security,P2 - High,Resolved,8,1.1,5.0,Email,Customer Support,AGT-08
TKT-04786,2026-07-07 18:35:19,2026-07-08 15:53:19,Software,P4 - Low,Resolved,48,21.3,3.0,Portal,R&D,AGT-01
TKT-00799,2026-05-12 11:53:16,2026-05-13 00:05:16,Network,P3 - Medium,Resolved,24,12.2,5.0,Portal,IT,AGT-04
TKT-00018,2025-08-26 13:14:11,2025-08-26 22:32:11,Security,P3 - Medium,Resolved,24,9.3,5.0,Email,Finance,AGT-07
TKT-02100,2025-11-03 11:44:29,2025-11-03 12:38:29,Email & Collaboration,P2 - High,Resolved,8,0.9,3.0,Portal,Sales,AGT-03
TKT-02304,2026-02-07 13:09:31,2026-02-08 01:15:31,Software,P3 - Medium,Closed,24,12.1,,Portal,Sales,AGT-03
TKT-03976,2025-10-20 12:23:07,2025-10-20 15:11:07,Network,P2 - High,Closed,8,2.8,5.0,Portal,Operations,AGT-06
TKT-00978,2026-01-05 14:01:28,2026-01-05 21:55:28,Security,P3 - Medium,Closed,24,7.9,5.0,Email,Sales,AGT-07
TKT-00597,2026-05-04 11:32:29,2026-05-04 22:20:29,Network,P4 - Low,Closed,48,10.8,5.0,Phone,Operations,AGT-05
TKT-03299,2026-02-05 12:20:28,2026-02-05 17:38:28,Security,P3 - Medium,Resolved,24,5.3,3.0,Portal,Customer Support,AGT-07
TKT-02764,2025-12-03 17:53:39,2025-12-05 16:47:39,Software,P3 - Medium,Closed,24,46.9,1.0,Email,R&D,AGT-03
TKT-01993,2025-12-12 13:58:44,2025-12-12 22:28:44,Access & Accounts,P3 - Medium,Closed,24,8.5,4.0,Portal,Operations,AGT-02
TKT-01554,2025-12-24 11:57:50,2025-12-24 15:09:50,Email & Collaboration,P2 - High,Closed,8,3.2,4.0,Chat,Sales,AGT-03
TKT-01455,2025-12-16 13:09:21,2025-12-17 20:15:21,Network,P4 - Low,Closed,48,31.1,5.0,Portal,Sales,AGT-06
TKT-02548,2025-10-08 16:18:39,2025-10-08 18:18:39,Access & Accounts,P1 - Critical,Closed,4,2.0,5.0,Chat,HR,AGT-03
TKT-00372,2025-11-14 15:18:53,2025-11-14 19:06:53,Network,P2 - High,Closed,8,3.8,3.0,Email,Finance,AGT-06
TKT-03631,2025-09-11 12:36:28,2025-09-11 23:54:28,Network,P3 - Medium,Closed,24,11.3,4.0,Portal,HR,AGT-06
TKT-02560,2025-08-13 12:26:18,2025-08-14 05:56:18,Access & Accounts,P4 - Low,Resolved,48,17.5,4.0,Portal,Sales,AGT-02
TKT-03297,2026-05-25 16:46:40,2026-05-26 04:16:40,Software,P3 - Medium,Closed,24,11.5,5.0,,HR,AGT-01
TKT-00599,2026-08-20 15:36:08,2026-08-20 23:18:08,Access & Accounts,P4 - Low,Closed,48,7.7,3.0,Portal,Operations,AGT-01
TKT-00677,2026-07-26 15:23:25,2026-07-26 22:41:25,Security,P4 - Low,Closed,48,7.3,5.0,Portal,Customer Support,AGT-07
TKT-00239,2025-08-07 11:05:27,2025-08-11 10:05:27,Access & Accounts,P4 - Low,Resolved,48,95.0,2.0,Portal,Operations,AGT-03
TKT-03461,2026-01-26 14:59:41,2026-01-26 19:59:41,Software,P3 - Medium,Closed,24,5.0,4.0,Chat,Sales,AGT-02
TKT-03964,2025-11-17 14:34:03,2025-11-18 00:16:03,Network,P4 - Low,Closed,48,9.7,5.0,Portal,R&D,AGT-06
TKT-01520,2025-10-17 10:12:50,2025-10-18 11:18:50,Access & Accounts,P4 - Low,Resolved,48,25.1,5.0,Portal,Sales,AGT-01
TKT-01584,2025-11-14 14:33:58,2025-11-14 17:33:58,Security,P3 - Medium,Resolved,24,3.0,3.0,Portal,Finance,AGT-07
TKT-02570,2026-08-26 12:57:02,2026-08-26 19:45:02,Access & Accounts,P3 - Medium,Resolved,24,6.8,,Portal,IT,AGT-02
TKT-03078,2026-03-28 11:00:02,2026-03-28 20:36:02,Hardware,P4 - Low,Closed,48,9.6,4.0,Portal,Finance,AGT-10
TKT-02590,2026-01-06 11:35:39,2026-01-06 19:53:39,Network,P3 - Medium,Closed,24,8.3,,Email,HR,AGT-05
TKT-03527,2025-09-12 10:11:26,2025-09-13 05:17:26,Network,P4 - Low,Closed,48,19.1,3.0,Email,Finance,AGT-05
TKT-03159,2026-07-27 12:00:00,2026-07-28 13:24:00,Email & Collaboration,P3 - Medium,Resolved,24,25.4,5.0,Email,Sales,AGT-03
TKT-04718,2026-03-20 09:59:46,2026-03-20 14:41:46, Email & Collaboration ,P3 - Medium,Closed,24,4.7,5.0,Portal,Sales,AGT-01
TKT-03704,2026-04-27 13:57:12,2026-04-28 16:27:12,Software,P3 - Medium,Resolved,24,26.5,2.0,Portal,Operations,AGT-02
TKT-03104,2026-05-26 13:58:38,2026-05-27 21:52:38,Software,P4 - Low,Resolved,48,31.9,5.0,Email,HR,AGT-01
TKT-00878,2025-12-04 12:50:04,2025-12-05 19:50:04,Email & Collaboration,P4 - Low,Closed,48,31.0,4.0,Portal,Finance,AGT-01
TKT-01601,2026-07-24 08:09:58,2026-07-24 18:33:58,Software,P3 - Medium,Closed,24,10.4,4.0,Email,Operations,AGT-01
TKT-01056,2026-04-22 17:33:35,2026-04-23 01:39:35,Email & Collaboration,P3 - Medium,Resolved,24,8.1,5.0,Phone,Finance,AGT-01
TKT-04287,2026-07-23 17:11:40,2026-07-24 08:47:40,Access & Accounts,P3 - Medium,Resolved,24,15.6,4.0,Portal,R&D,AGT-01
TKT-01184,2025-10-09 10:50:47,2025-10-09 14:26:47,Network,P2 - High,Resolved,8,3.6,,Chat,IT,AGT-06
TKT-01097,2025-10-26 13:03:29,2025-10-27 13:21:29,Software,P4 - Low,Resolved,48,24.3,4.0,Email,Customer Support,AGT-03
TKT-01698,2026-06-09 09:00:32,2026-06-09 17:48:32,Network,P3 - Medium,Resolved,24,8.8,4.0,Portal,Operations,AGT-04
TKT-00804,2026-03-22 16:06:13,2026-03-23 04:42:13,Email & Collaboration,P4 - Low,Closed,48,12.6,,Phone,Customer Support,AGT-01
TKT-03556,2026-06-10 12:11:25,2026-06-10 22:05:25,Security,P4 - Low,Resolved,48,9.9,4.0,Portal,IT,AGT-07
TKT-01457,2025-10-29 12:25:52,2025-10-29 23:31:52,Access & Accounts,P4 - Low,Resolved,48,11.1,4.0,Chat,Customer Support,AGT-01
TKT-00622,2026-02-09 09:10:47,2026-02-10 10:34:47,Software,P3 - Medium,Closed,24,25.4,,Email,Operations,AGT-03
TKT-02338,2025-12-24 12:33:06,2025-12-25 01:45:06,Access & Accounts,P3 - Medium,Closed,24,13.2,4.0,Portal,Operations,AGT-03
TKT-03695,2026-05-22 15:30:45,2026-05-26 23:24:45,hardware,P4 - Low,Resolved,48,103.9,,Email,Customer Support,AGT-09
TKT-00567,2026-05-27 14:17:15,2026-05-27 20:47:15,Access & Accounts,P3 - Medium,Resolved,24,6.5,,Chat,Finance,AGT-03
TKT-02026,2026-01-02 10:23:34,2026-01-02 12:17:34,Network,P2 - High,Closed,8,1.9,4.0,Email,Customer Support,AGT-05
TKT-01243,2025-12-20 11:03:47,2025-12-20 19:15:47,security,P2 - High,Closed,8,8.2,5.0,Email,Operations,AGT-08
TKT-02953,2025-09-29 11:13:03,2025-10-03 09:19:03,Network,P4 - Low,Closed,48,94.1,3.0,Portal,R&D,AGT-04
TKT-00052,2025-08-04 08:52:36,,Security,P3 - Medium,In Progress,24,,,Portal,Customer Support,AGT-08
TKT-02604,2026-05-23 13:25:12,2026-05-23 20:49:12,Network,P3 - Medium,Resolved,24,7.4,4.0,Phone,Sales,AGT-04
TKT-03935,2026-02-12 10:29:10,2026-02-12 22:35:10,Access & Accounts,P3 - Medium,Resolved,24,12.1,5.0,Portal,Customer Support,AGT-03
TKT-04033,2026-04-09 12:01:00,2026-04-09 19:43:00,access & accounts,P4 - Low,Closed,48,7.7,4.0,Phone,R&D,AGT-01
TKT-04476,2026-04-15 16:11:47,2026-04-15 19:29:47,Security,P3 - Medium,Resolved,24,3.3,,Phone,Sales,AGT-07
TKT-00535,2025-08-05 11:35:08,2025-08-05 14:59:08,Access & Accounts,P3 - Medium,Closed,24,3.4,4.0,Portal,IT,AGT-01
TKT-03726,2026-06-10 11:26:50,2026-06-11 03:56:50,Access & Accounts,P3 - Medium,Closed,24,16.5,4.0,Email,Operations,AGT-01
TKT-00897,2025-11-18 14:39:34,2025-11-18 19:27:34,Network,P3 - Medium,Closed,24,4.8,,Email,IT,AGT-05
TKT-00444,2025-10-15 11:28:09,2025-10-15 19:04:09,software,P3 - Medium,Closed,24,7.6,5.0,Portal,Sales,AGT-02
TKT-03254,2026-02-09 12:29:00,2026-02-09 22:05:00,Network,P3 - Medium,Closed,24,9.6,5.0,Email,HR,AGT-04
TKT-00196,2025-10-10 13:26:23,2025-10-15 10:08:23,Access & Accounts,P4 - Low,Closed,48,116.7,2.0,Chat,Operations,AGT-03
TKT-03443,2025-08-18 11:53:23,2025-08-19 10:17:23,Network,P4 - Low,Closed,48,22.4,5.0,Portal,Customer Support,AGT-04
TKT-01433,2025-08-14 15:44:27,2025-08-14 18:02:27,Security,P2 - High,Closed,8,2.3,4.0,Chat,Sales,AGT-07
TKT-04649,2025-12-01 10:10:21,2025-12-01 19:16:21, Software ,P3 - Medium,Resolved,24,9.1,5.0,Chat,Finance,AGT-02
TKT-03322,2026-01-19 12:11:36,2026-01-19 16:59:36,Hardware,P3 - Medium,Resolved,24,4.8,3.0,,IT,AGT-09
TKT-03405,2026-07-10 11:47:50,2026-07-10 21:29:50,Network,P3 - Medium,Closed,24,9.7,,Email,R&D,AGT-05
TKT-03424,2026-01-06 15:20:30,2026-01-08 14:02:30,Software,P3 - Medium,Closed,24,46.7,3.0,Chat,Operations,AGT-11
TKT-04388,2025-10-01 16:45:22,2025-10-02 00:39:22,Software,P3 - Medium,Closed,24,7.9,5.0,Email,IT,AGT-11
TKT-02606,2025-09-26 08:29:25,2025-09-26 15:47:25,Hardware,P3 - Medium,Closed,24,7.3,4.0,Email,Finance,AGT-09
TKT-02975,2026-02-16 12:15:12,2026-02-17 09:09:12,Email & Collaboration,P4 - Low,Closed,48,20.9,4.0,Email,Operations,AGT-03
TKT-04432,2026-07-21 12:50:26,2026-07-21 16:14:26,Email & Collaboration,P2 - High,Closed,8,3.4,4.0,Portal,Sales,AGT-03
TKT-00645,2026-04-02 12:22:53,2026-04-03 01:46:53,Security,P4 - Low,Closed,48,13.4,,Email,Sales,AGT-07
TKT-00839,2026-01-13 12:59:53,2026-01-17 11:05:53,Email & Collaboration,P4 - Low,Closed,48,94.1,,Portal,Sales,AGT-03
TKT-03878,2026-08-10 17:05:47,2026-08-15 10:05:47,Network,P4 - Low,Closed,48,113.0,3.0,Email,Sales,AGT-04
TKT-01870,2026-06-24 15:47:38,,Access & Accounts,P3 - Medium,In Progress,24,,,Portal,Operations,AGT-02
TKT-04438,2025-11-02 13:06:16,2025-11-02 15:00:16,Hardware,P2 - High,Resolved,8,1.9,,Phone,Operations,AGT-10
TKT-00121,2026-03-18 10:58:17,2026-03-18 22:28:17,software,P4 - Low,Closed,48,11.5,,Chat,Finance,AGT-01
TKT-03536,2026-06-09 14:43:09,2026-06-10 07:01:09,Network,P4 - Low,Resolved,48,16.3,3.0,Email,Sales,AGT-06
TKT-04223,2025-12-10 12:12:17,2025-12-10 22:00:17,Software,P4 - Low,Closed,48,9.8,3.0,Portal,Finance,AGT-03
TKT-04929,2026-05-08 13:07:12,2026-05-08 13:49:12,Access & Accounts,P1 - Critical,Closed,4,0.7,4.0,Phone,Operations,AGT-01
TKT-04698,2026-02-04 14:58:13,2026-02-08 20:46:13,Network,P4 - Low,Resolved,48,101.8,2.0,Portal,R&D,AGT-05
TKT-04400,2026-06-02 10:18:36,2026-06-03 15:06:36,Software,P4 - Low,Closed,48,28.8,,Portal,HR,AGT-11
TKT-00135,2026-03-20 16:08:29,2026-03-21 00:38:29,Hardware,P4 - Low,Closed,48,8.5,5.0,Portal,Customer Support,AGT-09
TKT-02504,2026-06-22 12:13:58,2026-06-22 23:31:58,Hardware,P4 - Low,Closed,48,11.3,,Portal,R&D,AGT-09
TKT-02022,2025-09-12 12:42:36,2025-09-12 17:54:36,Network,P2 - High,Resolved,8,5.2,4.0,Portal,Customer Support,AGT-05
TKT-02324,2025-09-02 12:01:30,2025-09-02 14:01:30,Network,P2 - High,Closed,8,2.0,4.0,Email,Customer Support,AGT-05
TKT-00185,2026-05-31 15:01:18,2026-06-01 01:19:18,Email & Collaboration,P2 - High,Closed,8,10.3,2.0,Email,Customer Support,AGT-03
TKT-03259,2026-03-11 18:35:25,2026-03-12 12:35:25,Software,P4 - Low,Resolved,48,18.0,4.0,Email,IT,AGT-02
TKT-04420,2026-02-17 13:07:30,,SECURITY,P4 - Low,In Progress,48,,,Portal,R&D,AGT-08
TKT-00512,2026-06-26 10:38:52,2026-06-26 11:20:52,Hardware,P1 - Critical,Closed,4,0.7,4.0,Phone,Sales,AGT-09
TKT-02315,2025-12-17 17:26:39,2025-12-18 03:26:39,Hardware,P3 - Medium,Closed,24,10.0,4.0,Phone,Customer Support,AGT-10
TKT-00063,2026-03-11 13:34:02,2026-03-11 14:28:02,Hardware,P1 - Critical,Resolved,4,0.9,,Portal,Finance,AGT-10
TKT-03194,2026-05-02 10:41:42,2026-05-04 16:05:42,Software,P3 - Medium,Closed,24,53.4,1.0,Email,IT,AGT-02
TKT-02810,2025-10-06 17:00:46,2025-10-06 22:00:46,Access & Accounts,P3 - Medium,Closed,24,5.0,4.0,Portal,Sales,AGT-01
TKT-03780,2026-08-13 13:28:15,2026-08-15 09:10:15,Software,P3 - Medium,Closed,24,43.7,2.0,Portal,R&D,AGT-01
TKT-02499,2026-06-18 11:43:09,2026-06-18 21:13:09,Network,P3 - Medium,Resolved,24,9.5,5.0,Portal,Operations,AGT-05
TKT-03674,2025-12-15 10:26:09,2025-12-18 07:56:09,ACCESS & ACCOUNTS,P4 - Low,Closed,48,69.5,1.0,Chat,Customer Support,AGT-02
TKT-00252,2026-07-07 10:27:37,2026-07-08 10:15:37,NetWork,P4 - Low,Resolved,48,23.8,,Phone,Operations,AGT-04
TKT-01171,2026-01-02 13:29:17,2026-01-02 17:59:17,Access & Accounts,P3 - Medium,Resolved,24,4.5,5.0,Portal,Sales,AGT-01
TKT-00857,2026-05-15 11:04:37,2026-05-15 12:52:37,Access & Accounts,P1 - Critical,Closed,4,1.8,,Portal,Sales,AGT-03
TKT-01882,2026-04-08 11:09:39,,Network,P3 - Medium,In Progress,24,,,Portal,IT,AGT-06
TKT-03012,2026-07-15 17:48:46,2026-07-15 18:48:46,Security,P1 - Critical,Closed,4,1.0,4.0,Phone,Operations,AGT-08
TKT-03981,2025-09-04 10:54:36,2025-09-04 20:54:36,SOFTWARE,P3 - Medium,Closed,24,10.0,4.0,Email,Sales,AGT-02
TKT-00123,2025-09-03 12:51:39,2025-09-03 18:27:39,Network,P4 - Low,Closed,48,5.6,5.0,Chat,Customer Support,AGT-04
TKT-02788,2026-02-28 15:33:40,2026-02-28 20:15:40,Network,P3 - Medium,Closed,24,4.7,3.0,Portal,HR,AGT-04
TKT-04729,2026-03-26 11:07:16,2026-03-27 14:13:16,Network,P3 - Medium,Closed,24,27.1,1.0,Email,Operations,AGT-06
TKT-02019,2026-03-30 16:19:33,2026-03-30 20:07:33,Access & Accounts,P4 - Low,Resolved,48,3.8,,Chat,Customer Support,AGT-03
TKT-01221,2025-08-01 16:44:49,2025-08-01 18:14:49,Network,P2 - High,Closed,8,1.5,,,Operations,AGT-04
TKT-00568,2025-08-24 11:50:14,2025-08-24 23:32:14,Hardware,P3 - Medium,Closed,24,11.7,5.0,Chat,IT,AGT-09
TKT-01413,2026-06-26 18:36:12,2026-06-27 10:12:12,Access & Accounts,P4 - Low,Resolved,48,15.6,4.0,Phone,Customer Support,AGT-11
TKT-04921,2026-01-01 09:25:24,2026-01-01 12:49:24,Network,P1 - Critical,Resolved,4,3.4,5.0,Email,Finance,AGT-12
TKT-04685,2026-08-27 17:39:54,2026-08-29 12:51:54,Software,P3 - Medium,Closed,24,43.2,2.0,Portal,Sales,AGT-11
TKT-02081,2026-01-01 11:52:51,2026-01-02 05:22:51,Access & Accounts,P4 - Low,Resolved,48,17.5,4.0,Phone,IT,AGT-01
TKT-04415,2025-11-10 12:04:00,2025-11-15 05:22:00,Software,P4 - Low,Closed,48,113.3,2.0,Chat,Operations,AGT-01
TKT-02578,2026-07-03 12:05:20,2026-07-03 23:53:20,Network,P4 - Low,Resolved,48,11.8,4.0,Email,IT,AGT-05
TKT-01033,2026-02-17 12:07:48,2026-02-17 17:43:48,network,P2 - High,Resolved,8,5.6,4.0,Chat,R&D,AGT-05
TKT-04618,2026-03-04 11:28:26,2026-03-06 12:40:26,Software,P3 - Medium,Resolved,24,49.2,2.0,Phone,HR,AGT-01
TKT-02842,2026-01-18 15:53:50,2026-01-19 10:35:50,software,P4 - Low,Closed,48,18.7,5.0,Portal,R&D,AGT-01
TKT-00721,2026-02-18 13:41:54,2026-02-18 20:05:54,Security,P3 - Medium,Resolved,24,6.4,5.0,Email,IT,AGT-08
TKT-02760,2026-02-23 13:27:57,2026-02-23 22:03:57,Network,P3 - Medium,Closed,24,8.6,5.0,Portal,R&D,AGT-04
TKT-02074,2026-07-02 11:16:27,2026-07-02 15:22:27,Software,P4 - Low,Closed,48,4.1,3.0,Email,R&D,AGT-01
TKT-01768,2025-08-29 14:38:13,2025-08-29 17:44:13,Access & Accounts,P3 - Medium,Closed,24,3.1,5.0,Phone,Operations,AGT-02
TKT-03023,2026-02-03 13:33:48,2026-02-04 04:39:48,Network,P4 - Low,Closed,48,15.1,5.0,Phone,Finance,AGT-12
TKT-03253,2025-11-14 16:13:18,2025-11-14 18:01:18,Hardware,P1 - Critical,Closed,4,1.8,5.0,Email,HR,AGT-10
TKT-00603,2026-07-21 10:50:40,2026-07-21 11:20:40,Access & Accounts,P1 - Critical,Resolved,4,0.5,5.0,Portal,R&D,AGT-03
TKT-04321,2026-06-19 10:18:44,2026-06-19 19:36:44,Network,P3 - Medium,Resolved,24,9.3,,,Customer Support,AGT-04
TKT-02023,2025-08-06 11:00:03,2025-08-06 17:30:03,Network,P4 - Low,Closed,48,6.5,4.0,Chat,Customer Support,AGT-06
TKT-04928,2026-02-06 16:36:36,2026-02-07 00:30:36,Hardware,P3 - Medium,Resolved,24,7.9,5.0,,R&D,AGT-09
TKT-04297,2026-01-22 14:53:07,2026-01-22 18:59:07,Software,P3 - Medium,Closed,24,4.1,5.0,Phone,R&D,AGT-03
TKT-00319,2025-11-25 11:06:42,2025-11-26 20:48:42,Software,P3 - Medium,Resolved,24,33.7,2.0,Chat,Customer Support,AGT-02
TKT-01504,2026-01-14 13:13:48,2026-01-14 17:31:48,Access & Accounts,P4 - Low,Closed,48,4.3,3.0,Portal,Finance,AGT-01
TKT-00860,2026-02-19 14:21:26,2026-02-20 01:21:26,Email & Collaboration,P2 - High,Closed,8,11.0,,Portal,Operations,AGT-01
TKT-00275,2026-04-24 14:08:27,2026-04-25 01:56:27,access & accounts,P4 - Low,Resolved,48,11.8,4.0,Email,HR,AGT-03
TKT-02652,2026-01-13 13:55:32,2026-01-14 04:01:32,Access & Accounts,P3 - Medium,Resolved,24,14.1,4.0,Phone,Customer Support,AGT-02
TKT-00550,2026-01-19 14:22:08,2026-01-20 19:58:08,Access & Accounts,P4 - Low,Closed,48,29.6,5.0,Phone,Operations,AGT-03
TKT-04628,2025-12-09 16:47:57,2025-12-10 03:11:57,Email & Collaboration,P3 - Medium,Closed,24,10.4,5.0,Portal,Finance,AGT-02
TKT-03072,2026-08-13 14:05:01,2026-08-13 22:29:01,Email & Collaboration,P4 - Low,Closed,48,8.4,5.0,,Operations,AGT-11
TKT-04933,2026-06-05 10:42:07,2026-06-05 12:30:07,Network,P1 - Critical,Closed,4,1.8,4.0,Email,R&D,AGT-04
TKT-02987,2025-08-25 16:59:24,2025-08-25 19:41:24,Network,P2 - High,Closed,8,2.7,4.0,Chat,Operations,AGT-05
TKT-00606,2026-06-03 09:29:44,2026-06-05 12:59:44,Software,P3 - Medium,Resolved,24,51.5,1.0,,Sales,AGT-03
TKT-02188,2026-03-18 13:51:13,2026-03-19 02:15:13,Email & Collaboration,P3 - Medium,Closed,24,12.4,,Portal,Operations,AGT-11
TKT-00528,2026-08-26 09:21:02,,Access & Accounts,P1 - Critical,In Progress,4,,,Portal,Operations,AGT-01
TKT-01002,2026-01-28 13:11:31,2026-01-28 22:59:31,Software,P4 - Low,Resolved,48,9.8,4.0,Portal,Customer Support,AGT-03
TKT-02388,2025-08-19 15:11:06,2025-08-19 20:29:06,Access & Accounts,P3 - Medium,Resolved,24,5.3,4.0,Portal,Sales,AGT-01
TKT-02655,2026-01-26 14:10:07,2026-01-27 03:34:07,Network,P4 - Low,Closed,48,13.4,4.0,Phone,Operations,AGT-05
TKT-03838,2025-08-17 11:03:10,2025-08-17 18:51:10,Hardware,P4 - Low,Closed,48,7.8,5.0,Email,Finance,AGT-10
TKT-04866,2025-09-16 15:45:13,2025-09-17 20:15:13,Hardware,P3 - Medium,Resolved,24,28.5,2.0,Email,R&D,AGT-09
TKT-04638,2026-04-28 12:54:43,2026-04-28 17:18:43,Security,P3 - Medium,Resolved,24,4.4,4.0,Email,Sales,AGT-07
TKT-03025,2025-12-02 12:42:15,2025-12-02 22:12:15,Security,P3 - Medium,Closed,24,9.5,4.0,Portal,HR,AGT-07
TKT-00299,2026-06-03 16:02:24,2026-06-07 04:14:24,Network,P4 - Low,Resolved,48,84.2,,Portal,Finance,AGT-04
TKT-04060,2026-06-10 13:53:37,2026-06-12 09:05:37,Software,P4 - Low,Closed,48,43.2,5.0,Email,Finance,AGT-03
TKT-02582,2026-06-25 12:30:32,2026-06-26 04:12:32,Email & Collaboration,P4 - Low,Closed,48,15.7,4.0,Portal,Operations,AGT-03
TKT-03018,2025-09-05 16:15:54,2025-09-06 03:51:54,Software,P3 - Medium,Resolved,24,11.6,4.0,Portal,Finance,AGT-11
TKT-02202,2026-08-04 13:39:27,2026-08-05 03:45:27,Network,P4 - Low,Closed,48,14.1,4.0,Chat,R&D,AGT-05
TKT-03791,2025-10-27 10:14:10,2025-10-27 23:50:10,Hardware,P4 - Low,Resolved,48,13.6,4.0,Email,R&D,AGT-10
TKT-02697,2026-06-18 13:25:34,2026-06-18 20:55:34,Software,P3 - Medium,Resolved,24,7.5,3.0,Portal,HR,AGT-11
TKT-01612,2026-06-01 11:06:55,2026-06-01 15:36:55,Software,P2 - High,Resolved,8,4.5,5.0,Portal,R&D,AGT-03
TKT-01375,2026-08-18 11:34:48,2026-08-18 22:16:48,Access & Accounts,P3 - Medium,Closed,24,10.7,5.0,Email,R&D,AGT-11
TKT-00151,2026-06-22 13:04:36,2026-06-22 17:04:36,Network,P3 - Medium,Resolved,24,4.0,3.0,Email,IT,AGT-05
TKT-00757,2025-12-09 10:12:45,2025-12-11 18:12:45,Software,P4 - Low,Resolved,48,56.0,,Email,Finance,AGT-11
TKT-01050,2025-11-05 11:46:00,2025-11-05 14:28:00,Access & Accounts,P2 - High,Closed,8,2.7,4.0,Portal,Sales,AGT-01
TKT-02516,2026-06-25 13:18:45,2026-06-25 20:54:45,Software,P3 - Medium,Resolved,24,7.6,5.0,Phone,Finance,AGT-03
TKT-01116,2025-08-28 11:05:13,2025-08-29 00:23:13,Software,P3 - Medium,Resolved,24,13.3,5.0,Phone,IT,AGT-02
TKT-01262,2026-01-06 12:56:10,2026-01-06 16:38:10,Email & Collaboration,P3 - Medium,Closed,24,3.7,4.0,Phone,Operations,AGT-01
TKT-04412,2025-08-21 11:02:50,2025-08-21 15:02:50,Network,P3 - Medium,Resolved,24,4.0,,Portal,R&D,AGT-05
TKT-01211,2026-05-25 10:31:11,2026-05-25 16:19:11,Access & Accounts,P3 - Medium,Resolved,24,5.8,4.0,Chat,Operations,AGT-02
TKT-02054,2026-06-27 11:31:26,2026-06-28 16:49:26,Software,P3 - Medium,Resolved,24,29.3,2.0,Chat,R&D,AGT-01
TKT-00377,2026-08-03 15:19:45,,Email & Collaboration,P4 - Low,In Progress,48,,,Portal,Sales,AGT-02
TKT-01048,2026-06-02 14:02:15,2026-06-03 17:44:15,SOFTWARE,P3 - Medium,Resolved,24,27.7,1.0,Phone,R&D,AGT-03
TKT-02269,2026-05-12 16:17:14,2026-05-14 02:53:14,Access & Accounts,P3 - Medium,Resolved,24,34.6,2.0,Email,Customer Support,AGT-01
TKT-01422,2026-02-06 09:27:35,2026-02-08 05:39:35,Access & Accounts,P3 - Medium,Resolved,24,44.2,2.0,Portal,Customer Support,AGT-01
TKT-02037,2026-08-05 14:07:40,2026-08-05 18:19:40,Email & Collaboration,P3 - Medium,Closed,24,4.2,4.0,Phone,Operations,AGT-03
TKT-00379,2025-12-30 10:44:29,2025-12-30 16:20:29,SOFTWARE,P3 - Medium,Closed,24,5.6,5.0,Email,Sales,AGT-03
TKT-03857,2026-06-12 14:24:30,2026-06-12 23:18:30,Hardware,P3 - Medium,Closed,24,8.9,5.0,Phone,Sales,AGT-10
TKT-04403,2025-08-08 13:24:01,2025-08-08 16:42:01,Access & Accounts,P2 - High,Closed,8,3.3,5.0,Email,Operations,AGT-11
TKT-01613,2026-05-31 11:24:08,2026-05-31 20:06:08,Network,P3 - Medium,Closed,24,8.7,,Phone,HR,AGT-04
TKT-02224,2025-10-15 13:40:31,2025-10-15 14:52:31,Software,P1 - Critical,Closed,4,1.2,5.0,Chat,Operations,AGT-03
TKT-04334,2026-02-03 13:31:55,2026-02-03 23:37:55,Software,P2 - High,Resolved,8,10.1,,Phone,R&D,AGT-01
TKT-03650,2026-07-03 11:27:08,2026-07-04 20:57:08,Network,P3 - Medium,Closed,24,33.5,1.0,Portal,HR,AGT-04
TKT-03400,2026-04-13 10:28:17,2026-04-13 21:22:17,Software,P3 - Medium,Closed,24,10.9,4.0,Email,Sales,AGT-02
TKT-03308,2025-08-11 16:28:08,2025-08-11 22:04:08, Software ,P3 - Medium,Resolved,24,5.6,,Portal,Operations,AGT-11
TKT-02981,2026-03-30 11:56:11,2026-03-31 02:26:11, Email & Collaboration ,P4 - Low,Closed,48,14.5,,Email,HR,AGT-02
TKT-01865,2026-04-08 10:57:21,2026-04-10 01:51:21,Security,P3 - Medium,Resolved,24,38.9,,Email,Sales,AGT-07
TKT-02312,2025-09-01 17:53:44,2025-09-02 06:11:44,Network,P4 - Low,Closed,48,12.3,,Portal,Finance,AGT-05
TKT-02922,2025-08-04 11:46:48,2025-08-04 22:40:48,Email & Collaboration,P3 - Medium,Closed,24,10.9,4.0,Portal,R&D,AGT-03
TKT-00795,2025-08-13 16:19:30,2025-08-13 19:25:30,Software,P2 - High,Resolved,8,3.1,4.0,Email,Customer Support,AGT-11
TKT-03362,2025-12-15 13:14:18,2025-12-15 21:32:18,HARDWARE,P4 - Low,Resolved,48,8.3,5.0,Phone,Sales,AGT-09
TKT-00842,2026-06-09 13:02:49,2026-06-09 15:38:49,Hardware,P2 - High,Closed,8,2.6,5.0,Email,R&D,AGT-09
TKT-01908,2025-08-29 17:21:18,2025-08-30 22:57:18,Email & Collaboration,P3 - Medium,Resolved,24,29.6,4.0,Chat,Finance,AGT-03
TKT-02094,2025-10-23 15:46:36,2025-10-24 03:04:36,Network,P3 - Medium,Closed,24,11.3,,Email,HR,AGT-05
TKT-00176,2025-08-19 16:24:45,2025-08-20 00:36:45,Email & Collaboration,P4 - Low,Closed,48,8.2,,,Operations,AGT-01
TKT-04919,2026-07-28 13:16:19,2026-07-28 18:58:19,Network,P3 - Medium,Resolved,24,5.7,4.0,,Operations,AGT-05
TKT-04587,2026-02-16 14:32:33,,Network,P3 - Medium,In Progress,24,,,Portal,Sales,AGT-06
TKT-04310,2026-04-03 08:58:42,2026-04-03 16:52:42,Access & Accounts,P3 - Medium,Closed,24,7.9,4.0,Email,HR,AGT-03
TKT-00046,2026-06-12 12:01:45,2026-06-14 14:01:45,email & collaboration,P3 - Medium,Resolved,24,50.0,2.0,Chat,Customer Support,AGT-11
TKT-02802,2026-02-10 16:22:47,2026-02-10 20:28:47,Security,P3 - Medium,Closed,24,4.1,3.0,Phone,Operations,AGT-08
TKT-01293,2026-03-06 13:57:22,2026-03-06 19:09:22,Software,P1 - Critical,Closed,4,5.2,3.0,Phone,Finance,AGT-03
TKT-01878,2025-12-04 10:52:14,2025-12-04 13:58:14,Network,P2 - High,Closed,8,3.1,4.0,Chat,IT,AGT-05
TKT-02881,2025-10-03 11:58:41,2025-10-03 15:34:41,Software,P3 - Medium,Closed,24,3.6,4.0,Phone,Customer Support,AGT-11
TKT-04048,2025-11-13 12:27:32,,Software,P2 - High,In Progress,8,,,Portal,R&D,AGT-11
TKT-03394,2025-08-12 14:38:19,2025-08-12 15:26:19,Email & Collaboration,P1 - Critical,Resolved,4,0.8,,Phone,Sales,AGT-11
TKT-01216,2026-02-22 15:34:38,2026-02-23 02:34:38,Access & Accounts,P4 - Low,Resolved,48,11.0,,Chat,HR,AGT-11
TKT-03741,2025-10-23 16:57:38,2025-10-24 03:33:38,Access & Accounts,P4 - Low,Closed,48,10.6,5.0,Email,Operations,AGT-02
TKT-03853,2025-12-23 12:12:49,2025-12-23 18:54:49,Access & Accounts,P3 - Medium,Resolved,24,6.7,4.0,Email,Finance,AGT-02
TKT-02836,2026-04-10 11:40:47,2026-04-12 10:28:47,Security,P3 - Medium,Resolved,24,46.8,3.0,Chat,Finance,AGT-08
TKT-03154,2025-09-18 11:59:52,2025-09-22 17:35:52,Software,P4 - Low,Closed,48,101.6,2.0,Portal,Finance,AGT-03
TKT-03211,2025-12-17 14:55:06,2025-12-18 06:49:06,Network,P3 - Medium,Resolved,24,15.9,4.0,Email,IT,AGT-06
TKT-00284,2025-11-06 14:52:09,2025-11-06 16:04:09,Security,P2 - High,Closed,8,1.2,,Email,Finance,AGT-08
TKT-01676,2026-08-04 16:24:52,2026-08-05 18:54:52,Email & Collaboration,P4 - Low,Resolved,48,26.5,,Portal,IT,AGT-11
TKT-01635,2026-08-21 14:49:20,2026-08-21 19:43:20,Hardware,P3 - Medium,Resolved,24,4.9,,Email,HR,AGT-09
TKT-01935,2026-05-07 12:29:38,2026-05-08 04:35:38,Hardware,P2 - High,Closed,8,16.1,2.0,Phone,Finance,AGT-10
TKT-03928,2026-06-22 17:15:37,2026-06-23 00:03:37,Hardware,P4 - Low,Closed,48,6.8,5.0,Portal,Operations,AGT-09
TKT-01372,2026-08-07 15:39:54,2026-08-07 18:15:54,Access & Accounts,P3 - Medium,Closed,24,2.6,4.0,,Finance,AGT-03
TKT-03977,2025-08-22 11:49:32,2025-08-22 22:19:32,Network,P4 - Low,Resolved,48,10.5,5.0,Portal,Customer Support,AGT-06
TKT-01421,2026-05-05 16:24:16,2026-05-06 02:00:16,Email & Collaboration,P4 - Low,Resolved,48,9.6,4.0,,Finance,AGT-03
TKT-03671,2025-12-19 12:51:56,2025-12-20 02:03:56,Email & Collaboration,P3 - Medium,Closed,24,13.2,4.0,Portal,Finance,AGT-01
TKT-01175,2026-02-15 11:19:07,2026-02-15 12:43:07,Email & Collaboration,P1 - Critical,Closed,4,1.4,5.0,Portal,Operations,AGT-11
TKT-02599,2026-08-05 10:25:40,2026-08-05 15:25:40,Network,P3 - Medium,Closed,24,5.0,5.0,Email,Sales,AGT-12
TKT-01729,2025-08-13 17:17:53,2025-08-14 02:59:53,Security,P3 - Medium,Closed,24,9.7,,Email,Customer Support,AGT-08
TKT-02742,2026-06-29 15:50:38,2026-06-30 02:56:38,Access & Accounts,P3 - Medium,Resolved,24,11.1,5.0,Chat,Sales,AGT-11
TKT-03261,2025-09-01 12:38:03,2025-09-01 21:14:03,Access & Accounts,P4 - Low,Resolved,48,8.6,5.0,Portal,HR,AGT-01
TKT-02438,2026-04-18 11:21:21,2026-04-18 14:45:21,Software,P2 - High,Resolved,8,3.4,,Chat,Sales,AGT-11
TKT-01053,2025-11-17 11:21:02,2025-11-17 21:09:02,Email & Collaboration,P4 - Low,Resolved,48,9.8,5.0,Portal,R&D,AGT-11
TKT-04482,2026-04-07 16:22:29,2026-04-09 23:40:29,Network,P3 - Medium,Resolved,24,55.3,3.0,Portal,Customer Support,AGT-12
TKT-04595,2025-10-23 14:55:50,2025-10-24 03:43:50,hardware,P4 - Low,Closed,48,12.8,5.0,Email,IT,AGT-09
TKT-01868,2025-10-20 15:04:16,2025-10-22 06:58:16,Hardware,P4 - Low,Closed,48,39.9,5.0,Portal,Operations,AGT-10
TKT-01537,2026-06-03 11:22:26,2026-06-03 19:16:26,SOFTWARE,P3 - Medium,Resolved,24,7.9,4.0,Chat,Customer Support,AGT-01
TKT-02895,2026-08-23 09:50:10,2026-08-23 16:38:10,Network,P3 - Medium,Closed,24,6.8,,Portal,Operations,AGT-06
TKT-00100,2026-08-13 15:12:32,2026-08-13 18:42:32,Network,P3 - Medium,Closed,24,3.5,,Portal,R&D,AGT-05
TKT-02664,2025-11-05 11:23:11,2025-11-05 18:29:11,Access & Accounts,P3 - Medium,Closed,24,7.1,4.0,Phone,Sales,AGT-03
TKT-01943,2026-01-09 13:46:09,2026-01-09 17:28:09,Network,P3 - Medium,Resolved,24,3.7,4.0,Email,IT,AGT-04
TKT-04939,2026-04-06 17:39:29,2026-04-07 05:09:29,SOFTWARE,P4 - Low,Resolved,48,11.5,4.0,Phone,Customer Support,AGT-03
TKT-04255,2026-06-29 11:17:49,2026-06-29 21:47:49,Network,P3 - Medium,Closed,24,10.5,4.0,Email,IT,AGT-05
TKT-00352,2025-10-07 09:57:45,2025-10-07 17:45:45,Hardware ,P3 - Medium,Resolved,24,7.8,,Phone,Finance,AGT-10
TKT-02781,2025-09-16 12:56:31,2025-09-16 15:32:31,Network,P2 - High,Resolved,8,2.6,5.0,Portal,HR,AGT-06
TKT-01324,2026-06-05 09:20:23,2026-06-05 10:44:23,Hardware,P2 - High,Closed,8,1.4,,Chat,Finance,AGT-09
TKT-03232,2025-09-15 14:36:17,2025-09-15 20:06:17,Software,P3 - Medium,Closed,24,5.5,4.0,Chat,Customer Support,AGT-02
TKT-02058,2026-02-03 12:24:50,2026-02-06 12:42:50,Email & Collaboration,P4 - Low,Resolved,48,72.3,2.0,Email,Finance,AGT-02
TKT-00719,2026-04-14 13:52:18,2026-04-14 23:40:18,HARDWARE,P4 - Low,Closed,48,9.8,,Email,Finance,AGT-09
TKT-02751,2025-10-28 12:42:03,2025-10-28 21:24:03,Software,P4 - Low,Resolved,48,8.7,4.0,Phone,R&D,AGT-03
TKT-02772,2026-06-10 10:55:46,2026-06-10 12:37:46,Software,P2 - High,Closed,8,1.7,5.0,Email,Finance,AGT-02
TKT-01565,2026-06-08 13:58:26,2026-06-09 14:10:26,Email & Collaboration,P4 - Low,Resolved,48,24.2,5.0,Portal,Operations,AGT-11
TKT-00309,2025-11-13 12:05:50,2025-11-14 05:35:50,Access & Accounts,P4 - Low,Resolved,48,17.5,4.0,Email,R&D,AGT-11
TKT-03622,2025-11-18 13:50:49,2025-11-18 15:44:49,Security,P2 - High,Resolved,8,1.9,4.0,Portal,IT,AGT-07
TKT-00834,2026-04-23 15:57:28,2026-04-24 02:03:28,Hardware,P3 - Medium,Closed,24,10.1,4.0,Portal,IT,AGT-09
TKT-00367,2026-06-01 14:45:53,2026-06-01 17:51:53,Security,P2 - High,Resolved,8,3.1,5.0,Portal,Customer Support,AGT-07
TKT-01703,2025-12-17 17:58:49,2025-12-19 10:10:49,Network,P3 - Medium,Closed,24,40.2,2.0,Email,R&D,AGT-04
TKT-02116,2026-07-30 09:38:47,2026-07-30 14:32:47,Security,P3 - Medium,Resolved,24,4.9,5.0,Chat,IT,AGT-07
TKT-00965,2026-08-10 11:02:58,2026-08-11 16:02:58,Software,P4 - Low,Closed,48,29.0,5.0,Portal,R&D,AGT-01
TKT-03829,2026-08-03 11:06:43,2026-08-05 20:18:43,Access & Accounts,P3 - Medium,Closed,24,57.2,1.0,Portal,Sales,AGT-02
TKT-02586,2026-01-22 13:57:19,2026-01-22 17:21:19,Email & Collaboration,P3 - Medium,Resolved,24,3.4,,Email,Operations,AGT-01
TKT-03127,2026-03-02 11:46:11,2026-03-04 09:52:11,Software,P3 - Medium,Closed,24,46.1,2.0,Chat,R&D,AGT-02
TKT-00020,2026-04-06 16:57:45,2026-04-08 06:27:45,Software,P3 - Medium,Closed,24,37.5,2.0,Portal,R&D,AGT-01
TKT-04908,2025-09-17 10:24:27,2025-09-17 15:18:27,Network,P3 - Medium,Closed,24,4.9,5.0,,IT,AGT-06
TKT-01225,2025-10-08 12:20:29,2025-10-09 17:44:29,SOFTWARE,P4 - Low,Resolved,48,29.4,5.0,Email,Operations,AGT-01
TKT-02134,2026-07-30 12:44:51,2026-07-30 14:02:51,Network,P2 - High,Closed,8,1.3,5.0,Email,Operations,AGT-04
TKT-00219,2026-07-30 15:28:12,2026-07-31 12:28:12,Network,P4 - Low,Closed,48,21.0,5.0,Email,IT,AGT-06
TKT-01535,2025-08-28 10:15:58,2025-08-28 16:27:58,Software,P3 - Medium,Closed,24,6.2,5.0,Email,R&D,AGT-11
TKT-00439,2026-05-20 13:26:10,2026-05-23 00:38:10,Email & Collaboration,P3 - Medium,Closed,24,59.2,2.0,Portal,Finance,AGT-01
TKT-02441,2026-08-27 11:41:07,,Network,P1 - Critical,Open,4,,,Chat,Operations,AGT-12
TKT-01780,2026-01-31 11:54:52,2026-01-31 22:48:52,Network,P3 - Medium,Closed,24,10.9,,Portal,Finance,AGT-05
TKT-03347,2026-06-09 11:36:15,2026-06-09 14:06:15,Access & Accounts,P2 - High,Resolved,8,2.5,5.0,Phone,Finance,AGT-01
TKT-03494,2026-03-27 10:30:11,2026-03-28 22:30:11,Email & Collaboration,P4 - Low,Resolved,48,36.0,4.0,Portal,R&D,AGT-02
TKT-03712,2026-05-26 12:06:00,2026-05-27 17:18:00,Software,P3 - Medium,Closed,24,29.2,2.0,Portal,Finance,AGT-11
TKT-04688,2026-01-26 10:31:26,2026-01-26 15:25:26,Software,P3 - Medium,Closed,24,4.9,4.0,Email,Customer Support,AGT-11
TKT-04963,2026-02-08 10:00:40,2026-02-08 18:18:40,Email & Collaboration,P3 - Medium,Closed,24,8.3,5.0,Portal,IT,AGT-11
TKT-02813,2026-04-30 13:10:40,2026-04-30 16:22:40,Hardware,P3 - Medium,Closed,24,3.2,,Email,Operations,AGT-10
TKT-00803,2026-07-16 14:04:06,2026-07-20 20:34:06,Software,P4 - Low,Closed,48,102.5,,Email,Customer Support,AGT-11
TKT-04695,2026-01-05 12:51:03,2026-01-05 18:45:03,Access & Accounts,P3 - Medium,Resolved,24,5.9,4.0,,Finance,AGT-03
TKT-02268,2026-02-16 16:50:21,2026-02-16 23:38:21,Software,P3 - Medium,Resolved,24,6.8,,Email,Finance,AGT-02
TKT-03789,2025-12-16 12:09:58,2025-12-17 03:39:58,Email & Collaboration,P2 - High,Resolved,8,15.5,2.0,Phone,Sales,AGT-01
TKT-01376,2025-09-02 16:47:16,2025-09-02 22:35:16,Security,P3 - Medium,Closed,24,5.8,4.0,Portal,IT,AGT-08
TKT-00583,2025-09-11 16:50:39,2025-09-11 18:02:39,Access & Accounts,P2 - High,Resolved,8,1.2,3.0,Email,Sales,AGT-01
TKT-00204,2025-09-26 12:09:09,2025-09-27 10:33:09,Access & Accounts,P4 - Low,Closed,48,22.4,5.0,Email,Operations,AGT-03
TKT-04285,2026-07-18 12:59:52,2026-07-18 15:05:52,Network,P2 - High,Closed,8,2.1,4.0,Portal,Operations,AGT-04
TKT-04383,2025-10-28 14:22:37,2025-10-29 02:46:37,SOFTWARE,P3 - Medium,Resolved,24,12.4,4.0,Email,R&D,AGT-01
TKT-02289,2025-10-18 10:09:40,2025-10-18 11:39:40,Software,P1 - Critical,Closed,4,1.5,4.0,Email,R&D,AGT-02
TKT-02219,2026-08-07 11:32:45,2026-08-07 16:20:45,Network,P3 - Medium,Closed,24,4.8,4.0,Portal,R&D,AGT-06
TKT-03468,2025-11-27 16:23:38,2025-12-02 15:35:38,Network,P4 - Low,Resolved,48,119.2,2.0,Portal,R&D,AGT-04
TKT-03028,2026-07-03 11:55:44,2026-07-08 11:43:44,Network,P4 - Low,Closed,48,119.8,2.0,Portal,Finance,AGT-04
TKT-04290,2026-03-26 16:28:16,2026-03-26 20:34:16,Network,P2 - High,Resolved,8,4.1,4.0,,Sales,AGT-04
TKT-01860,2025-11-12 13:59:02,2025-11-12 21:53:02,Security,P4 - Low,Closed,48,7.9,4.0,Chat,Operations,AGT-07
TKT-01323,2025-08-04 14:05:15,2025-08-05 05:41:15,Network,P3 - Medium,Resolved,24,15.6,4.0,Phone,Sales,AGT-05
TKT-04666,2026-01-08 11:03:37,2026-01-08 12:45:37,Software,P1 - Critical,Resolved,4,1.7,5.0,Portal,R&D,AGT-03
TKT-03411,2026-04-16 15:02:19,2026-04-17 03:50:19,SECURITY,P4 - Low,Closed,48,12.8,5.0,Portal,Operations,AGT-07
TKT-00518,2026-05-19 18:22:52,2026-05-21 09:22:52,Hardware,P4 - Low,Closed,48,39.0,,Portal,Customer Support,AGT-10
TKT-04634,2025-11-15 15:14:50,2025-11-16 06:02:50,network,P4 - Low,Resolved,48,14.8,3.0,Portal,Operations,AGT-06
TKT-01610,2026-01-17 12:47:48,2026-01-19 22:53:48,Security,P3 - Medium,Closed,24,58.1,1.0,Phone,IT,AGT-08
TKT-01892,2026-05-26 17:08:15,2026-05-27 09:32:15,Software,P4 - Low,Resolved,48,16.4,4.0,Phone,Finance,AGT-01
TKT-00669,2025-11-25 12:33:20,2025-11-25 14:57:20,Network,P3 - Medium,Resolved,24,2.4,,Email,Customer Support,AGT-04
TKT-01863,2026-08-25 13:26:55,2026-08-25 21:38:55,Network,P3 - Medium,Closed,24,8.2,4.0,Phone,Operations,AGT-05
TKT-02245,2025-12-30 17:45:54,2025-12-31 12:27:54,Security,P4 - Low,Resolved,48,18.7,4.0,Portal,IT,AGT-08
TKT-04952,2026-05-19 10:53:22,2026-05-21 20:17:22,Hardware,P4 - Low,Closed,48,57.4,1.0,Portal,Finance,AGT-10
TKT-04085,2026-03-01 12:41:13,2026-03-01 15:35:13,Security,P3 - Medium,Resolved,24,2.9,4.0,Email,Finance,AGT-07
TKT-01282,2026-01-08 10:03:26,2026-01-08 16:51:26,Security,P3 - Medium,Closed,24,6.8,5.0,Portal,Finance,AGT-08
TKT-01269,2026-02-12 13:20:49,2026-02-13 15:20:49,Security,P4 - Low,Closed,48,26.0,4.0,Email,Customer Support,AGT-08
TKT-03649,2025-11-06 18:55:02,2025-11-06 22:01:02,Network,P2 - High,Closed,8,3.1,5.0,Portal,Sales,AGT-04
TKT-02779,2025-11-11 12:33:04,2025-11-12 01:57:04,Network,P2 - High,Resolved,8,13.4,,Chat,IT,AGT-05
TKT-03403,2026-02-23 14:19:40,2026-02-23 14:37:40,Network,P1 - Critical,Resolved,4,0.3,4.0,Email,R&D,AGT-06
TKT-04000,2025-10-10 15:40:32,2025-10-11 04:22:32,Hardware,P3 - Medium,Resolved,24,12.7,4.0,Email,R&D,AGT-09
TKT-02859,2026-05-21 13:38:45,2026-05-24 12:26:45,Network,P4 - Low,Closed,48,70.8,1.0,Email,Finance,AGT-04
TKT-00760,2026-01-28 11:20:18,2026-01-28 14:20:18,Software,P2 - High,Closed,8,3.0,,Portal,Customer Support,AGT-03
TKT-01616,2025-10-23 11:32:12,2025-10-23 21:02:12,Security,P3 - Medium,Closed,24,9.5,5.0,Email,Finance,AGT-08
TKT-04943,2026-03-23 15:24:41,2026-03-24 16:12:41,Network,P3 - Medium,Closed,24,24.8,4.0,Portal,Customer Support,AGT-05
TKT-02719,2025-08-06 11:14:54,2025-08-07 06:26:54,Network,P3 - Medium,Closed,24,19.2,5.0,Portal,Finance,AGT-04
TKT-04293,2025-08-30 13:56:57,2025-08-30 20:20:57,Hardware,P3 - Medium,Closed,24,6.4,5.0,Portal,Customer Support,AGT-10
TKT-04026,2026-08-07 10:17:49,2026-08-08 09:17:49,Hardware,P3 - Medium,Closed,24,23.0,,Email,Sales,AGT-09
TKT-02424,2025-09-08 15:28:23,2025-09-10 00:28:23,Network,P3 - Medium,Resolved,24,33.0,1.0,Portal,R&D,AGT-12
TKT-00215,2026-05-08 17:08:36,2026-05-09 08:38:36,Software,P4 - Low,Closed,48,15.5,5.0,Portal,Finance,AGT-03
TKT-03665,2025-11-04 11:44:33,2025-11-04 14:26:33,Software,P1 - Critical,Closed,4,2.7,,Email,R&D,AGT-03
TKT-01182,2025-09-17 16:21:49,2025-09-18 02:09:49,Access & Accounts,P1 - Critical,Resolved,4,9.8,3.0,Portal,HR,AGT-03
TKT-00694,2025-12-06 11:08:07,2025-12-07 10:56:07,Access & Accounts,P4 - Low,Closed,48,23.8,4.0,Email,Customer Support,AGT-02
TKT-04701,2026-08-19 10:40:16,,Network,P3 - Medium,Open,24,,,Chat,Customer Support,AGT-06
TKT-03827,2025-11-14 10:21:39,2025-11-14 18:39:39,Hardware,P3 - Medium,Closed,24,8.3,4.0,Portal,Operations,AGT-09
TKT-02477,2025-09-26 15:49:29,2025-09-29 02:31:29,Access & Accounts,P3 - Medium,Resolved,24,58.7,,Email,Finance,AGT-02
TKT-02178,2026-06-19 14:10:18,2026-06-19 15:58:18,Access & Accounts,P2 - High,Closed,8,1.8,5.0,Email,HR,AGT-02
TKT-03785,2026-02-23 18:59:27,2026-02-24 00:23:27,Software,P3 - Medium,Resolved,24,5.4,4.0,Email,IT,AGT-11
TKT-02119,2025-09-12 12:13:40,2025-09-13 04:07:40,Email & Collaboration,P4 - Low,Resolved,48,15.9,,Portal,Operations,AGT-11
TKT-01232,2026-03-18 09:35:54,2026-03-20 02:11:54,Security,P3 - Medium,Closed,24,40.6,,,Finance,AGT-07
TKT-01845,2025-10-06 09:05:49,2025-10-06 20:11:49,Security,P4 - Low,Closed,48,11.1,,Email,Sales,AGT-08
TKT-00197,2026-03-24 18:00:27,2026-03-24 22:48:27,Email & Collaboration,P3 - Medium,Closed,24,4.8,4.0,Portal,Sales,AGT-02
TKT-01331,2026-06-01 12:10:59,2026-06-02 09:16:59,Software,P4 - Low,Closed,48,21.1,4.0,Phone,Customer Support,AGT-11
TKT-01962,2026-01-12 08:04:20,2026-01-12 19:52:20,Access & Accounts,P4 - Low,Resolved,48,11.8,5.0,Portal,Sales,AGT-03
TKT-01074,2026-08-03 12:20:45,2026-08-04 05:08:45,Software,P4 - Low,Closed,48,16.8,,Phone,Operations,AGT-01
TKT-00880,2026-03-17 12:53:14,2026-03-17 18:53:14,Access & Accounts,P3 - Medium,Closed,24,6.0,4.0,Email,R&D,AGT-01
TKT-01256,2026-07-01 13:42:32,2026-07-01 15:42:32,Network,P2 - High,Closed,8,2.0,,Email,HR,AGT-04
TKT-03415,2025-11-26 11:37:05,2025-11-27 11:01:05,Network,P4 - Low,Closed,48,23.4,4.0,Chat,Operations,AGT-06
TKT-01630,2026-01-08 15:00:34,2026-01-09 06:54:34,Network,P2 - High,Resolved,8,15.9,1.0,Portal,Customer Support,AGT-05
TKT-04110,2026-02-20 13:36:31,2026-02-20 17:30:31,Network,P2 - High,Closed,8,3.9,3.0,Email,IT,AGT-06
TKT-00888,2025-09-22 13:31:23,2025-09-22 20:31:23,Network,P3 - Medium,Closed,24,7.0,4.0,Email,Operations,AGT-12
TKT-02330,2026-02-12 17:32:23,2026-02-12 23:44:23,Network,P3 - Medium,Resolved,24,6.2,5.0,Email,Operations,AGT-06
TKT-00069,2025-08-13 09:14:02,2025-08-13 12:32:02,Network,P3 - Medium,Closed,24,3.3,5.0,Email,Customer Support,AGT-04
TKT-02526,2025-09-30 08:38:01,2025-09-30 13:44:01,Software,P3 - Medium,Closed,24,5.1,4.0,Email,R&D,AGT-01
TKT-03542,2026-03-03 11:00:40,2026-03-03 19:12:40,Access & Accounts,P3 - Medium,Resolved,24,8.2,5.0,Email,Finance,AGT-01
TKT-00569,2025-12-23 17:39:11,2025-12-23 23:09:11,Software,P3 - Medium,Closed,24,5.5,4.0,Portal,IT,AGT-02
TKT-02147,2025-09-08 14:05:04,2025-09-12 19:11:04,Security,P4 - Low,Closed,48,101.1,3.0,Portal,Customer Support,AGT-07
TKT-00097,2025-12-22 10:09:40,2025-12-23 03:39:40,Access & Accounts,P4 - Low,Closed,48,17.5,4.0,Phone,Operations,AGT-11
TKT-01039,2026-01-21 11:27:59,2026-01-21 16:33:59,Hardware,P2 - High,Resolved,8,5.1,4.0,Email,Sales,AGT-09
TKT-01452,2026-03-31 17:23:39,2026-03-31 19:47:39,Access & Accounts,P2 - High,Closed,8,2.4,,Portal,Customer Support,AGT-02
TKT-00140,2025-09-03 10:34:43,2025-09-03 14:16:43,Software,P3 - Medium,Closed,24,3.7,5.0,Portal,R&D,AGT-01
TKT-02672,2026-01-23 08:59:57,2026-01-24 06:17:57,Hardware,P3 - Medium,Closed,24,21.3,4.0,Email,Customer Support,AGT-09
TKT-02650,2026-06-29 13:52:59,2026-06-29 22:04:59,Access & Accounts,P2 - High,Resolved,8,8.2,,Phone,Operations,AGT-01
TKT-02826,2026-05-18 14:19:26,2026-05-19 01:43:26,Email & Collaboration,P4 - Low,Resolved,48,11.4,4.0,Portal,Finance,AGT-03
TKT-04955,2025-10-29 12:53:38,2025-10-30 15:05:38,Access & Accounts,P3 - Medium,Resolved,24,26.2,,Email,Customer Support,AGT-11
TKT-04245,2026-05-09 13:01:59,2026-05-09 22:55:59,Hardware,P3 - Medium,Resolved,24,9.9,5.0,Portal,R&D,AGT-09
TKT-03908,2026-07-13 11:32:22,2026-07-14 02:20:22,Network,P4 - Low,Resolved,48,14.8,5.0,Email,R&D,AGT-05
TKT-01591,2025-10-16 11:57:45,2025-10-16 22:39:45,Email & Collaboration,P3 - Medium,Closed,24,10.7,,Portal,Operations,AGT-03
TKT-01420,2026-08-17 14:18:19,2026-08-20 12:00:19,Network,P4 - Low,Closed,48,69.7,,Email,Finance,AGT-04
TKT-01753,2026-07-15 14:20:16,2026-07-16 08:14:16,Software,P4 - Low,Closed,48,17.9,4.0,Email,Operations,AGT-11
TKT-04983,2025-12-01 13:04:43,2025-12-01 20:58:43,Access & Accounts,P3 - Medium,Closed,24,7.9,,Chat,HR,AGT-11
TKT-00464,2025-11-27 15:43:49,2025-11-28 01:43:49,Network,P3 - Medium,Closed,24,10.0,4.0,Phone,Customer Support,AGT-06
TKT-02371,2026-01-29 13:27:23,2026-01-29 16:45:23,Hardware,P2 - High,Resolved,8,3.3,4.0,Email,Operations,AGT-10
TKT-03197,2026-03-06 14:49:25,2026-03-06 21:19:25,Network,P3 - Medium,Closed,24,6.5,5.0,Portal,IT,AGT-05
TKT-02046,2025-08-18 14:02:32,2025-08-18 17:32:32, Email & Collaboration ,P2 - High,Closed,8,3.5,5.0,Portal,Sales,AGT-01
TKT-00595,2025-08-04 14:46:36,2025-08-04 20:16:36,Access & Accounts,P3 - Medium,Closed,24,5.5,5.0,Portal,Finance,AGT-03
TKT-01361,2026-04-20 11:34:51,2026-04-20 12:52:51,Network,P2 - High,Closed,8,1.3,4.0,Email,Sales,AGT-06
TKT-00626,2026-01-09 15:11:12,2026-01-09 16:41:12,Hardware,P1 - Critical,Closed,4,1.5,4.0,Portal,Finance,AGT-09
TKT-00451,2025-08-18 15:32:01,2025-08-19 00:56:01,Software,P4 - Low,Closed,48,9.4,5.0,Email,Finance,AGT-11
TKT-04906,2026-03-13 17:28:16,,Email & Collaboration,P4 - Low,In Progress,48,,,Portal,Finance,AGT-01
TKT-03986,2025-08-29 09:19:23,2025-08-29 14:49:23,Hardware,P3 - Medium,Resolved,24,5.5,3.0,Email,Operations,AGT-10
TKT-01102,2025-12-11 08:32:58,2025-12-11 17:44:58,Hardware ,P3 - Medium,Closed,24,9.2,5.0,Email,Customer Support,AGT-09
TKT-01589,2025-11-25 14:14:34,2025-11-26 01:44:34,Access & Accounts,P4 - Low,Closed,48,11.5,4.0,Phone,Finance,AGT-01
TKT-01624,2025-09-04 10:47:04,2025-09-07 19:35:04,Access & Accounts,P4 - Low,Resolved,48,80.8,,Phone,R&D,AGT-11
TKT-00997,2026-04-08 16:15:31,2026-04-09 14:45:31,Email & Collaboration,P4 - Low,Closed,48,22.5,3.0,Email,Operations,AGT-03
TKT-04224,2025-09-30 17:56:07,2025-10-01 07:20:07,Hardware,P4 - Low,Closed,48,13.4,4.0,Email,Customer Support,AGT-10
TKT-04399,2025-10-01 09:46:23,2025-10-04 20:40:23,Security,P4 - Low,Closed,48,82.9,1.0,Portal,Customer Support,AGT-08
TKT-02896,2025-09-04 17:16:48,2025-09-04 21:58:48,Email & Collaboration,P3 - Medium,Resolved,24,4.7,4.0,Email,Operations,AGT-03
TKT-04018,2026-01-26 08:49:41,,Software,P3 - Medium,In Progress,24,,,Email,Customer Support,AGT-11
TKT-02978,2026-05-06 16:52:58,2026-05-06 20:28:58,Email & Collaboration,P3 - Medium,Closed,24,3.6,5.0,Email,Operations,AGT-01
TKT-03286,2026-04-08 15:11:59,2026-04-08 16:53:59,Software,P2 - High,Resolved,8,1.7,4.0,Phone,Sales,AGT-03
TKT-02053,2026-01-26 14:56:43,2026-01-26 21:38:43,Access & Accounts,P3 - Medium,Resolved,24,6.7,5.0,Portal,HR,AGT-02
TKT-04719,2026-02-16 10:45:41,2026-02-16 15:39:41,email & collaboration,P3 - Medium,Closed,24,4.9,4.0,Portal,IT,AGT-02
TKT-01000,2025-11-19 16:31:44,, Software ,P3 - Medium,In Progress,24,,,Portal,HR,AGT-01
TKT-01472,2025-10-14 14:12:30,2025-10-15 01:18:30,Access & Accounts,P3 - Medium,Closed,24,11.1,,,Customer Support,AGT-11
TKT-03352,2025-09-16 11:57:30,2025-09-16 14:27:30,Access & Accounts,P2 - High,Resolved,8,2.5,,Portal,Sales,AGT-11
TKT-00193,2025-09-18 11:03:46,2025-09-18 21:03:46,Software,P3 - Medium,Closed,24,10.0,5.0,Chat,HR,AGT-11
TKT-03809,2026-08-03 13:49:28,,Security,P2 - High,In Progress,8,,,Email,IT,AGT-08
TKT-04215,2026-03-11 10:23:58,2026-03-13 19:41:58,Hardware,P3 - Medium,Closed,24,57.3,1.0,Phone,Finance,AGT-09
TKT-04201,2025-10-21 11:11:27,2025-10-21 20:47:27, Access & Accounts ,P4 - Low,Closed,48,9.6,4.0,Email,Sales,AGT-02
TKT-04265,2026-04-27 13:51:35,2026-04-28 15:39:35,Network,P4 - Low,Resolved,48,25.8,5.0,Email,Sales,AGT-04
TKT-04459,2025-08-19 09:17:33,2025-08-19 20:29:33,access & accounts,P4 - Low,Closed,48,11.2,4.0,Email,IT,AGT-11
TKT-03372,2025-08-15 18:24:17,2025-08-16 04:54:17,Network,P3 - Medium,Resolved,24,10.5,3.0,Phone,R&D,AGT-04
TKT-04554,2026-04-23 15:30:13,2026-04-23 19:24:13,Network,P2 - High,Resolved,8,3.9,5.0,Email,Operations,AGT-05
TKT-03059,2025-10-24 10:57:21,2025-10-24 12:39:21,Security,P2 - High,Resolved,8,1.7,4.0,Email,Operations,AGT-07
TKT-01731,2026-08-06 16:28:39,2026-08-07 03:34:39,Network,P3 - Medium,Closed,24,11.1,5.0,Portal,Sales,AGT-04
TKT-04239,2026-02-27 12:20:38,2026-02-27 20:44:38,Software,P3 - Medium,Resolved,24,8.4,4.0,Portal,Sales,AGT-11
TKT-04227,2026-03-25 12:15:32,2026-03-25 15:09:32,Network,P3 - Medium,Closed,24,2.9,4.0,Portal,Sales,AGT-04
TKT-02474,2026-02-20 15:39:14,2026-02-20 17:39:14,Hardware,P2 - High,Resolved,8,2.0,4.0,Portal,Finance,AGT-10
TKT-04303,2026-08-27 11:46:39,2026-08-28 00:28:39,Security,P3 - Medium,Closed,24,12.7,4.0,Chat,Operations,AGT-07
TKT-03802,2025-10-21 16:47:09,2025-10-21 19:11:09,Network,P1 - Critical,Closed,4,2.4,5.0,Email,HR,AGT-04
TKT-02998,2025-10-22 16:02:49,2025-10-23 01:44:49,Hardware,P4 - Low,Resolved,48,9.7,5.0,Email,IT,AGT-09
TKT-01655,2026-08-06 12:06:58,2026-08-06 14:30:58,Network,P2 - High,Closed,8,2.4,,Portal,R&D,AGT-04
TKT-02629,2025-11-21 16:14:24,2025-11-22 18:08:24,Email & Collaboration,P3 - Medium,Closed,24,25.9,3.0,Portal,Operations,AGT-01
TKT-04957,2026-07-03 13:21:24,2026-07-03 14:57:24,Network,P2 - High,Closed,8,1.6,4.0,Email,Sales,AGT-06
TKT-00192,2025-11-04 15:57:11,2025-11-05 04:45:11,Software,P3 - Medium,Closed,24,12.8,,Email,Finance,AGT-02
TKT-01514,2026-05-21 12:53:43,2026-05-21 18:23:43,Access & Accounts,P3 - Medium,Resolved,24,5.5,,Email,Sales,AGT-02
TKT-01739,2026-02-25 15:27:26,2026-02-25 16:21:26,Security,P1 - Critical,Closed,4,0.9,4.0,Chat,Customer Support,AGT-07
TKT-03528,2025-09-30 16:45:33,2025-09-30 22:39:33,Software,P3 - Medium,Resolved,24,5.9,4.0,Portal,Operations,AGT-11
TKT-02758,2026-05-01 16:27:10,2026-05-02 05:15:10,Email & Collaboration,P4 - Low,Resolved,48,12.8,4.0,Phone,Customer Support,AGT-01
TKT-04260,2025-11-18 12:58:34,2025-11-18 20:52:34,Network,P1 - Critical,Resolved,4,7.9,2.0,Portal,Finance,AGT-05
TKT-03558,2026-07-30 14:58:18,,Network,P3 - Medium,In Progress,24,,,Portal,Sales,AGT-05
TKT-04874,2026-03-18 12:22:27,2026-03-18 14:58:27,Network,P3 - Medium,Resolved,24,2.6,5.0,Phone,IT,AGT-05
TKT-02940,2025-08-05 12:07:46,2025-08-05 13:25:46,Access & Accounts,P1 - Critical,Closed,4,1.3,5.0,Portal,Sales,AGT-03
TKT-04511,2026-03-19 14:04:14,2026-03-22 17:58:14,Software,P4 - Low,Closed,48,75.9,2.0,Chat,HR,AGT-11
TKT-01478,2026-08-26 15:48:40,2026-08-26 18:24:40,Hardware,P2 - High,Closed,8,2.6,3.0,Portal,R&D,AGT-09
TKT-03459,2025-08-08 15:37:40,2025-08-08 19:13:40,Security,P2 - High,Resolved,8,3.6,3.0,Email,Customer Support,AGT-07
TKT-04657,2026-07-13 15:12:28,2026-07-14 01:54:28,Access & Accounts,P4 - Low,Resolved,48,10.7,4.0,Phone,R&D,AGT-11
TKT-03519,2026-03-02 13:17:31,2026-03-04 02:17:31,Access & Accounts,P3 - Medium,Closed,24,37.0,2.0,,Customer Support,AGT-03
TKT-00167,2026-06-23 11:26:09,2026-06-23 12:56:09,Network,P1 - Critical,Closed,4,1.5,4.0,Email,R&D,AGT-12
TKT-04463,2025-12-08 14:00:30,2025-12-08 19:00:30,Software,P3 - Medium,Resolved,24,5.0,4.0,Chat,R&D,AGT-11
TKT-01296,2025-12-27 12:37:54,2025-12-29 01:31:54,Software,P3 - Medium,Closed,24,36.9,,Email,R&D,AGT-11
TKT-01025,2026-04-16 13:29:17,2026-04-16 23:23:17,Email & Collaboration,P3 - Medium,Resolved,24,9.9,3.0,Email,Finance,AGT-01
TKT-04396,2026-01-20 12:36:51,2026-01-21 14:42:51,Access & Accounts,P3 - Medium,Resolved,24,26.1,2.0,Chat,R&D,AGT-01
TKT-02510,2026-04-09 11:31:43,2026-04-11 10:37:43,Network,P4 - Low,Closed,48,47.1,4.0,Email,HR,AGT-12
TKT-01546,2026-01-01 12:44:03,2026-01-01 13:26:03,Hardware,P1 - Critical,Closed,4,0.7,3.0,Email,Sales,AGT-09
TKT-02711,2026-08-17 10:39:11,2026-08-19 01:57:11,Email & Collaboration,P3 - Medium,Closed,24,39.3,,Email,Customer Support,AGT-01
TKT-02446,2026-03-13 13:45:30,2026-03-13 19:51:30,Software,P3 - Medium,Closed,24,6.1,3.0,,Customer Support,AGT-11
TKT-01104,2026-06-25 13:02:02,2026-06-25 18:14:02,Software,P2 - High,Closed,8,5.2,5.0,Email,Sales,AGT-02
TKT-03014,2026-05-01 08:57:49,2026-05-02 10:51:49,Network,P4 - Low,Closed,48,25.9,,Phone,Sales,AGT-05
TKT-00153,2025-09-25 08:21:37,2025-09-29 06:33:37,Security,P4 - Low,Closed,48,94.2,2.0,Email,Sales,AGT-07
TKT-03619,2025-12-04 14:42:14,2025-12-04 20:36:14,Hardware,P3 - Medium,Closed,24,5.9,4.0,Portal,Customer Support,AGT-09
TKT-04726,2025-12-11 15:01:54,2025-12-12 03:25:54,Hardware,P3 - Medium,Resolved,24,12.4,,Email,Operations,AGT-09
TKT-03352,2025-09-16 11:57:30,2025-09-16 14:27:30,Access & Accounts,P2 - High,Resolved,8,2.5,,Portal,Sales,AGT-11
TKT-04597,2026-01-19 14:27:53,,Software,P3 - Medium,In Progress,24,,,,Customer Support,AGT-02
TKT-03581,2026-05-28 08:01:37,2026-05-28 14:13:37,Network,P1 - Critical,Closed,4,6.2,2.0,Portal,Customer Support,AGT-04
TKT-02587,2025-12-10 16:57:11,2025-12-11 08:45:11,Security,P4 - Low,Closed,48,15.8,3.0,Portal,HR,AGT-08
TKT-02916,2025-10-01 15:27:02,2025-10-01 18:33:02,Software,P2 - High,Resolved,8,3.1,4.0,Portal,R&D,AGT-02
TKT-03753,2026-01-25 13:20:02,2026-01-30 00:08:02,Email & Collaboration,P4 - Low,Resolved,48,106.8,2.0,Portal,Sales,AGT-01
TKT-04862,2026-07-14 14:52:36,2026-07-15 08:22:36,Hardware,P3 - Medium,Closed,24,17.5,5.0,Chat,Operations,AGT-09
TKT-01406,2025-11-21 10:51:35,2025-11-21 12:45:35,Software,P1 - Critical,Closed,4,1.9,5.0,Email,R&D,AGT-01
TKT-03180,2026-02-16 11:47:06,2026-02-16 20:47:06,Security,P4 - Low,Resolved,48,9.0,,Email,Customer Support,AGT-08
TKT-00032,2026-08-14 11:26:08,2026-08-14 21:44:08,Hardware,P3 - Medium,Closed,24,10.3,4.0,Portal,Finance,AGT-10
TKT-00938,2025-09-17 11:25:30,2025-09-18 04:25:30,Hardware,P4 - Low,Closed,48,17.0,,Email,Operations,AGT-09
TKT-01254,2026-04-01 17:40:50,2026-04-02 00:58:50,Network,P3 - Medium,Closed,24,7.3,5.0,Portal,Operations,AGT-05
TKT-02005,2025-09-16 14:39:01,,Hardware,P3 - Medium,In Progress,24,,,Portal,HR,AGT-10
TKT-01322,2026-01-30 11:36:42,2026-01-31 20:12:42,Access & Accounts,P3 - Medium,Closed,24,32.6,,Portal,IT,AGT-11
TKT-00310,2025-09-25 13:58:04,2025-09-26 00:46:04,Software,P3 - Medium,Closed,24,10.8,,Email,Customer Support,AGT-02
TKT-02498,2025-10-23 12:57:26,2025-10-23 18:15:26,ACCESS & ACCOUNTS,P3 - Medium,Closed,24,5.3,3.0,Email,Operations,AGT-11
TKT-03011,2025-11-24 12:24:56,2025-11-26 10:48:56,Access & Accounts,P3 - Medium,Closed,24,46.4,2.0,Portal,HR,AGT-02
TKT-03170,2026-03-26 13:59:13,2026-03-27 08:11:13,Access & Accounts,P4 - Low,Resolved,48,18.2,4.0,,Finance,AGT-03
TKT-02593,2026-04-14 09:44:05,2026-04-14 10:32:05,Network,P1 - Critical,Closed,4,0.8,5.0,Portal,IT,AGT-05
TKT-00496,2026-03-04 10:28:41,2026-03-04 19:28:41,Access & Accounts,P4 - Low,Closed,48,9.0,5.0,Phone,Finance,AGT-11
TKT-00206,2025-10-30 11:06:46,2025-10-30 20:00:46,Access & Accounts,P4 - Low,Resolved,48,8.9,,Portal,Finance,AGT-11
TKT-02722,2026-06-13 18:18:37,2026-06-14 12:24:37,NETWORK,P4 - Low,Closed,48,18.1,4.0,Email,Operations,AGT-12
TKT-04138,2026-07-02 14:51:56,2026-07-02 23:27:56,Security,P4 - Low,Closed,48,8.6,4.0,Email,Customer Support,AGT-07
TKT-04619,2026-01-23 17:39:35,2026-01-23 20:15:35,NETWORK,P2 - High,Closed,8,2.6,4.0,Email,Customer Support,AGT-05
TKT-00306,2026-01-29 09:27:42,2026-01-29 16:45:42,Access & Accounts,P3 - Medium,Resolved,24,7.3,5.0,Email,R&D,AGT-11
TKT-03859,2026-05-05 13:52:43,2026-05-06 07:04:43,NetWork,P4 - Low,Closed,48,17.2,5.0,Email,Operations,AGT-06
TKT-03559,2026-04-02 12:19:43,2026-04-02 13:13:43,Software,P2 - High,Resolved,8,0.9,,Phone,Customer Support,AGT-02
TKT-01062,2026-03-27 17:34:52,2026-03-29 23:40:52,Network,P3 - Medium,Closed,24,54.1,2.0,Email,Sales,AGT-05
TKT-00844,2026-01-08 17:48:53,2026-01-09 04:48:53,Network,P3 - Medium,Resolved,24,11.0,,Email,IT,AGT-04
TKT-04278,2026-07-02 17:51:07,2026-07-03 00:39:07,Software,P3 - Medium,Closed,24,6.8,4.0,Portal,IT,AGT-01
TKT-02291,2026-08-17 14:13:03,2026-08-18 08:19:03,Access & Accounts,P2 - High,Resolved,8,18.1,2.0,Email,Sales,AGT-02
TKT-00212,2026-03-17 15:01:00,2026-03-17 20:25:00,Network,P3 - Medium,Closed,24,5.4,,Email,Customer Support,AGT-04
TKT-01109,2026-08-27 14:53:42,2026-08-27 19:29:42,Security,P3 - Medium,Closed,24,4.6,,Email,Operations,AGT-07
TKT-03781,2025-09-03 11:29:20,2025-09-04 10:05:20,Hardware,P4 - Low,Resolved,48,22.6,4.0,Email,Sales,AGT-10
TKT-00680,2025-12-23 13:50:28,2025-12-24 04:50:28,Access & Accounts,P3 - Medium,Closed,24,15.0,4.0,Phone,IT,AGT-01
TKT-00566,2026-04-21 11:19:38,,Security,P2 - High,In Progress,8,,,Phone,Operations,AGT-07
TKT-01159,2026-01-19 16:01:58,2026-01-20 05:43:58,Email & Collaboration,P4 - Low,Resolved,48,13.7,4.0,Phone,Finance,AGT-11
TKT-04233,2026-05-15 14:11:04,2026-05-15 19:11:04,Hardware ,P3 - Medium,Resolved,24,5.0,5.0,Portal,Operations,AGT-09
TKT-00681,2025-08-27 12:08:38,2025-08-28 05:26:38,access & accounts,P3 - Medium,Resolved,24,17.3,5.0,Email,IT,AGT-02
TKT-00181,2026-07-16 14:01:04,2026-07-16 17:19:04,Software,P2 - High,Closed,8,3.3,5.0,Email,Sales,AGT-01
TKT-02887,2025-08-11 12:52:35,2025-08-11 15:46:35,Security,P2 - High,Closed,8,2.9,4.0,Phone,Operations,AGT-07
TKT-01527,2025-12-19 16:45:42,2025-12-21 07:21:42,Network,P3 - Medium,Closed,24,38.6,3.0,Phone,HR,AGT-06
TKT-03250,2026-02-03 13:26:23,2026-02-03 23:44:23,Software,P4 - Low,Closed,48,10.3,,Chat,Finance,AGT-01
TKT-04308,2025-12-15 16:10:07,2025-12-16 19:34:07,Network,P4 - Low,Resolved,48,27.4,,Email,Finance,AGT-05
TKT-00279,2026-07-10 11:33:19,2026-07-10 15:21:19,Security,P2 - High,Closed,8,3.8,4.0,Portal,Customer Support,AGT-07
TKT-01552,2026-01-20 15:02:43,2026-01-25 02:56:43,Access & Accounts,P4 - Low,Closed,48,107.9,1.0,Email,Operations,AGT-02
TKT-04864,2026-06-01 13:25:06,2026-06-02 09:25:06,Email & Collaboration,P4 - Low,Closed,48,20.0,4.0,Email,Sales,AGT-11
TKT-00433,2026-05-01 14:34:19,2026-05-01 17:58:19,Email & Collaboration,P3 - Medium,Closed,24,3.4,5.0,Portal,IT,AGT-01
TKT-00290,2025-09-10 16:43:45,2025-09-10 22:49:45,Software,P3 - Medium,Resolved,24,6.1,,Email,R&D,AGT-03
TKT-01028,2025-12-23 10:04:22,2025-12-23 21:22:22,Email & Collaboration,P3 - Medium,Closed,24,11.3,4.0,Phone,Finance,AGT-11
TKT-00536,2025-10-22 16:04:03,2025-10-23 06:40:03,Network,P3 - Medium,Resolved,24,14.6,5.0,Email,Sales,AGT-05
TKT-04248,2025-08-08 14:38:25,2025-08-09 03:14:25,Hardware,P4 - Low,Resolved,48,12.6,4.0,Phone,Sales,AGT-10
TKT-00189,2026-05-21 11:44:43,2026-05-21 20:44:43,Network,P3 - Medium,Resolved,24,9.0,5.0,Portal,Customer Support,AGT-06
TKT-03128,2025-09-20 12:47:03,2025-09-20 23:29:03,Software,P3 - Medium,Closed,24,10.7,5.0,Email,Sales,AGT-03
TKT-03985,2025-12-25 09:41:22,2025-12-25 23:29:22,Security,P4 - Low,Resolved,48,13.8,3.0,Portal,Operations,AGT-08
TKT-04501,2025-08-08 13:57:42,2025-08-09 00:03:42,Email & Collaboration,P3 - Medium,Resolved,24,10.1,4.0,Portal,R&D,AGT-02
TKT-00271,2025-08-22 17:39:32,2025-08-23 01:09:32,Software,P4 - Low,Closed,48,7.5,4.0,Email,Customer Support,AGT-02
TKT-02923,2025-10-03 11:36:54,2025-10-03 23:24:54,Email & Collaboration,P4 - Low,Closed,48,11.8,3.0,Portal,R&D,AGT-02
TKT-04119,2025-12-03 10:22:40,2025-12-03 15:04:40,Access & Accounts,P3 - Medium,Resolved,24,4.7,5.0,Email,Customer Support,AGT-02
TKT-02196,2026-06-17 14:24:50,2026-06-18 03:12:50,Security,P4 - Low,Closed,48,12.8,5.0,Email,Customer Support,AGT-08
TKT-03761,2026-08-24 12:52:33,2026-08-24 17:52:33,Hardware,P3 - Medium,Closed,24,5.0,5.0,Email,Operations,AGT-10
TKT-00112,2025-10-20 10:26:06,2025-10-20 14:50:06,Software,P3 - Medium,Resolved,24,4.4,,Chat,IT,AGT-03
TKT-01967,2026-05-14 10:31:57,2026-05-14 13:13:57,SOFTWARE,P3 - Medium,Closed,24,2.7,4.0,Portal,Sales,AGT-01
TKT-00221,2025-11-27 10:22:48,2025-11-27 14:04:48,Network,P1 - Critical,Resolved,4,3.7,3.0,Portal,Operations,AGT-04
TKT-03050,2025-11-06 10:55:25,2025-11-06 14:43:25,Hardware ,P3 - Medium,Resolved,24,3.8,,Portal,Customer Support,AGT-09
TKT-00628,2025-09-03 16:34:55,2025-09-05 00:52:55,Access & Accounts,P4 - Low,Closed,48,32.3,3.0,Portal,R&D,AGT-01
TKT-02145,2025-12-01 12:10:04,2025-12-02 18:10:04,Access & Accounts,P4 - Low,Resolved,48,30.0,4.0,Portal,Customer Support,AGT-01
TKT-03541,2026-07-15 16:16:52,2026-07-19 09:40:52,Access & Accounts,P4 - Low,Resolved,48,89.4,,Chat,Finance,AGT-11
TKT-02463,2025-09-05 10:09:58,2025-09-05 21:27:58,Email & Collaboration,P3 - Medium,Closed,24,11.3,4.0,Phone,Finance,AGT-11
TKT-00791,2025-10-24 15:56:36,2025-10-25 01:20:36,Access & Accounts,P3 - Medium,Resolved,24,9.4,3.0,Chat,Customer Support,AGT-01
TKT-04884,2025-12-12 09:57:29,2025-12-12 20:21:29,Hardware,P4 - Low,Closed,48,10.4,,Email,HR,AGT-10
TKT-00462,2025-09-26 15:49:18,2025-09-26 21:19:18,Hardware,P3 - Medium,Closed,24,5.5,,Portal,R&D,AGT-10
TKT-04437,2026-06-22 16:39:53,2026-06-22 21:27:53,Access & Accounts,P3 - Medium,Closed,24,4.8,,Email,Sales,AGT-02
TKT-00552,2025-09-29 15:16:50,2025-09-30 06:46:50,Software,P3 - Medium,Resolved,24,15.5,5.0,Portal,IT,AGT-02
TKT-01176,2026-05-22 09:37:09,, Access & Accounts ,P4 - Low,In Progress,48,,,Phone,HR,AGT-11
TKT-01193,2026-07-10 10:13:47,2026-07-10 18:19:47,Email & Collaboration,P3 - Medium,Closed,24,8.1,5.0,Phone,Sales,AGT-03
TKT-00199,2025-10-17 11:17:19,2025-10-19 09:41:19,Network,P3 - Medium,Closed,24,46.4,2.0,Phone,HR,AGT-04
TKT-03730,2026-05-25 15:36:07,2026-05-25 17:24:07, Access & Accounts ,P2 - High,Resolved,8,1.8,4.0,Chat,Operations,AGT-02
TKT-01721,2025-08-11 15:40:18,2025-08-12 13:16:18,Network,P4 - Low,Closed,48,21.6,5.0,Email,Customer Support,AGT-05
TKT-00403,2026-06-03 13:20:43,2026-06-03 14:02:43,Network,P1 - Critical,Closed,4,0.7,5.0,Phone,Sales,AGT-05
TKT-03110,2026-08-04 13:49:46,2026-08-04 14:43:46,Security,P2 - High,Closed,8,0.9,3.0,Email,Sales,AGT-07
TKT-02174,2025-09-30 12:18:50,2025-09-30 13:36:50,Software,P1 - Critical,Closed,4,1.3,3.0,Email,HR,AGT-03
TKT-04803,2025-08-19 16:44:50,2025-08-20 02:32:50,Hardware,P4 - Low,Closed,48,9.8,5.0,Portal,Operations,AGT-09
TKT-02270,2026-07-08 14:12:05,2026-07-08 20:18:05,Access & Accounts,P3 - Medium,Resolved,24,6.1,,Email,Finance,AGT-03
TKT-04295,2026-06-15 14:12:31,2026-06-15 16:00:31,Network,P3 - Medium,Resolved,24,1.8,5.0,Chat,Customer Support,AGT-06
TKT-04498,2026-02-11 12:43:14,2026-02-11 15:25:14,Security,P2 - High,Resolved,8,2.7,4.0,Email,Sales,AGT-08
TKT-00651,2026-01-06 11:56:29,2026-01-08 03:56:29,Hardware,P3 - Medium,Resolved,24,40.0,1.0,Portal,R&D,AGT-10
TKT-00709,2026-01-20 12:19:12,2026-01-20 20:55:12,Software,P4 - Low,Resolved,48,8.6,,Chat,IT,AGT-11
TKT-04789,2025-09-24 14:51:04,2025-09-24 22:03:04,Access & Accounts,P3 - Medium,Resolved,24,7.2,5.0,Email,IT,AGT-11
TKT-04449,2026-03-06 12:28:20,2026-03-07 00:04:20,Email & Collaboration,P4 - Low,Closed,48,11.6,4.0,Portal,Operations,AGT-03
TKT-01486,2025-08-21 14:12:09,2025-08-23 22:30:09,Email & Collaboration,P3 - Medium,Closed,24,56.3,2.0,Portal,Finance,AGT-01
TKT-01893,2026-03-06 14:08:13,,Software,P3 - Medium,In Progress,24,,,Email,IT,AGT-02
TKT-04409,2026-07-10 13:29:50,2026-07-10 22:23:50,Access & Accounts,P4 - Low,Closed,48,8.9,4.0,Portal,Sales,AGT-02
TKT-00315,2025-12-23 09:38:18,2025-12-23 19:32:18,Software,P4 - Low,Resolved,48,9.9,4.0,Email,Operations,AGT-11
TKT-04867,2025-11-24 10:46:44,2025-11-26 22:34:44,Security,P3 - Medium,Closed,24,59.8,,Portal,Sales,AGT-08
TKT-04510,2025-12-04 12:15:49,2025-12-04 14:51:49,Access & Accounts,P3 - Medium,Resolved,24,2.6,4.0,Email,Sales,AGT-01
TKT-00114,2026-03-16 10:03:00,2026-03-16 20:57:00,email & collaboration,P3 - Medium,Closed,24,10.9,4.0,Portal,Operations,AGT-02
TKT-00961,2026-02-27 15:09:47,2026-02-27 20:33:47,Access & Accounts,P3 - Medium,Closed,24,5.4,4.0,Email,IT,AGT-02
TKT-02963,2025-09-10 11:37:10,2025-09-10 19:25:10,software,P3 - Medium,Closed,24,7.8,4.0,Phone,IT,AGT-03
TKT-04357,2026-08-10 18:30:23,2026-08-11 05:48:23,Network,P4 - Low,Closed,48,11.3,5.0,Email,Customer Support,AGT-04
TKT-04714,2026-07-21 10:28:07,2026-07-24 17:16:07,Network,P4 - Low,Closed,48,78.8,3.0,Portal,Operations,AGT-04
TKT-03382,2026-07-07 09:54:08,2026-07-07 19:48:08,Network,P4 - Low,Resolved,48,9.9,,Portal,Customer Support,AGT-06
TKT-02100,2025-11-03 11:44:29,2025-11-03 12:38:29,Email & Collaboration,P2 - High,Resolved,8,0.9,3.0,Portal,Sales,AGT-03
TKT-01873,2026-08-22 13:43:24,2026-08-23 05:19:24,Software,P3 - Medium,Closed,24,15.6,4.0,Email,Operations,AGT-03
TKT-04642,2025-08-01 15:12:41,2025-08-02 20:12:41,Software,P4 - Low,Closed,48,29.0,4.0,Portal,Sales,AGT-01
TKT-01245,2025-12-19 10:07:01,2025-12-19 18:25:01,Software,P3 - Medium,Resolved,24,8.3,,,Sales,AGT-03
TKT-04871,2026-01-19 14:08:30,2026-01-19 22:44:30,Software,P3 - Medium,Closed,24,8.6,4.0,Chat,Operations,AGT-11
TKT-04564,2026-06-16 11:02:35,2026-06-18 02:56:35,Software,P4 - Low,Closed,48,39.9,4.0,,IT,AGT-02
TKT-01875,2026-07-22 15:47:32,2026-07-22 17:11:32,Access & Accounts,P2 - High,Resolved,8,1.4,,Email,Operations,AGT-11
TKT-04527,2026-05-12 17:32:49,2026-05-13 00:08:49,Network,P3 - Medium,Resolved,24,6.6,,Chat,Customer Support,AGT-06
TKT-02537,2026-06-03 11:22:48,2026-06-03 17:10:48,Access & Accounts,P3 - Medium,Resolved,24,5.8,3.0,Chat,HR,AGT-02
TKT-00327,2026-06-12 13:11:21,,SOFTWARE,P2 - High,In Progress,8,,,Portal,IT,AGT-11
TKT-00605,2026-08-13 09:08:50,2026-08-13 12:38:50,Hardware,P3 - Medium,Closed,24,3.5,5.0,Chat,Sales,AGT-09
TKT-04225,2025-10-26 16:24:03,2025-10-27 00:48:03,Software,P3 - Medium,Closed,24,8.4,5.0,Chat,Operations,AGT-02
TKT-03987,2025-10-27 15:35:50,2025-11-01 05:35:50,Network,P4 - Low,Closed,48,110.0,,Portal,Operations,AGT-06
TKT-04210,2025-10-20 11:16:32,2025-10-22 02:34:32,Email & Collaboration,P3 - Medium,Resolved,24,39.3,1.0,,Operations,AGT-11
TKT-04513,2026-07-10 13:59:22,2026-07-14 18:53:22,Software,P4 - Low,Closed,48,100.9,3.0,Email,IT,AGT-02
TKT-01534,2026-05-05 10:26:24,2026-05-05 21:32:24,Email & Collaboration,P3 - Medium,Closed,24,11.1,4.0,Portal,Sales,AGT-02
TKT-03208,2025-08-26 17:14:44,2025-08-27 12:50:44,Email & Collaboration,P4 - Low,Closed,48,19.6,4.0,Email,Customer Support,AGT-02
TKT-01407,2026-08-14 14:36:15,2026-08-15 00:12:15,Software,P3 - Medium,Closed,24,9.6,,Phone,Sales,AGT-02
TKT-03385,2025-10-20 08:37:13,2025-10-21 08:31:13,Hardware,P4 - Low,Closed,48,23.9,4.0,Portal,IT,AGT-09
TKT-01469,2026-05-11 11:46:13,2026-05-12 01:28:13,Software,P4 - Low,Closed,48,13.7,4.0,Portal,Finance,AGT-02
TKT-04226,2026-07-09 12:33:37,2026-07-09 19:27:37,Hardware,P3 - Medium,Closed,24,6.9,4.0,Email,Customer Support,AGT-10
TKT-04840,2025-10-01 10:51:38,2025-10-02 05:15:38,Software,P3 - Medium,Closed,24,18.4,4.0,Chat,HR,AGT-01
TKT-00790,2026-03-25 17:00:57,2026-03-26 01:54:57,Access & Accounts,P3 - Medium,Resolved,24,8.9,5.0,Portal,Operations,AGT-03
TKT-02305,2026-01-19 18:12:21,2026-01-19 22:54:21,Security,P4 - Low,Resolved,48,4.7,5.0,Phone,Finance,AGT-07
TKT-03719,2026-08-03 10:47:01,2026-08-03 20:17:01,Network,P3 - Medium,Resolved,24,9.5,3.0,Chat,Operations,AGT-05
TKT-04542,2025-08-13 12:36:22,2025-08-13 19:42:22,Access & Accounts,P3 - Medium,Resolved,24,7.1,,Portal,IT,AGT-01
TKT-00872,2025-08-11 09:45:00,2025-08-12 03:21:00,Email & Collaboration,P3 - Medium,Closed,24,17.6,5.0,Phone,Finance,AGT-11
TKT-02296,2025-08-16 14:27:05,2025-08-16 18:03:05,Email & Collaboration,P3 - Medium,Closed,24,3.6,,Email,Operations,AGT-11
TKT-02500,2026-02-12 12:21:28,2026-02-12 18:33:28,Network,P3 - Medium,Closed,24,6.2,,Portal,Sales,AGT-06
TKT-01362,2025-12-26 09:33:23,2025-12-31 02:21:23,Software,P4 - Low,Closed,48,112.8,3.0,Portal,Sales,AGT-11
TKT-00074,2025-10-31 16:46:29,2025-10-31 22:28:29,Access & Accounts,P3 - Medium,Closed,24,5.7,5.0,Email,Operations,AGT-02
TKT-04763,2026-07-29 17:31:37,2026-07-29 23:13:37,Hardware,P1 - Critical,Closed,4,5.7,4.0,Email,Operations,AGT-09
TKT-03861,2026-02-02 11:13:05,2026-02-02 12:19:05,Access & Accounts,P1 - Critical,Closed,4,1.1,4.0,Email,IT,AGT-02
TKT-01384,2026-08-26 14:07:22,2026-08-26 15:25:22,Network,P2 - High,Closed,8,1.3,5.0,Portal,Customer Support,AGT-04
TKT-03064,2026-07-13 12:00:13,2026-07-14 01:00:13,Software,P4 - Low,Resolved,48,13.0,4.0,Portal,HR,AGT-03
TKT-04760,2026-08-01 10:19:37,2026-08-01 18:13:37,Hardware,P3 - Medium,Resolved,24,7.9,4.0,Phone,Customer Support,AGT-09
TKT-04611,2026-07-06 12:32:19,2026-07-07 04:26:19,Network,P2 - High,Closed,8,15.9,1.0,Portal,IT,AGT-06
TKT-04027,2026-04-14 10:01:22,2026-04-14 19:07:22,Network,P3 - Medium,Resolved,24,9.1,4.0,Email,Customer Support,AGT-04
TKT-02868,2026-03-07 11:28:27,2026-03-07 14:46:27,Network,P3 - Medium,Closed,24,3.3,,Email,Customer Support,AGT-05
TKT-03332,2025-11-17 11:51:23,2025-11-17 21:39:23,Access & Accounts,P4 - Low,Closed,48,9.8,5.0,Portal,HR,AGT-02
TKT-01783,2025-11-11 12:27:22,2025-11-11 21:33:22,Network,P3 - Medium,Closed,24,9.1,4.0,Phone,Sales,AGT-05
TKT-00495,2026-06-05 17:57:28,2026-06-06 21:51:28,Software,P3 - Medium,Closed,24,27.9,5.0,Phone,Finance,AGT-01
TKT-03955,2025-08-28 11:33:01,2025-08-28 16:57:01,Access & Accounts,P3 - Medium,Closed,24,5.4,,Email,Finance,AGT-11
TKT-02229,2025-08-15 11:02:10,2025-08-15 12:32:10,Email & Collaboration,P1 - Critical,Closed,4,1.5,,Email,HR,AGT-02
TKT-02460,2026-02-24 10:47:53,2026-02-24 17:35:53,Network,P4 - Low,Closed,48,6.8,4.0,Portal,Operations,AGT-12
TKT-01165,2025-09-28 11:38:25,2025-09-29 00:26:25,Network,P2 - High,Closed,8,12.8,,Email,Operations,AGT-04
TKT-04106,2025-09-08 14:48:21,2025-09-08 18:18:21,Network,P3 - Medium,Resolved,24,3.5,5.0,Portal,R&D,AGT-06
TKT-01789,2026-07-02 08:38:15,2026-07-05 19:02:15,Access & Accounts,P4 - Low,Closed,48,82.4,1.0,Portal,Finance,AGT-01
TKT-01542,2025-11-04 09:38:34,2025-11-04 17:56:34,Hardware,P3 - Medium,Resolved,24,8.3,4.0,Portal,Customer Support,AGT-10
TKT-02218,2026-07-31 15:11:33,2026-08-02 06:11:33,Security,P3 - Medium,Resolved,24,39.0,2.0,Phone,Operations,AGT-08
TKT-02506,2025-08-21 14:04:30,2025-08-24 01:16:30,Access & Accounts,P4 - Low,Closed,48,59.2,2.0,Portal,Customer Support,AGT-01
TKT-00619,2025-09-18 12:49:40,2025-09-18 18:37:40,Network,P4 - Low,Resolved,48,5.8,5.0,Chat,Operations,AGT-05
TKT-01756,2026-03-16 11:16:31,2026-03-16 23:28:31,Hardware,P4 - Low,Resolved,48,12.2,,Portal,R&D,AGT-09
TKT-01745,2026-05-06 15:06:42,2026-05-06 21:00:42,Network,P3 - Medium,Resolved,24,5.9,4.0,Portal,Operations,AGT-04
TKT-01704,2026-04-08 11:17:42,2026-04-08 15:47:42,Access & Accounts,P3 - Medium,Closed,24,4.5,4.0,Email,Sales,AGT-01
TKT-02310,2026-07-20 13:55:43,2026-07-20 19:25:43,Email & Collaboration,P3 - Medium,Resolved,24,5.5,5.0,Portal,Finance,AGT-01
TKT-02111,2026-02-20 18:52:19,2026-02-22 10:40:19,Hardware,P3 - Medium,Resolved,24,39.8,2.0,Email,Customer Support,AGT-10
TKT-03471,2026-01-20 13:38:27,2026-01-21 00:14:27,Software,P3 - Medium,Closed,24,10.6,4.0,Phone,IT,AGT-01
TKT-00870,2025-10-21 15:23:19,2025-10-22 05:11:19,Email & Collaboration,P4 - Low,Resolved,48,13.8,4.0,,Operations,AGT-02
TKT-02768,2026-04-23 10:57:20,2026-04-23 19:09:20,Hardware,P4 - Low,Resolved,48,8.2,5.0,Portal,Operations,AGT-10
TKT-01043,2026-04-15 14:43:45,2026-04-19 16:01:45,Network,P4 - Low,Resolved,48,97.3,,Email,Customer Support,AGT-04
TKT-04175,2026-06-06 13:55:43,2026-06-06 17:31:43,Email & Collaboration,P3 - Medium,Resolved,24,3.6,5.0,Portal,Customer Support,AGT-03
TKT-00357,2026-05-27 18:57:41,2026-05-27 21:57:41,Network,P2 - High,Closed,8,3.0,5.0,Email,IT,AGT-04
TKT-01163,2026-06-19 14:32:20,2026-06-21 00:38:20,Access & Accounts,P3 - Medium,Closed,24,34.1,2.0,Chat,Finance,AGT-02
TKT-04410,2025-10-03 11:00:48,2025-10-03 23:42:48,Security,P4 - Low,Resolved,48,12.7,4.0,Email,Operations,AGT-07
TKT-01271,2026-08-17 17:39:23,2026-08-17 23:39:23,Email & Collaboration,P3 - Medium,Closed,24,6.0,5.0,Portal,Operations,AGT-01
TKT-01306,2026-07-30 15:03:44,2026-07-30 20:33:44,Access & Accounts,P3 - Medium,Resolved,24,5.5,4.0,Portal,Operations,AGT-02
TKT-03894,2026-02-23 14:51:46,2026-02-24 00:27:46,Network,P3 - Medium,Resolved,24,9.6,5.0,Chat,HR,AGT-06
TKT-01823,2026-02-24 11:58:22,2026-02-24 13:34:22,Access & Accounts,P2 - High,Closed,8,1.6,5.0,Phone,Sales,AGT-01
TKT-03936,2025-11-12 16:11:07,2025-11-14 06:05:07,Access & Accounts,P3 - Medium,Resolved,24,37.9,1.0,Email,Operations,AGT-01
TKT-03705,2025-08-25 14:36:35,,Network,P2 - High,In Progress,8,,,Portal,IT,AGT-12
TKT-03401,2025-08-28 15:53:24,2025-08-28 20:59:24,Access & Accounts,P3 - Medium,Resolved,24,5.1,4.0,Email,Operations,AGT-02
TKT-02901,2025-12-30 10:48:14,2025-12-30 13:48:14,Hardware,P2 - High,Resolved,8,3.0,4.0,Email,R&D,AGT-10
TKT-00333,2026-04-30 11:59:41,2026-04-30 21:29:41,Network,P3 - Medium,Resolved,24,9.5,3.0,Phone,Customer Support,AGT-05
TKT-02400,2026-03-06 09:10:24,2026-03-06 15:52:24,Network,P3 - Medium,Closed,24,6.7,,Email,Customer Support,AGT-05
TKT-03759,2026-07-30 13:09:19,2026-07-30 20:57:19,Software,P3 - Medium,Resolved,24,7.8,4.0,Email,Operations,AGT-01
TKT-03334,2025-11-04 14:38:53,2025-11-04 18:44:53,Email & Collaboration,P3 - Medium,Closed,24,4.1,4.0,Portal,Customer Support,AGT-01
TKT-01259,2026-02-24 16:28:40,2026-02-24 17:22:40,Security,P2 - High,Closed,8,0.9,,Phone,Customer Support,AGT-08
TKT-03733,2026-03-13 15:37:46,2026-03-14 15:07:46,Email & Collaboration,P4 - Low,Resolved,48,23.5,,Email,Finance,AGT-01
TKT-01963,2026-03-13 12:37:28,2026-03-13 23:49:28,Software,P3 - Medium,Resolved,24,11.2,4.0,Phone,Sales,AGT-01
TKT-01117,2025-09-24 11:38:22,2025-09-25 04:38:22,Network,P3 - Medium,Resolved,24,17.0,4.0,Portal,R&D,AGT-04
TKT-04792,2025-08-07 12:26:39,2025-08-11 10:38:39,Access & Accounts,P4 - Low,Closed,48,94.2,3.0,Portal,IT,AGT-02
TKT-03617,2025-12-23 10:40:04,2025-12-24 23:52:04,Network,P3 - Medium,Resolved,24,37.2,1.0,Email,HR,AGT-12
TKT-02804,2026-03-23 12:57:56,2026-03-23 22:57:56,Access & Accounts,P4 - Low,Resolved,48,10.0,3.0,Portal,Sales,AGT-02
TKT-03113,2026-05-07 10:20:14,2026-05-07 21:38:14,Access & Accounts,P3 - Medium,Resolved,24,11.3,,Portal,Finance,AGT-02
TKT-03324,2026-06-11 13:23:20,2026-06-11 20:53:20,Software,P3 - Medium,Closed,24,7.5,5.0,Phone,R&D,AGT-01
TKT-04560,2026-05-04 14:18:16,2026-05-05 00:54:16,Network,P3 - Medium,Resolved,24,10.6,5.0,Chat,Customer Support,AGT-05
TKT-00446,2026-05-06 17:50:35,2026-05-07 00:56:35,software,P3 - Medium,Resolved,24,7.1,5.0,Chat,Operations,AGT-01
TKT-02285,2025-10-20 09:00:37,2025-10-20 20:54:37,Email & Collaboration,P3 - Medium,Resolved,24,11.9,4.0,Email,IT,AGT-02
TKT-00453,2026-05-06 12:16:52,2026-05-06 14:16:52,Email & Collaboration,P2 - High,Resolved,8,2.0,4.0,,Sales,AGT-02
TKT-04456,2025-12-10 14:23:00,2025-12-11 02:53:00,Email & Collaboration,P4 - Low,Closed,48,12.5,4.0,Email,IT,AGT-01
TKT-04470,2025-11-01 14:54:53,2025-11-01 22:36:53,Software,P3 - Medium,Closed,24,7.7,,Portal,IT,AGT-02
TKT-03008,2025-09-13 18:14:34,2025-09-14 23:56:34,Software,P3 - Medium,Resolved,24,29.7,2.0,Email,Sales,AGT-01
TKT-00015,2026-01-22 13:30:01,2026-01-22 14:06:01,Software,P1 - Critical,Closed,4,0.6,,Portal,Finance,AGT-01
TKT-02673,2026-01-05 12:58:50,2026-01-05 14:52:50,Software,P2 - High,Closed,8,1.9,,Email,Sales,AGT-02
TKT-00946,2025-11-05 14:28:19,2025-11-05 20:04:19,Network,P3 - Medium,Closed,24,5.6,5.0,Email,IT,AGT-06
TKT-00248,2026-01-09 16:21:15,2026-01-11 21:21:15,Software,P3 - Medium,Closed,24,53.0,3.0,Portal,Customer Support,AGT-02
TKT-03276,2026-06-18 10:02:51,2026-06-18 19:26:51,Software,P2 - High,Resolved,8,9.4,,Portal,Sales,AGT-03
TKT-00361,2026-07-31 15:19:03,2026-07-31 16:07:03,Security,P1 - Critical,Closed,4,0.8,4.0,Email,R&D,AGT-07
TKT-04694,2026-07-02 13:24:24,2026-07-03 04:48:24,Hardware,P2 - High,Closed,8,15.4,1.0,Email,Finance,AGT-09
TKT-03653,2025-12-01 14:08:22,2025-12-02 15:50:22,Security,P4 - Low,Resolved,48,25.7,,Email,HR,AGT-08
TKT-03479,2026-08-01 15:05:07,2026-08-04 01:53:07,Access & Accounts,P3 - Medium,Resolved,24,58.8,2.0,Phone,R&D,AGT-01
TKT-03842,2026-04-09 09:57:08,2026-04-09 13:57:08,Software,P3 - Medium,Closed,24,4.0,4.0,Portal,Sales,AGT-02
TKT-01425,2025-12-21 11:02:42,2025-12-22 02:32:42,Access & Accounts,P3 - Medium,Resolved,24,15.5,3.0,Portal,Sales,AGT-02
TKT-03226,2026-06-14 15:37:57,2026-06-14 19:01:57,Access & Accounts,P3 - Medium,Resolved,24,3.4,4.0,Phone,Sales,AGT-01
TKT-03003,2025-11-05 14:20:07,2025-11-05 16:38:07,Email & Collaboration,P3 - Medium,Closed,24,2.3,4.0,Portal,Operations,AGT-02
TKT-03553,2025-12-15 13:58:38,2025-12-15 15:40:38,Network,P2 - High,Closed,8,1.7,4.0,Portal,R&D,AGT-12
TKT-04044,2026-07-29 12:03:07,2026-07-29 13:39:07, Software ,P2 - High,Closed,8,1.6,,Phone,Sales,AGT-01
TKT-04925,2026-02-03 11:25:08,2026-02-04 18:25:08,Network,P4 - Low,Closed,48,31.0,5.0,Portal,R&D,AGT-04
TKT-03050,2025-11-06 10:55:25,2025-11-06 14:43:25,Hardware ,P3 - Medium,Resolved,24,3.8,,Portal,Customer Support,AGT-09
TKT-00491,2026-05-04 13:08:32,2026-05-04 16:20:32,Access & Accounts,P2 - High,Closed,8,3.2,,Phone,R&D,AGT-03
TKT-00863,2026-06-04 12:01:23,2026-06-04 14:19:23,Software,P2 - High,Resolved,8,2.3,3.0,Phone,Operations,AGT-11
TKT-02928,2026-03-19 16:13:16,2026-03-20 12:01:16,Email & Collaboration,P4 - Low,Closed,48,19.8,,Email,IT,AGT-11
TKT-02252,2026-05-31 14:13:12,2026-06-01 00:55:12,security,P4 - Low,Resolved,48,10.7,5.0,Portal,R&D,AGT-07
TKT-02634,2026-04-06 12:13:17,2026-04-08 06:25:17,Email & Collaboration,P3 - Medium,Resolved,24,42.2,2.0,Portal,Customer Support,AGT-02
TKT-04575,2026-06-30 14:03:48,2026-07-01 02:21:48,Security,P3 - Medium,Closed,24,12.3,5.0,Portal,R&D,AGT-08
TKT-04431,2025-11-30 12:11:49,2025-11-30 21:41:49,SOFTWARE,P3 - Medium,Closed,24,9.5,,Portal,HR,AGT-11
TKT-00507,2025-12-02 08:10:37,2025-12-02 09:40:37,email & collaboration,P2 - High,Resolved,8,1.5,4.0,Email,Operations,AGT-01
TKT-02756,2026-06-10 13:24:46,2026-06-10 19:06:46,Access & Accounts,P3 - Medium,Resolved,24,5.7,4.0,Portal,HR,AGT-02
TKT-00026,2025-10-16 11:53:25,2025-10-16 23:53:25,Access & Accounts,P3 - Medium,Closed,24,12.0,4.0,Chat,Operations,AGT-01
TKT-02647,2026-05-14 15:51:20,2026-05-15 00:27:20,Hardware,P4 - Low,Closed,48,8.6,5.0,Email,Operations,AGT-09
TKT-01223,2026-07-17 09:44:39,2026-07-17 14:02:39,Hardware,P2 - High,Resolved,8,4.3,5.0,Portal,Sales,AGT-10
TKT-01114,2026-08-02 09:14:19,2026-08-02 19:02:19,Email & Collaboration,P3 - Medium,Closed,24,9.8,3.0,Portal,R&D,AGT-11
TKT-01972,2026-08-17 09:15:45,2026-08-17 10:45:45,Email & Collaboration,P2 - High,Closed,8,1.5,5.0,Portal,R&D,AGT-03
TKT-03484,2026-03-10 14:54:17,2026-03-10 23:12:17,Access & Accounts,P3 - Medium,Closed,24,8.3,,Chat,HR,AGT-01
TKT-04481,2026-01-28 17:35:12,2026-02-02 04:23:12,Access & Accounts,P4 - Low,Closed,48,106.8,2.0,Phone,HR,AGT-03
TKT-04710,2025-12-15 12:29:12,2025-12-16 05:23:12,Security,P2 - High,Resolved,8,16.9,2.0,Portal,Customer Support,AGT-08
TKT-00434,2026-06-25 15:28:42,2026-06-25 21:28:42,Security,P4 - Low,Closed,48,6.0,4.0,Phone,Operations,AGT-07
TKT-02104,2026-08-04 14:55:24,2026-08-04 23:37:24,Email & Collaboration,P3 - Medium,Resolved,24,8.7,5.0,Portal,Customer Support,AGT-03
TKT-03675,2026-06-08 16:59:14,,Email & Collaboration,P3 - Medium,In Progress,24,,,Email,Operations,AGT-01
TKT-02888,2026-08-05 10:04:20,2026-08-05 13:22:20,ACCESS & ACCOUNTS,P2 - High,Closed,8,3.3,,Phone,Finance,AGT-11
TKT-03521,2026-02-20 09:41:48,2026-02-20 19:53:48,Software,P3 - Medium,Resolved,24,10.2,3.0,Email,Customer Support,AGT-11
TKT-02518,2025-10-29 18:32:56,2025-10-30 00:38:56,Network,P3 - Medium,Closed,24,6.1,4.0,Chat,Operations,AGT-05
TKT-03858,2026-01-20 10:48:15,2026-01-20 20:24:15,Email & Collaboration,P3 - Medium,Resolved,24,9.6,5.0,Email,Sales,AGT-02
TKT-02519,2026-03-04 16:56:37,2026-03-05 07:44:37,Software,P3 - Medium,Closed,24,14.8,5.0,Portal,Customer Support,AGT-11
TKT-04610,2026-08-18 14:58:00,2026-08-18 17:52:00,Network,P2 - High,Closed,8,2.9,5.0,Email,HR,AGT-06
TKT-02969,2026-03-13 15:37:37,2026-03-13 16:31:37,SOFTWARE,P1 - Critical,Closed,4,0.9,5.0,Email,Sales,AGT-11
TKT-01103,2026-06-10 13:59:24,2026-06-10 17:47:24,Software,P2 - High,Resolved,8,3.8,5.0,Email,IT,AGT-02
TKT-04783,2026-07-27 14:05:31,2026-07-29 02:59:31,Software,P3 - Medium,Resolved,24,36.9,1.0,Portal,Customer Support,AGT-02
TKT-01502,2026-08-12 11:24:01,2026-08-13 06:18:01,Network,P3 - Medium,Closed,24,18.9,5.0,Portal,Operations,AGT-06
TKT-02472,2026-07-06 15:18:34,2026-07-07 00:30:34,Software,P3 - Medium,Closed,24,9.2,4.0,Email,Finance,AGT-11
TKT-03909,2026-03-04 17:46:50,2026-03-05 02:52:50,Network,P3 - Medium,Resolved,24,9.1,4.0,Portal,IT,AGT-06
TKT-00157,2025-11-19 12:17:38,2025-11-19 13:53:38,Software,P2 - High,Closed,8,1.6,4.0,Email,IT,AGT-03
TKT-03033,2025-11-08 11:03:20,2025-11-08 13:45:20,Network,P2 - High,Closed,8,2.7,5.0,Portal,Operations,AGT-05
TKT-01832,2026-08-13 18:20:55,2026-08-14 02:20:55,Access & Accounts,P4 - Low,Resolved,48,8.0,4.0,Chat,Operations,AGT-02
TKT-00616,2026-05-15 16:57:29,2026-05-15 19:51:29,Access & Accounts,P3 - Medium,Closed,24,2.9,5.0,Email,Customer Support,AGT-02
TKT-00644,2025-10-31 13:12:58,2025-10-31 19:00:58,Network,P3 - Medium,Resolved,24,5.8,4.0,Portal,Operations,AGT-06
TKT-01492,2026-06-19 17:23:58,2026-06-19 21:23:58,Network,P3 - Medium,Closed,24,4.0,4.0,Portal,Sales,AGT-04
TKT-02234,2026-08-08 11:49:37,2026-08-08 17:49:37,Access & Accounts,P3 - Medium,Closed,24,6.0,4.0,Email,Operations,AGT-01
TKT-01069,2025-08-11 10:29:13,2025-08-12 03:29:13,Software,P2 - High,Resolved,8,17.0,2.0,Email,IT,AGT-03
TKT-03436,2026-03-10 09:13:36,2026-03-10 12:19:36,hardware,P2 - High,Resolved,8,3.1,5.0,Portal,Operations,AGT-10
TKT-04911,2025-09-17 09:28:35,2025-09-18 01:04:35,network,P3 - Medium,Closed,24,15.6,5.0,Email,HR,AGT-06
TKT-04274,2026-07-06 18:59:17,2026-07-07 04:17:17,Network,P3 - Medium,Closed,24,9.3,4.0,Portal,Customer Support,AGT-04
TKT-02442,2025-10-02 14:25:20,2025-10-03 11:55:20,NETWORK,P4 - Low,Closed,48,21.5,4.0,Portal,Operations,AGT-05
TKT-00331,2026-05-15 12:31:00,2026-05-15 15:49:00,Security,P2 - High,Closed,8,3.3,,Email,Customer Support,AGT-08
TKT-01505,2026-06-16 15:08:35,2026-06-16 21:20:35,Software,P3 - Medium,Resolved,24,6.2,5.0,Email,Operations,AGT-01
TKT-02695,2026-07-09 10:56:11,,Hardware,P4 - Low,In Progress,48,,,Portal,Operations,AGT-09
TKT-04151,2025-11-06 14:28:53,2025-11-06 17:28:53,Software,P3 - Medium,Closed,24,3.0,5.0,Email,Customer Support,AGT-11
TKT-00623,2026-08-22 10:30:05,2026-08-22 16:54:05,Software,P3 - Medium,Closed,24,6.4,5.0,Phone,HR,AGT-02
TKT-01651,2025-11-13 14:08:23,2025-11-14 19:26:23,Software,P4 - Low,Closed,48,29.3,5.0,Email,Sales,AGT-03
TKT-04725,2025-08-28 14:00:43,2025-08-29 00:30:43,Network,P3 - Medium,Closed,24,10.5,5.0,Portal,Sales,AGT-06
TKT-03480,2026-03-10 15:25:12,2026-03-14 07:37:12,Network,P4 - Low,Resolved,48,88.2,1.0,Portal,R&D,AGT-12
TKT-03903,2026-05-05 14:04:12,2026-05-05 19:10:12,Software,P3 - Medium,Closed,24,5.1,4.0,Portal,Operations,AGT-02
TKT-04084,2025-12-01 11:31:18,2025-12-01 12:19:18,NETWORK,P2 - High,Closed,8,0.8,5.0,Email,Customer Support,AGT-05
TKT-02556,2026-04-29 12:26:17,2026-04-29 18:38:17,Network,P3 - Medium,Resolved,24,6.2,4.0,Chat,Sales,AGT-04
TKT-02759,2026-04-22 09:20:39,2026-04-22 12:26:39,Network,P3 - Medium,Resolved,24,3.1,5.0,Portal,Operations,AGT-05
TKT-00756,2025-10-29 15:00:08,2025-10-31 19:42:08,Software,P3 - Medium,Closed,24,52.7,1.0,Email,Customer Support,AGT-11
TKT-00519,2025-08-07 16:10:17,2025-08-10 19:22:17,Network,P4 - Low,Resolved,48,75.2,,Email,IT,AGT-06
TKT-03869,2026-04-01 11:08:56,2026-04-02 00:20:56,Network,P3 - Medium,Resolved,24,13.2,,Portal,Finance,AGT-05
TKT-00033,2025-12-07 16:17:30,2025-12-08 05:29:30,Network,P4 - Low,Closed,48,13.2,4.0,Portal,Operations,AGT-12
TKT-04878,2026-04-24 17:30:48,2026-04-24 23:18:48,Access & Accounts,P3 - Medium,Closed,24,5.8,,Portal,Operations,AGT-03
TKT-01158,2025-08-01 11:35:10,,Email & Collaboration,P4 - Low,In Progress,48,,,Phone,Customer Support,AGT-03
TKT-00745,2026-02-17 08:16:59,2026-02-17 10:52:59,Network,P2 - High,Resolved,8,2.6,4.0,Email,IT,AGT-05
TKT-01841,2025-08-13 10:22:36,2025-08-14 04:10:36,Software,P4 - Low,Resolved,48,17.8,5.0,Portal,IT,AGT-11
TKT-04162,2025-11-19 15:37:59,2025-11-20 01:49:59,Access & Accounts,P3 - Medium,Closed,24,10.2,4.0,Portal,Customer Support,AGT-01
TKT-02844,2025-11-05 15:41:52,2025-11-05 23:17:52,Hardware,P3 - Medium,Resolved,24,7.6,4.0,Phone,Customer Support,AGT-09
TKT-02639,2026-06-19 15:07:28,2026-06-19 20:43:28,Email & Collaboration,P3 - Medium,Resolved,24,5.6,4.0,Email,Operations,AGT-11
TKT-00784,2026-03-25 13:45:30,2026-03-26 05:33:30,network,P3 - Medium,Closed,24,15.8,,Portal,Customer Support,AGT-05
TKT-03686,2025-09-08 16:45:11,2025-09-09 00:15:11,Network,P3 - Medium,Closed,24,7.5,4.0,Portal,Finance,AGT-06
TKT-02551,2026-03-02 18:45:46,2026-03-03 05:33:46,Software,P4 - Low,Closed,48,10.8,4.0,Portal,Finance,AGT-01
TKT-00230,2025-09-11 11:08:03,2025-09-11 18:08:03,Access & Accounts,P3 - Medium,Closed,24,7.0,3.0,Phone,Finance,AGT-11
TKT-00858,2026-07-11 14:22:50,2026-07-11 23:10:50,Network,P3 - Medium,Closed,24,8.8,4.0,Portal,Finance,AGT-12
TKT-01544,2025-10-09 17:12:10,2025-10-09 20:18:10,Email & Collaboration,P2 - High,Closed,8,3.1,4.0,Chat,IT,AGT-03
TKT-02403,2026-05-22 11:11:52,2026-05-23 00:47:52,Hardware,P3 - Medium,Closed,24,13.6,4.0,Chat,Operations,AGT-09
TKT-00409,2025-09-11 11:25:12,2025-09-11 16:01:12,Software,P3 - Medium,Resolved,24,4.6,4.0,Portal,R&D,AGT-02
TKT-00171,2025-11-24 12:41:02,2025-11-24 17:35:02,Software,P3 - Medium,Resolved,24,4.9,,Email,Finance,AGT-02
TKT-00541,2026-08-24 11:10:01,2026-08-24 18:58:01,Software,P2 - High,Closed,8,7.8,5.0,Portal,IT,AGT-11
TKT-03278,2026-02-26 14:38:25,2026-02-27 13:44:25,Access & Accounts,P4 - Low,Closed,48,23.1,4.0,Chat,Customer Support,AGT-01
TKT-02345,2026-05-12 10:00:09,2026-05-12 13:48:09,Network,P3 - Medium,Resolved,24,3.8,5.0,Email,Customer Support,AGT-05
TKT-04995,2026-03-23 12:00:50,2026-03-23 16:42:50,Security,P2 - High,Closed,8,4.7,4.0,Phone,Customer Support,AGT-08
TKT-00614,2026-08-21 12:09:18,2026-08-21 17:45:18,Network,P3 - Medium,Closed,24,5.6,3.0,Phone,Operations,AGT-04
TKT-01874,2026-08-21 14:46:51,2026-08-21 22:52:51,Email & Collaboration,P4 - Low,Closed,48,8.1,4.0,Email,Operations,AGT-01
TKT-01871,2025-11-27 08:43:39,2025-11-27 17:31:39,Email & Collaboration,P4 - Low,Closed,48,8.8,5.0,Portal,HR,AGT-01
TKT-04620,2026-02-18 14:57:00,2026-02-18 23:33:00,Access & Accounts,P3 - Medium,Closed,24,8.6,4.0,Email,IT,AGT-11
TKT-01162,2026-04-14 12:58:55,2026-04-16 22:34:55,Network,P3 - Medium,Resolved,24,57.6,2.0,Phone,Sales,AGT-05
TKT-02368,2026-01-12 10:38:35,2026-01-12 11:50:35,Network,P2 - High,Closed,8,1.2,4.0,Email,Customer Support,AGT-06
TKT-02406,2025-11-06 11:26:22,2025-11-06 21:14:22,Hardware,P4 - Low,Closed,48,9.8,5.0,Chat,Operations,AGT-09
TKT-04519,2026-05-27 16:47:18,2026-05-28 05:53:18,Email & Collaboration,P4 - Low,Closed,48,13.1,4.0,Portal,Finance,AGT-11
TKT-01666,2026-07-01 11:05:38,2026-07-01 16:41:38,Network,P2 - High,Resolved,8,5.6,,Email,Sales,AGT-05
TKT-01500,2026-04-17 11:39:57,2026-04-17 17:03:57,Software,P3 - Medium,Closed,24,5.4,,Portal,Operations,AGT-01
TKT-04902,2025-11-21 11:11:04,2025-11-22 04:41:04,Software,P2 - High,Resolved,8,17.5,3.0,,R&D,AGT-11
TKT-00565,2026-04-13 13:02:06,2026-04-13 19:44:06,Hardware,P4 - Low,Closed,48,6.7,5.0,Phone,Sales,AGT-09
TKT-03635,2026-03-19 09:03:08,2026-03-19 16:33:08,Email & Collaboration,P3 - Medium,Closed,24,7.5,4.0,Chat,R&D,AGT-11
TKT-04282,2025-12-18 15:29:22,2025-12-18 20:11:22,Software,P3 - Medium,Closed,24,4.7,4.0,Email,Sales,AGT-11
TKT-02464,2026-03-20 14:41:02,2026-03-22 21:41:02,Network,P4 - Low,Closed,48,55.0,,Phone,R&D,AGT-04
TKT-03065,2025-12-25 10:58:47,2025-12-25 13:58:47,Access & Accounts,P2 - High,Closed,8,3.0,4.0,Portal,Customer Support,AGT-02
TKT-02806,2025-11-05 11:48:11,2025-11-05 18:06:11,Email & Collaboration,P3 - Medium,Closed,24,6.3,3.0,Email,Operations,AGT-01
TKT-04204,2026-03-30 10:19:36,2026-03-30 12:01:36,Access & Accounts,P2 - High,Closed,8,1.7,4.0,Portal,IT,AGT-03
TKT-04969,2025-08-13 13:51:03,2025-08-16 22:09:03,Access & Accounts,P4 - Low,Closed,48,80.3,,Email,HR,AGT-01
TKT-03538,2026-03-20 13:58:59,2026-03-20 16:22:59,Security,P1 - Critical,Closed,4,2.4,4.0,Phone,Customer Support,AGT-08
TKT-03144,2025-08-26 17:47:55,2025-08-27 03:11:55,Network,P3 - Medium,Closed,24,9.4,5.0,Portal,Finance,AGT-06
TKT-03790,2026-05-01 11:04:28,2026-05-01 13:22:28,Security,P2 - High,Closed,8,2.3,,Portal,Finance,AGT-08
TKT-02528,2026-07-21 15:26:10,2026-07-21 20:44:10,SECURITY,P3 - Medium,Closed,24,5.3,5.0,Email,Customer Support,AGT-07
TKT-01428,2025-09-01 11:47:47,2025-09-01 22:47:47,Network,P4 - Low,Resolved,48,11.0,4.0,Phone,Sales,AGT-04
TKT-01173,2025-11-10 11:43:32,2025-11-10 23:13:32,Software,P2 - High,Resolved,8,11.5,3.0,Email,Customer Support,AGT-03
TKT-03517,2026-03-27 15:08:09,2026-03-27 23:20:09,Access & Accounts,P3 - Medium,Closed,24,8.2,4.0,Portal,Customer Support,AGT-02
TKT-00326,2026-04-14 16:07:26,2026-04-15 18:07:26,Software,P4 - Low,Closed,48,26.0,4.0,Email,Operations,AGT-03
TKT-01052,2025-09-21 13:51:03,2025-09-22 00:03:03,Software,P3 - Medium,Resolved,24,10.2,5.0,Portal,Sales,AGT-03
TKT-02999,2026-08-20 12:06:45,2026-08-20 19:06:45,Security,P3 - Medium,Closed,24,7.0,5.0,Email,IT,AGT-07
TKT-03353,2025-08-15 10:43:25,2025-08-16 00:37:25,Hardware,P2 - High,Closed,8,13.9,2.0,Email,Sales,AGT-09
TKT-02938,2025-09-03 18:14:33,2025-09-03 21:08:33,Access & Accounts,P2 - High,Resolved,8,2.9,,,Sales,AGT-03
TKT-02012,2025-11-21 16:26:29,2025-11-21 19:50:29,Network,P3 - Medium,Closed,24,3.4,4.0,Phone,Finance,AGT-05
TKT-02882,2025-09-07 11:54:49,2025-09-08 09:30:49,Software,P4 - Low,Closed,48,21.6,5.0,Email,Sales,AGT-03
TKT-01197,2025-10-27 11:13:44,2025-10-29 08:49:44,Hardware,P3 - Medium,Closed,24,45.6,3.0,Portal,Customer Support,AGT-09
TKT-00621,2026-06-02 14:01:10,2026-06-02 23:49:10,Email & Collaboration,P3 - Medium,Closed,24,9.8,5.0,Email,Finance,AGT-01
TKT-01790,2025-09-01 14:00:09,2025-09-02 04:00:09,NetWork,P4 - Low,Resolved,48,14.0,5.0,Email,Sales,AGT-04
TKT-04879,2025-12-31 11:55:53,2026-01-03 08:07:53,Network,P4 - Low,Resolved,48,68.2,2.0,Phone,Operations,AGT-04
TKT-01190,2026-04-14 12:24:21,2026-04-14 20:30:21,Network,P4 - Low,Resolved,48,8.1,4.0,Portal,Customer Support,AGT-04
TKT-00329,2026-04-06 16:47:47,2026-04-07 14:05:47,Hardware,P4 - Low,Closed,48,21.3,,Phone,Finance,AGT-09
TKT-00649,2026-04-23 15:56:38,2026-04-25 19:20:38,Hardware,P3 - Medium,Closed,24,51.4,2.0,Portal,Sales,AGT-09
TKT-00898,2025-10-20 14:11:33,2025-10-22 20:17:33, Network ,P3 - Medium,Resolved,24,54.1,3.0,Email,Customer Support,AGT-06
TKT-03108,2026-04-11 10:56:05,2026-04-11 12:20:05,Software,P2 - High,Resolved,8,1.4,4.0,Email,Sales,AGT-02
TKT-01124,2025-10-09 16:00:11,2025-10-09 21:18:11,Network,P3 - Medium,Closed,24,5.3,4.0,Email,Sales,AGT-05
TKT-02355,2026-01-15 15:25:36,2026-01-16 08:19:36,Hardware,P4 - Low,Resolved,48,16.9,4.0,Email,R&D,AGT-09
TKT-04681,2026-08-06 10:56:09,2026-08-08 18:44:09,Network,P3 - Medium,Closed,24,55.8,2.0,Email,HR,AGT-06
TKT-05000,2026-03-31 11:44:51,2026-03-31 17:50:51,Network,P3 - Medium,Closed,24,6.1,4.0,Email,HR,AGT-04
TKT-03204,2026-04-13 14:34:22,2026-04-13 19:52:22, Network ,P3 - Medium,Resolved,24,5.3,5.0,Portal,Finance,AGT-12
TKT-04416,2026-06-01 11:55:02,2026-06-01 14:25:02,Access & Accounts,P3 - Medium,Resolved,24,2.5,5.0,Portal,Operations,AGT-01
TKT-01484,2025-10-29 13:34:50,2025-10-29 22:04:50,NETWORK,P3 - Medium,Closed,24,8.5,4.0,Phone,IT,AGT-06
TKT-03371,2026-07-16 13:19:25,2026-07-16 19:07:25,Access & Accounts,P2 - High,Resolved,8,5.8,,Portal,R&D,AGT-03
TKT-04066,2026-06-06 14:27:47,,Access & Accounts,P4 - Low,In Progress,48,,,Email,Sales,AGT-03
TKT-02370,2026-02-21 14:16:39,2026-02-22 12:28:39,Software,P4 - Low,Closed,48,22.2,4.0,Email,Customer Support,AGT-01
TKT-01558,2026-02-12 10:44:56,2026-02-12 12:56:56,Hardware,P2 - High,Resolved,8,2.2,3.0,Phone,R&D,AGT-10
TKT-01024,2026-02-25 12:19:19,2026-02-25 18:01:19,Access & Accounts,P4 - Low,Closed,48,5.7,5.0,Portal,Sales,AGT-11
TKT-03163,2025-09-25 10:11:20,2025-09-25 17:41:20,Email & Collaboration,P3 - Medium,Closed,24,7.5,5.0,Phone,Customer Support,AGT-02
TKT-03081,2025-10-27 11:10:43,2025-10-27 18:34:43,Email & Collaboration,P3 - Medium,Resolved,24,7.4,5.0,Portal,HR,AGT-11
TKT-01838,2026-01-17 10:28:43,2026-01-17 21:58:43,Software,P4 - Low,Resolved,48,11.5,4.0,Chat,Customer Support,AGT-01
TKT-01648,2026-06-09 14:47:24,2026-06-09 16:29:24,Software,P2 - High,Closed,8,1.7,5.0,Portal,R&D,AGT-02
TKT-03845,2026-08-12 10:44:38,2026-08-12 21:50:38,Software,P2 - High,Closed,8,11.1,1.0,Portal,HR,AGT-03
TKT-00810,2026-08-25 11:00:16,2026-08-25 13:06:16,Network,P2 - High,Closed,8,2.1,,Portal,Operations,AGT-04
TKT-02903,2025-09-29 13:31:35,2025-09-29 15:37:35,Email & Collaboration,P2 - High,Closed,8,2.1,4.0,Portal,Operations,AGT-03
TKT-00979,2026-02-25 11:58:33,2026-02-25 18:04:33,Network,P3 - Medium,Closed,24,6.1,4.0,Phone,Customer Support,AGT-04
TKT-02136,2026-02-25 09:43:45,2026-02-25 13:49:45,Email & Collaboration,P2 - High,Resolved,8,4.1,4.0,Portal,Customer Support,AGT-01
TKT-03099,2025-11-10 08:15:10,2025-11-10 13:21:10,Access & Accounts,P3 - Medium,Resolved,24,5.1,5.0,Portal,R&D,AGT-11
TKT-01742,2025-10-30 15:47:33,2025-10-31 07:17:33,Access & Accounts,P4 - Low,Closed,48,15.5,4.0,Chat,R&D,AGT-03
TKT-02535,2026-08-12 11:17:06,2026-08-13 05:41:06,Network,P4 - Low,Closed,48,18.4,5.0,Email,Operations,AGT-04
TKT-01449,2026-04-03 13:10:04,2026-04-03 22:46:04,Network,P4 - Low,Closed,48,9.6,5.0,Phone,Sales,AGT-04
TKT-02616,2026-02-11 13:54:45,2026-02-13 02:12:45,Access & Accounts,P4 - Low,Resolved,48,36.3,4.0,Email,Finance,AGT-03
TKT-01540,2026-01-23 18:38:59,2026-01-23 20:20:59,Network,P1 - Critical,Resolved,4,1.7,5.0,Email,IT,AGT-05
TKT-04149,2026-01-19 12:20:13,2026-01-20 01:26:13,Software,P3 - Medium,Resolved,24,13.1,5.0,Email,Sales,AGT-03
TKT-02958,2025-08-06 17:07:57,2025-08-07 05:31:57,Email & Collaboration,P2 - High,Resolved,8,12.4,1.0,Email,HR,AGT-01
TKT-00175,2025-10-04 14:45:12,2025-10-04 19:03:12,Network,P3 - Medium,Resolved,24,4.3,5.0,Phone,Finance,AGT-06
TKT-01607,2026-08-14 14:49:36,2026-08-14 16:07:36,Email & Collaboration,P3 - Medium,Resolved,24,1.3,4.0,Email,HR,AGT-02
TKT-02362,2025-08-21 12:02:22,2025-08-24 19:50:22,Network,P4 - Low,Closed,48,79.8,,Portal,IT,AGT-05
TKT-04446,2026-01-28 16:33:53,2026-01-28 23:27:53,Hardware,P3 - Medium,Closed,24,6.9,5.0,Portal,IT,AGT-10
TKT-04787,2025-12-04 11:10:13,2025-12-04 20:40:13,Software,P3 - Medium,Closed,24,9.5,,Portal,R&D,AGT-11
TKT-00218,2025-09-18 14:15:05,2025-09-19 05:27:05,Access & Accounts,P4 - Low,Closed,48,15.2,4.0,Email,Operations,AGT-11
TKT-04206,2026-05-22 15:18:14,2026-05-23 10:48:14,Access & Accounts,P4 - Low,Resolved,48,19.5,4.0,Phone,HR,AGT-11
TKT-03786,2026-07-30 14:42:54,2026-07-31 03:54:54,Network,P3 - Medium,Closed,24,13.2,4.0,Phone,IT,AGT-05
TKT-01445,2025-10-16 14:28:39,2025-10-17 04:46:39,Network,P4 - Low,Closed,48,14.3,,Email,Sales,AGT-04
TKT-00691,2025-11-20 14:08:52,2025-11-21 09:08:52,Network,P4 - Low,Resolved,48,19.0,4.0,Phone,Sales,AGT-06
TKT-03694,2026-03-02 11:15:35,2026-03-02 13:45:35,Hardware,P2 - High,Closed,8,2.5,,Portal,Finance,AGT-09
TKT-03318,2025-09-10 12:44:30,2025-09-10 18:14:30,email & collaboration,P3 - Medium,Resolved,24,5.5,4.0,Portal,Operations,AGT-01
TKT-02278,2025-10-24 10:04:01,,Software,P4 - Low,In Progress,48,,,Portal,HR,AGT-01
TKT-01107,2025-09-16 14:58:36,2025-09-17 12:40:36,Network,P4 - Low,Closed,48,21.7,,Portal,Sales,AGT-05
TKT-01724,2026-03-10 12:37:40,2026-03-13 23:43:40,Network,P4 - Low,Closed,48,83.1,2.0,Email,HR,AGT-04
TKT-01963,2026-03-13 12:37:28,2026-03-13 23:49:28,Software,P3 - Medium,Resolved,24,11.2,4.0,Phone,Sales,AGT-01
TKT-02322,2025-08-27 16:59:06,2025-08-28 02:35:06,Access & Accounts,P3 - Medium,Resolved,24,9.6,5.0,Email,Operations,AGT-02
TKT-00612,2026-04-15 13:02:08,2026-04-17 07:14:08,Software,P4 - Low,Closed,48,42.2,4.0,Portal,Sales,AGT-03
TKT-03300,2025-08-12 14:46:05,2025-08-13 09:16:05,Network,P4 - Low,Closed,48,18.5,5.0,Email,Sales,AGT-04
TKT-03889,2026-07-31 11:20:00,2026-08-01 16:20:00,Access & Accounts,P4 - Low,Closed,48,29.0,,Portal,Operations,AGT-01
TKT-00577,2026-07-23 12:56:16,2026-07-23 20:08:16,Email & Collaboration,P3 - Medium,Closed,24,7.2,4.0,Portal,R&D,AGT-11
TKT-02101,2026-05-21 10:32:57,2026-05-25 04:08:57,Software,P4 - Low,Closed,48,89.6,2.0,Email,HR,AGT-11
TKT-04471,2026-07-22 15:26:20,2026-07-22 19:56:20,Software,P2 - High,Closed,8,4.5,5.0,Portal,Customer Support,AGT-01
TKT-01181,2026-05-22 12:43:46,2026-05-23 00:37:46,Email & Collaboration,P3 - Medium,Resolved,24,11.9,4.0,Portal,Operations,AGT-01
TKT-00889,2025-10-03 12:03:32,2025-10-03 17:57:32,Email & Collaboration,P3 - Medium,Resolved,24,5.9,4.0,Portal,Finance,AGT-01
TKT-03185,2025-08-24 14:33:48,,Access & Accounts,P3 - Medium,In Progress,24,,,Phone,Sales,AGT-01
TKT-04644,2025-08-15 13:21:06,2025-08-15 18:21:06,Network,P3 - Medium,Resolved,24,5.0,3.0,Portal,Operations,AGT-04
TKT-02900,2026-01-13 17:23:52,2026-01-13 23:59:52,Software,P3 - Medium,Resolved,24,6.6,4.0,Email,HR,AGT-01
TKT-00818,2026-02-27 15:27:15,2026-03-02 01:03:15,Software,P4 - Low,Closed,48,57.6,2.0,Email,R&D,AGT-03
TKT-04067,2025-11-19 12:57:30,2025-11-19 22:51:30,Hardware,P3 - Medium,Resolved,24,9.9,4.0,Phone,IT,AGT-10
TKT-01925,2025-10-28 15:10:58,2025-10-29 00:16:58,Access & Accounts,P3 - Medium,Resolved,24,9.1,4.0,Portal,Finance,AGT-02
TKT-00209,2025-09-18 09:07:57,2025-09-18 13:13:57,Software,P3 - Medium,Closed,24,4.1,,,Customer Support,AGT-02
TKT-00294,2025-09-09 13:04:17,2025-09-09 22:22:17,Hardware,P2 - High,Closed,8,9.3,4.0,Phone,Operations,AGT-09
TKT-01120,2026-07-14 12:22:50,2026-07-18 04:22:50,Security,P4 - Low,Closed,48,88.0,,,Sales,AGT-07
TKT-02253,2025-12-27 13:51:37,2025-12-27 23:09:37,Email & Collaboration,P3 - Medium,Closed,24,9.3,5.0,Email,Operations,AGT-01
TKT-03840,2025-11-20 11:31:34,2025-11-20 12:43:34,Hardware,P1 - Critical,Closed,4,1.2,4.0,Email,R&D,AGT-09
TKT-01265,2026-03-16 12:54:10,2026-03-17 03:00:10,Email & Collaboration,P3 - Medium,Resolved,24,14.1,5.0,Phone,Sales,AGT-01
TKT-00991,2026-04-02 17:02:57,2026-04-03 00:08:57,Network,P3 - Medium,Closed,24,7.1,3.0,Phone,R&D,AGT-05
TKT-02314,2025-10-10 11:00:21,2025-10-10 21:30:21,Email & Collaboration,P4 - Low,Resolved,48,10.5,4.0,Portal,Customer Support,AGT-02
TKT-04231,2026-08-19 09:08:29,2026-08-19 14:56:29,Access & Accounts,P1 - Critical,Closed,4,5.8,1.0,Phone,Operations,AGT-01
TKT-01567,2025-09-02 15:11:49,2025-09-02 19:17:49,Network,P3 - Medium,Closed,24,4.1,4.0,Email,Finance,AGT-06
TKT-00354,2026-03-13 16:26:50,2026-03-14 05:02:50, Access & Accounts ,P2 - High,Closed,8,12.6,2.0,Email,Sales,AGT-02
TKT-02956,2025-12-11 14:24:35,2025-12-11 23:30:35,NetWork,P3 - Medium,Closed,24,9.1,,Email,R&D,AGT-06
TKT-03207,2025-08-02 15:10:33,2025-08-02 19:40:33,Security,P3 - Medium,Closed,24,4.5,3.0,Phone,Customer Support,AGT-07
TKT-03097,2025-09-03 14:18:35,2025-09-04 12:48:35,Network,P4 - Low,Closed,48,22.5,4.0,Phone,Operations,AGT-05
TKT-01490,2026-02-04 16:23:26,2026-02-07 02:17:26,Software,P4 - Low,Closed,48,57.9,2.0,Chat,Finance,AGT-11
TKT-02601,2026-01-09 14:53:46,2026-01-10 06:59:46,Hardware,P4 - Low,Resolved,48,16.1,5.0,Portal,HR,AGT-10
TKT-03103,2026-08-12 10:25:09,2026-08-13 14:31:09,Network,P4 - Low,Closed,48,28.1,3.0,Email,Customer Support,AGT-06
TKT-01229,2026-08-03 14:37:48,2026-08-03 15:25:48,NetWork,P1 - Critical,Closed,4,0.8,,Email,Finance,AGT-04
TKT-00260,2026-03-23 10:37:34,2026-03-23 22:55:34,Network,P4 - Low,Closed,48,12.3,4.0,Portal,Sales,AGT-06
TKT-04623,2026-04-08 11:18:36,2026-04-08 18:48:36,Security,P3 - Medium,Resolved,24,7.5,4.0,Email,R&D,AGT-08
TKT-01861,2026-03-17 15:17:29,2026-03-17 20:11:29,security,P3 - Medium,Resolved,24,4.9,,Email,Customer Support,AGT-08
TKT-04779,2025-11-17 09:25:50,2025-11-17 17:43:50,Network,P3 - Medium,Closed,24,8.3,4.0,Phone,Sales,AGT-04
TKT-02587,2025-12-10 16:57:11,2025-12-11 08:45:11,Security,P4 - Low,Closed,48,15.8,3.0,Portal,HR,AGT-08
TKT-02588,2025-10-06 11:44:41,2025-10-07 14:38:41,Network,P3 - Medium,Resolved,24,26.9,,Email,Sales,AGT-06
TKT-00053,2026-06-05 15:13:27,2026-06-06 04:13:27,Hardware,P4 - Low,Closed,48,13.0,,Portal,Sales,AGT-10
TKT-03754,2026-05-22 14:57:30,2026-05-23 01:33:30,Network,P3 - Medium,Resolved,24,10.6,,Chat,Sales,AGT-05
TKT-01906,2026-01-22 15:23:59,2026-01-22 21:59:59, Network ,P3 - Medium,Closed,24,6.6,4.0,Email,R&D,AGT-06
TKT-02233,2025-09-08 18:12:14,2025-09-09 07:48:14,Security,P4 - Low,Closed,48,13.6,5.0,Phone,Customer Support,AGT-08
TKT-04222,2025-08-06 12:01:50,2025-08-09 20:19:50,Network,P4 - Low,Resolved,48,80.3,,Phone,Customer Support,AGT-04
TKT-04679,2025-09-01 10:31:57,2025-09-01 13:31:57,Access & Accounts,P2 - High,Closed,8,3.0,,,Operations,AGT-02
TKT-02385,2025-08-20 14:24:05,2025-08-21 08:48:05,Network,P4 - Low,Closed,48,18.4,5.0,Chat,Customer Support,AGT-05
TKT-01480,2026-02-04 10:19:56,2026-02-04 13:19:56,Software,P2 - High,Resolved,8,3.0,5.0,Portal,Customer Support,AGT-02
TKT-01508,2026-01-28 08:35:14,2026-01-28 15:59:14,Network,P3 - Medium,Closed,24,7.4,4.0,Portal,Sales,AGT-06
TKT-01034,2026-07-22 14:31:56,2026-07-25 05:13:56,Software,P4 - Low,Resolved,48,62.7,,Chat,Operations,AGT-01
TKT-01098,2026-06-17 15:18:57,2026-06-18 00:42:57,Network,P3 - Medium,Resolved,24,9.4,5.0,Portal,IT,AGT-06
TKT-01470,2025-10-07 11:05:37,2025-10-08 04:35:37,Software,P2 - High,Closed,8,17.5,2.0,Portal,Operations,AGT-02
TKT-00544,2026-08-25 13:06:14,2026-08-26 06:18:14,Hardware,P4 - Low,Closed,48,17.2,5.0,Portal,HR,AGT-10
TKT-01047,2025-10-17 15:29:46,2025-10-17 22:35:46,Software,P3 - Medium,Closed,24,7.1,,Email,Finance,AGT-01
TKT-04837,2025-08-29 13:19:27,2025-08-29 14:19:27,email & collaboration,P1 - Critical,Closed,4,1.0,,Portal,Operations,AGT-01
TKT-01627,2025-12-24 14:36:50,2025-12-25 01:48:50,Software,P3 - Medium,Closed,24,11.2,4.0,,HR,AGT-03
TKT-00031,2026-05-20 10:43:09,2026-05-20 13:37:09,Email & Collaboration,P2 - High,Closed,8,2.9,5.0,Chat,R&D,AGT-02
TKT-00726,2025-08-18 11:03:17,2025-08-18 21:03:17,Network,P3 - Medium,Closed,24,10.0,,Phone,Finance,AGT-04
TKT-04633,2025-12-07 14:55:37,2025-12-07 17:49:37,Hardware,P3 - Medium,Closed,24,2.9,3.0,Chat,Operations,AGT-10
TKT-04360,2026-05-19 13:08:05,2026-05-20 08:26:05,Hardware,P2 - High,Closed,8,19.3,3.0,Email,Customer Support,AGT-10
TKT-03973,2026-02-22 13:34:28,,Network,P3 - Medium,In Progress,24,,,Email,Operations,AGT-06
TKT-01427,2025-09-05 13:54:29,2025-09-05 15:30:29,Software,P2 - High,Resolved,8,1.6,4.0,Chat,Operations,AGT-02
TKT-02645,2025-11-24 13:31:07,2025-11-26 14:49:07,Network,P3 - Medium,Closed,24,49.3,,Email,R&D,AGT-05
TKT-00437,2025-09-18 10:28:09,2025-09-18 18:16:09,Software,P4 - Low,Closed,48,7.8,4.0,Chat,Finance,AGT-01
TKT-04142,2026-02-24 18:17:14,2026-02-25 07:35:14,Email & Collaboration,P4 - Low,Resolved,48,13.3,5.0,Email,Customer Support,AGT-01
TKT-00913,2026-07-21 13:22:33,2026-07-21 19:46:33,Software,P3 - Medium,Closed,24,6.4,5.0,Portal,Operations,AGT-03
TKT-04256,2025-08-28 12:46:22,2025-08-28 20:34:22,Network,P3 - Medium,Resolved,24,7.8,4.0,Portal,Operations,AGT-05
TKT-04198,2026-07-14 09:38:54,2026-07-15 09:26:54,Hardware,P4 - Low,Resolved,48,23.8,,Email,Sales,AGT-10
TKT-04548,2025-11-07 09:37:22,2025-11-07 16:49:22,Hardware,P3 - Medium,Closed,24,7.2,5.0,Chat,Operations,AGT-09
TKT-04095,2025-10-27 09:43:45,2025-10-27 18:13:45,NETWORK,P3 - Medium,Resolved,24,8.5,5.0,Portal,R&D,AGT-12
TKT-04757,2026-01-11 14:40:37,2026-01-11 22:52:37,Network,P4 - Low,Resolved,48,8.2,5.0,Email,IT,AGT-05
TKT-03896,2026-04-01 14:45:08,2026-04-03 04:33:08,SOFTWARE,P3 - Medium,Closed,24,37.8,2.0,Portal,Sales,AGT-03
TKT-01239,2025-10-09 12:26:16,2025-10-09 18:56:16,Network,P3 - Medium,Closed,24,6.5,4.0,Portal,IT,AGT-05
TKT-00904,2026-02-05 13:05:57,2026-02-06 00:59:57,Email & Collaboration,P4 - Low,Closed,48,11.9,4.0,Portal,Sales,AGT-01
TKT-01833,2026-01-25 09:29:39,2026-01-27 05:41:39,Network,P3 - Medium,Resolved,24,44.2,,Portal,Finance,AGT-05
TKT-03201,2026-05-27 15:59:34,2026-05-28 01:29:34,Security,P3 - Medium,Resolved,24,9.5,,Phone,Sales,AGT-08
TKT-01555,2025-11-01 13:21:36,2025-11-01 15:39:36,Security,P2 - High,Resolved,8,2.3,4.0,Portal,HR,AGT-07
TKT-00508,2026-06-25 10:43:03,2026-06-25 15:25:03,access & accounts,P3 - Medium,Closed,24,4.7,5.0,,Customer Support,AGT-01
TKT-03280,2025-09-11 14:55:35,2025-09-11 20:07:35,Software,P3 - Medium,Closed,24,5.2,4.0,Portal,Customer Support,AGT-02
TKT-00184,2025-12-03 12:23:47,2025-12-04 11:17:47,Hardware,P4 - Low,Resolved,48,22.9,5.0,Chat,IT,AGT-10
TKT-01618,2026-03-12 16:00:06,2026-03-12 22:48:06,Security,P3 - Medium,Resolved,24,6.8,,Portal,Customer Support,AGT-07
TKT-01498,2026-04-06 09:07:20,2026-04-08 11:01:20,Access & Accounts,P3 - Medium,Resolved,24,49.9,1.0,,Customer Support,AGT-11
TKT-03971,2026-08-10 14:03:26,2026-08-11 00:45:26,Software,P4 - Low,Closed,48,10.7,,Portal,R&D,AGT-11
TKT-00322,2026-02-05 15:03:22,2026-02-08 10:39:22,Hardware ,P4 - Low,Resolved,48,67.6,1.0,Portal,Customer Support,AGT-10
TKT-01836,2025-09-08 09:02:20,2025-09-08 23:14:20,Hardware,P3 - Medium,Resolved,24,14.2,4.0,Email,Finance,AGT-09
TKT-03393,2026-08-18 14:21:00,2026-08-19 06:21:00,Network,P4 - Low,Closed,48,16.0,3.0,Phone,Operations,AGT-04
TKT-01819,2026-02-12 11:44:23,2026-02-12 13:44:23,Email & Collaboration,P2 - High,Resolved,8,2.0,5.0,Portal,HR,AGT-01
TKT-02421,2025-09-18 13:48:12,2025-09-18 23:18:12,Hardware,P3 - Medium,Resolved,24,9.5,4.0,Email,IT,AGT-09
TKT-01840,2026-05-15 15:40:41,2026-05-16 11:52:41,Security,P4 - Low,Closed,48,20.2,,Email,Sales,AGT-07
TKT-02115,2025-08-06 15:15:23,2025-08-06 19:21:23,Software,P3 - Medium,Resolved,24,4.1,3.0,Email,R&D,AGT-11
TKT-04440,2025-11-27 15:05:19,,Network,P2 - High,In Progress,8,,,Email,Sales,AGT-04
TKT-04473,2026-04-13 09:25:47,2026-04-13 21:43:47,Software,P3 - Medium,Closed,24,12.3,4.0,Email,Finance,AGT-01
TKT-01147,2026-05-21 15:47:08,2026-05-21 20:41:08,Network,P2 - High,Closed,8,4.9,,Portal,Finance,AGT-04
TKT-03961,2025-12-03 13:07:55,2025-12-03 15:25:55,Network,P2 - High,Closed,8,2.3,4.0,Email,IT,AGT-06
TKT-00045,2026-06-23 17:49:17,2026-06-24 13:13:17,Hardware,P3 - Medium,Closed,24,19.4,4.0,Email,Finance,AGT-10
TKT-04740,2026-04-08 09:41:28,,Software,P3 - Medium,In Progress,24,,,Email,Sales,AGT-02
TKT-02681,2026-06-11 15:31:32,2026-06-11 22:37:32,Email & Collaboration,P3 - Medium,Closed,24,7.1,4.0,Portal,Finance,AGT-02
TKT-01887,2025-09-19 14:29:45,2025-09-23 05:59:45,Access & Accounts,P4 - Low,Closed,48,87.5,2.0,Email,Sales,AGT-11
TKT-01379,2026-04-07 10:31:01,2026-04-07 15:25:01,Network,P3 - Medium,Closed,24,4.9,4.0,Portal,Operations,AGT-06
TKT-01834,2025-10-10 12:29:41,2025-10-10 19:17:41,security,P3 - Medium,Resolved,24,6.8,,Portal,Finance,AGT-07
TKT-03067,2026-01-08 11:14:58,2026-01-08 23:56:58,Network,P3 - Medium,Closed,24,12.7,5.0,Portal,IT,AGT-05
TKT-00414,2026-07-19 14:43:14,2026-07-20 12:25:14,Access & Accounts,P4 - Low,Resolved,48,21.7,4.0,Email,R&D,AGT-02
TKT-02513,2025-09-17 11:00:07,2025-09-19 07:06:07,Hardware ,P3 - Medium,Closed,24,44.1,2.0,Email,Customer Support,AGT-10
TKT-01408,2025-09-08 13:32:19,2025-09-08 21:50:19,Software,P4 - Low,Closed,48,8.3,5.0,Email,Operations,AGT-01
TKT-02165,2026-07-12 09:52:36,2026-07-12 15:04:36,Access & Accounts,P3 - Medium,Resolved,24,5.2,4.0,Portal,IT,AGT-11
TKT-00802,2025-12-03 11:22:09,2025-12-03 19:58:09,Hardware,P4 - Low,Closed,48,8.6,5.0,Portal,Operations,AGT-10
TKT-01289,2026-01-25 16:39:01,2026-01-25 22:33:01,Network,P3 - Medium,Resolved,24,5.9,5.0,Portal,Customer Support,AGT-04
TKT-01559,2026-04-10 13:47:20,2026-04-10 20:41:20,Software,P3 - Medium,Resolved,24,6.9,,Portal,Customer Support,AGT-11
TKT-02221,2025-12-18 13:10:56,2025-12-18 21:28:56,Access & Accounts,P3 - Medium,Closed,24,8.3,3.0,Portal,Finance,AGT-03
TKT-02496,2026-02-22 11:29:20,2026-02-25 17:41:20,Software,P4 - Low,Closed,48,78.2,2.0,Portal,Sales,AGT-02
TKT-04869,2026-01-21 15:48:30,2026-01-21 19:06:30,Email & Collaboration,P3 - Medium,Resolved,24,3.3,5.0,Phone,Customer Support,AGT-02
TKT-04702,2026-01-22 16:20:44,2026-01-22 22:14:44,Access & Accounts,P3 - Medium,Closed,24,5.9,5.0,Chat,Sales,AGT-11
TKT-00257,2026-06-17 12:43:19,2026-06-18 00:07:19,Access & Accounts,P4 - Low,Closed,48,11.4,4.0,Chat,Finance,AGT-02
TKT-02452,2026-05-11 14:53:30,2026-05-13 03:35:30,Network,P3 - Medium,Resolved,24,36.7,2.0,Portal,Operations,AGT-06
TKT-01747,2026-05-20 12:00:53,2026-05-20 20:54:53,Network,P3 - Medium,Closed,24,8.9,,Phone,Sales,AGT-05
TKT-01152,2026-07-12 16:55:28,2026-07-15 23:31:28,Network,P4 - Low,Resolved,48,78.6,2.0,,HR,AGT-04
TKT-02342,2025-08-28 17:54:17,2025-08-31 20:18:17,Software,P4 - Low,Resolved,48,74.4,2.0,Email,R&D,AGT-11
TKT-00648,2026-02-19 10:06:47,2026-02-20 06:54:47,access & accounts,P4 - Low,Resolved,48,20.8,5.0,Portal,Sales,AGT-01
TKT-02961,2026-06-10 13:50:39,2026-06-10 18:56:39,Hardware,P3 - Medium,Closed,24,5.1,4.0,Email,HR,AGT-09
TKT-02620,2026-07-21 12:42:24,2026-07-21 21:48:24,Network,P3 - Medium,Closed,24,9.1,4.0,Portal,Sales,AGT-05
TKT-04589,2026-04-10 13:43:49,2026-04-10 15:55:49,Software,P1 - Critical,Closed,4,2.2,,Phone,Operations,AGT-02
TKT-01947,2025-10-20 15:13:14,2025-10-20 23:07:14,Email & Collaboration,P4 - Low,Resolved,48,7.9,5.0,Portal,Sales,AGT-01
TKT-02459,2025-11-17 13:17:24,,Access & Accounts,P1 - Critical,In Progress,4,,,Portal,Operations,AGT-01
TKT-03834,2026-02-02 09:35:41,,Hardware,P1 - Critical,In Progress,4,,,Email,Finance,AGT-09
TKT-01316,2026-04-24 13:34:42,2026-04-25 14:52:42,Email & Collaboration,P4 - Low,Closed,48,25.3,3.0,Email,R&D,AGT-03
TKT-01089,2026-02-05 10:52:58,2026-02-05 22:04:58,Access & Accounts,P4 - Low,Closed,48,11.2,5.0,Portal,IT,AGT-03
TKT-03576,2025-12-31 09:26:53,2025-12-31 23:32:53,HARDWARE,P4 - Low,Resolved,48,14.1,4.0,Chat,Operations,AGT-09
TKT-04461,2026-01-13 15:26:30,2026-01-14 04:44:30,NETWORK,P3 - Medium,Closed,24,13.3,4.0,Portal,R&D,AGT-06
TKT-04213,2026-01-23 12:07:20,2026-01-25 16:55:20,Email & Collaboration,P3 - Medium,Closed,24,52.8,3.0,Portal,IT,AGT-01
TKT-01351,2026-06-09 10:02:31,2026-06-09 13:14:31,Network,P2 - High,Resolved,8,3.2,4.0,Portal,Finance,AGT-06
TKT-02544,2025-11-06 14:53:49,2025-11-06 18:17:49,Software,P3 - Medium,Resolved,24,3.4,4.0,Portal,Operations,AGT-01
TKT-00113,2025-11-28 12:47:26,2025-11-29 03:11:26,Email & Collaboration,P3 - Medium,Resolved,24,14.4,4.0,Email,Operations,AGT-03
TKT-03190,2025-11-21 13:03:17,2025-11-23 20:27:17,Security,P4 - Low,Resolved,48,55.4,1.0,Email,R&D,AGT-08
TKT-00264,2025-09-26 11:08:11,2025-09-26 16:14:11,Software,P4 - Low,Resolved,48,5.1,5.0,Email,Customer Support,AGT-11
TKT-01394,2025-08-25 14:55:50,2025-08-25 19:19:50,Email & Collaboration,P2 - High,Closed,8,4.4,4.0,Portal,Operations,AGT-01
TKT-01944,2025-10-09 09:15:35,2025-10-09 13:21:35,Email & Collaboration,P3 - Medium,Resolved,24,4.1,4.0,Email,Sales,AGT-02
TKT-01187,2026-01-05 13:04:49,2026-01-09 06:28:49,Hardware,P4 - Low,Resolved,48,89.4,,Email,Operations,AGT-10
TKT-02703,2025-12-31 11:07:12,2025-12-31 14:19:12,Network,P2 - High,Resolved,8,3.2,5.0,Portal,Operations,AGT-04
TKT-00057,2026-01-28 15:20:56,2026-01-29 16:56:56,Security,P4 - Low,Closed,48,25.6,4.0,Chat,IT,AGT-07
TKT-01310,2026-08-06 14:56:50,2026-08-07 02:32:50,Email & Collaboration,P3 - Medium,Closed,24,11.6,,Chat,Operations,AGT-01
TKT-00696,2026-02-25 10:32:37,2026-02-27 06:14:37,Access & Accounts,P3 - Medium,Resolved,24,43.7,2.0,Email,HR,AGT-01
TKT-04237,2025-12-30 09:56:07,2025-12-30 14:20:07,Access & Accounts,P3 - Medium,Closed,24,4.4,4.0,Portal,HR,AGT-01
TKT-03711,2026-07-07 11:25:17,2026-07-07 22:31:17,Hardware,P4 - Low,Resolved,48,11.1,,Email,IT,AGT-10
TKT-01785,2025-11-05 14:11:47,2025-11-09 15:35:47,Hardware,P4 - Low,Closed,48,97.4,,Portal,Sales,AGT-10
TKT-03320,2025-12-01 16:17:58,2025-12-02 00:59:58,Network,P3 - Medium,Resolved,24,8.7,5.0,Phone,Sales,AGT-05
TKT-02729,2026-01-02 13:24:10,2026-01-02 18:24:10,Email & Collaboration,P3 - Medium,Resolved,24,5.0,4.0,Phone,R&D,AGT-02
TKT-00320,2026-08-07 09:10:33,,Network,P2 - High,In Progress,8,,,Portal,Finance,AGT-05
TKT-04577,2026-06-18 16:55:03,2026-06-18 21:37:03,Access & Accounts,P3 - Medium,Resolved,24,4.7,5.0,Email,Customer Support,AGT-03
TKT-01590,2025-10-07 13:16:23,2025-10-07 18:52:23,Hardware,P3 - Medium,Closed,24,5.6,4.0,Email,Customer Support,AGT-10
TKT-00683,2025-08-07 16:54:21,2025-08-07 21:00:21,Network,P3 - Medium,Resolved,24,4.1,4.0,Chat,Operations,AGT-05
TKT-03035,2026-08-21 12:36:23,2026-08-21 19:48:23,Software,P3 - Medium,Closed,24,7.2,5.0,Email,Finance,AGT-01
TKT-03272,2026-03-23 12:42:50,2026-03-24 02:54:50,Email & Collaboration,P4 - Low,Resolved,48,14.2,4.0,Portal,Operations,AGT-01
TKT-00480,2026-01-09 14:18:18,2026-01-09 20:30:18, Software ,P3 - Medium,Resolved,24,6.2,3.0,Portal,Operations,AGT-01
TKT-03831,2026-02-04 17:35:19,2026-02-05 02:41:19,Security,P2 - High,Closed,8,9.1,1.0,Chat,Customer Support,AGT-08
TKT-02906,2026-04-13 12:26:35,2026-04-13 17:32:35,Network,P3 - Medium,Closed,24,5.1,4.0,,Finance,AGT-04
TKT-00287,2025-08-20 13:20:51,2025-08-21 07:20:51,Email & Collaboration,P4 - Low,Closed,48,18.0,4.0,Email,Operations,AGT-02
TKT-02154,2026-06-10 15:33:55,2026-06-11 11:45:55,Software,P4 - Low,Closed,48,20.2,5.0,Email,IT,AGT-03
TKT-03564,2025-10-13 11:08:39,2025-10-13 13:32:39, Network ,P2 - High,Resolved,8,2.4,4.0,Portal,Finance,AGT-04
TKT-04720,2025-09-29 12:55:42,2025-09-30 02:43:42,Software,P3 - Medium,Closed,24,13.8,5.0,Email,Operations,AGT-01
TKT-01778,2026-01-23 15:48:08,2026-01-25 04:36:08,Software,P3 - Medium,Closed,24,36.8,,Portal,HR,AGT-02
TKT-01774,2026-07-13 15:54:33,2026-07-14 01:00:33,Network,P3 - Medium,Closed,24,9.1,5.0,Portal,IT,AGT-12
TKT-03624,2026-06-24 13:31:41,2026-06-25 03:19:41,Hardware,P3 - Medium,Resolved,24,13.8,4.0,Email,Finance,AGT-10
TKT-01599,2026-06-16 14:46:12,2026-06-16 18:40:12,Security,P3 - Medium,Closed,24,3.9,4.0,Email,Customer Support,AGT-07
TKT-02808,2026-05-14 13:02:22,2026-05-14 22:50:22,Security,P4 - Low,Closed,48,9.8,5.0,Portal,Sales,AGT-08
TKT-04980,2026-07-24 16:40:17,2026-07-29 08:28:17,Software,P4 - Low,Resolved,48,111.8,2.0,Portal,Finance,AGT-11
TKT-00737,2025-10-21 18:40:34,2025-10-22 00:10:34,Software,P3 - Medium,Closed,24,5.5,5.0,Phone,Operations,AGT-03
TKT-03850,2025-11-20 15:55:32,2025-11-21 09:31:32,Network,P3 - Medium,Resolved,24,17.6,5.0,Email,Sales,AGT-04
TKT-00337,2025-09-08 12:37:32,2025-09-08 19:31:32,Hardware,P3 - Medium,Closed,24,6.9,,Portal,Finance,AGT-10
TKT-04842,2026-01-14 17:28:43,2026-01-15 01:04:43,Email & Collaboration,P3 - Medium,Closed,24,7.6,5.0,Portal,Operations,AGT-01
TKT-02821,2025-11-21 14:34:50,2025-11-23 03:52:50,Access & Accounts,P3 - Medium,Resolved,24,37.3,2.0,Portal,Operations,AGT-11
TKT-02690,2026-02-17 13:33:00,2026-02-20 19:03:00,Software,P4 - Low,Resolved,48,77.5,2.0,Portal,Sales,AGT-03
TKT-04439,2025-11-25 10:57:16,,Network,P4 - Low,In Progress,48,,,Email,Customer Support,AGT-06
TKT-01072,2026-03-27 15:24:05,2026-03-27 18:36:05,Software,P2 - High,Resolved,8,3.2,5.0,Portal,Operations,AGT-01
TKT-02331,2026-03-17 12:21:45,2026-03-18 19:09:45,Software,P3 - Medium,Resolved,24,30.8,2.0,Email,Sales,AGT-02
TKT-01730,2026-01-03 14:42:33,2026-01-03 20:12:33,Security,P3 - Medium,Resolved,24,5.5,5.0,Email,IT,AGT-08
TKT-02332,2025-12-26 11:24:50,2025-12-26 18:36:50,Software,P3 - Medium,Closed,24,7.2,4.0,Portal,Operations,AGT-11
TKT-04264,2026-06-17 14:30:06,2026-06-17 20:12:06,Software,P3 - Medium,Resolved,24,5.7,5.0,Portal,Operations,AGT-03
TKT-04428,2025-09-24 11:00:34,2025-09-24 19:42:34,Access & Accounts,P3 - Medium,Closed,24,8.7,3.0,Portal,Customer Support,AGT-03
TKT-03995,2025-11-03 14:44:13,2025-11-04 05:50:13,Software,P4 - Low,Closed,48,15.1,,Email,Finance,AGT-03
TKT-03427,2025-09-04 12:43:53,2025-09-05 01:49:53,Email & Collaboration,P2 - High,Closed,8,13.1,1.0,Email,Operations,AGT-11
TKT-01489,2026-07-18 15:30:57,2026-07-18 19:36:57,Hardware,P2 - High,Closed,8,4.1,5.0,Portal,IT,AGT-10
TKT-00499,2025-12-20 13:56:48,,Software,P3 - Medium,In Progress,24,,,Portal,Operations,AGT-02
TKT-04379,2026-07-18 17:23:25,2026-07-18 19:59:25,Access & Accounts,P2 - High,Resolved,8,2.6,5.0,Email,Customer Support,AGT-11
TKT-03376,2026-01-14 16:01:06,2026-01-14 22:25:06,Hardware,P3 - Medium,Resolved,24,6.4,5.0,Portal,Sales,AGT-09
TKT-02603,2026-01-27 14:06:34,2026-01-27 21:24:34,NETWORK,P3 - Medium,Closed,24,7.3,4.0,Portal,Operations,AGT-05
TKT-02381,2026-06-30 16:29:02,2026-07-01 00:17:02,Email & Collaboration,P3 - Medium,Resolved,24,7.8,4.0,Email,IT,AGT-02
TKT-03699,2025-08-11 11:32:22,2025-08-11 21:20:22,Software,P3 - Medium,Resolved,24,9.8,,Email,Finance,AGT-11
TKT-03092,2026-07-27 14:13:51,2026-07-27 19:37:51,Access & Accounts,P3 - Medium,Resolved,24,5.4,5.0,Email,Operations,AGT-01
TKT-02168,2026-01-15 14:09:49,2026-01-17 17:51:49,Network,P4 - Low,Resolved,48,51.7,2.0,Phone,Customer Support,AGT-06
TKT-01611,2025-11-07 11:56:47,2025-11-07 12:44:47,Software,P1 - Critical,Closed,4,0.8,4.0,Portal,IT,AGT-02
TKT-02195,2026-03-24 11:58:00,2026-03-24 12:52:00,Network,P1 - Critical,Resolved,4,0.9,4.0,Portal,IT,AGT-05
TKT-02319,2026-02-11 13:40:48,2026-02-11 23:58:48,Software,P3 - Medium,Resolved,24,10.3,,Chat,Operations,AGT-11
TKT-02079,2025-11-27 12:09:06,2025-12-02 11:33:06,Security,P4 - Low,Closed,48,119.4,1.0,Portal,R&D,AGT-07
TKT-01023,2026-08-25 17:58:57,2026-08-25 20:28:57,Email & Collaboration,P2 - High,Closed,8,2.5,4.0,Portal,Finance,AGT-02
TKT-03822,2026-04-03 11:36:16,2026-04-03 22:36:16,Access & Accounts,P3 - Medium,Resolved,24,11.0,4.0,Chat,Sales,AGT-02
TKT-04927,2025-10-24 14:48:16,2025-10-24 16:00:16,Hardware,P1 - Critical,Resolved,4,1.2,3.0,Portal,Finance,AGT-09
TKT-03942,2025-10-13 11:27:51,2025-10-14 10:45:51,Network,P4 - Low,Closed,48,23.3,3.0,Phone,Finance,AGT-04
TKT-03634,2026-01-12 13:42:10,2026-01-12 19:42:10,Network,P3 - Medium,Resolved,24,6.0,,Phone,Operations,AGT-12
TKT-02068,2026-08-17 09:24:41,2026-08-18 00:48:41,Software,P4 - Low,Closed,48,15.4,5.0,Portal,R&D,AGT-02
TKT-00666,2026-05-09 12:04:57,2026-05-09 21:28:57,Access & Accounts,P4 - Low,Closed,48,9.4,,Portal,Sales,AGT-02
TKT-04002,2025-12-18 15:18:28,2025-12-19 00:00:28,Email & Collaboration,P3 - Medium,Closed,24,8.7,4.0,Portal,R&D,AGT-03
TKT-02687,2025-11-03 10:03:14,2025-11-03 14:45:14,SOFTWARE,P3 - Medium,Resolved,24,4.7,3.0,Email,R&D,AGT-02
TKT-01966,2025-08-30 13:50:16,2025-08-30 21:14:16,Access & Accounts,P3 - Medium,Resolved,24,7.4,5.0,Email,Sales,AGT-01
TKT-04300,2026-04-28 12:33:37,2026-04-29 19:09:37,Email & Collaboration,P4 - Low,Resolved,48,30.6,5.0,Email,R&D,AGT-01
TKT-04615,2025-12-05 15:11:21,2025-12-06 10:41:21,Software,P4 - Low,Closed,48,19.5,4.0,Email,R&D,AGT-01
TKT-01018,2026-06-29 10:30:37,2026-06-30 09:36:37,Access & Accounts,P4 - Low,Closed,48,23.1,,Phone,Sales,AGT-02
TKT-00558,2026-02-10 12:04:45,2026-02-14 22:16:45,Network,P4 - Low,Resolved,48,106.2,1.0,Phone,Operations,AGT-06
TKT-02440,2026-05-25 10:16:21,2026-05-26 06:28:21,SECURITY,P3 - Medium,Closed,24,20.2,5.0,Portal,Finance,AGT-08
TKT-01208,2026-02-08 14:22:50,2026-02-08 18:10:50,Software,P3 - Medium,Closed,24,3.8,5.0,,Operations,AGT-02
TKT-04259,2026-08-11 12:35:06,2026-08-11 21:05:06,Email & Collaboration,P3 - Medium,Closed,24,8.5,4.0,Portal,Customer Support,AGT-01
TKT-02705,2026-05-06 14:28:16,2026-05-10 15:52:16,Security,P4 - Low,Closed,48,97.4,2.0,Portal,IT,AGT-07
TKT-02173,2026-02-13 14:00:34,2026-02-15 22:06:34,Software,P4 - Low,Resolved,48,56.1,1.0,,Customer Support,AGT-03
TKT-01511,2025-09-22 11:34:15,2025-09-23 06:46:15,Software,P4 - Low,Resolved,48,19.2,4.0,Email,R&D,AGT-02
TKT-02367,2025-11-12 18:23:10,2025-11-12 22:23:10,Email & Collaboration,P3 - Medium,Closed,24,4.0,4.0,Portal,Customer Support,AGT-02
TKT-00246,2026-07-07 11:54:39,,Email & Collaboration,P2 - High,In Progress,8,,,Email,R&D,AGT-02
TKT-01164,2025-10-06 17:23:25,2025-10-06 19:11:25,Network,P2 - High,Resolved,8,1.8,5.0,Email,Customer Support,AGT-06
TKT-02379,2025-09-23 15:03:31,2025-09-24 19:09:31,Access & Accounts,P3 - Medium,Resolved,24,28.1,1.0,Email,Customer Support,AGT-11
TKT-00267,2025-11-20 13:50:20,2025-11-20 15:56:20,Software,P2 - High,Closed,8,2.1,,Email,Customer Support,AGT-02
TKT-02407,2026-03-06 14:39:03,2026-03-06 23:57:03,Network,P4 - Low,Closed,48,9.3,5.0,Portal,Sales,AGT-05
TKT-01115,2026-08-20 11:46:59,,Network,P3 - Medium,In Progress,24,,,Chat,Finance,AGT-06
TKT-00064,2026-05-28 12:07:12,2026-05-28 19:07:12,Network,P1 - Critical,Closed,4,7.0,2.0,Email,HR,AGT-04
TKT-04663,2026-01-27 12:44:38,2026-01-27 16:02:38,Hardware,P3 - Medium,Closed,24,3.3,4.0,Phone,Finance,AGT-10
TKT-04020,2026-05-11 10:38:59,2026-05-11 16:08:59,network,P3 - Medium,Resolved,24,5.5,5.0,Phone,IT,AGT-05
TKT-04045,2026-02-05 16:17:49,2026-02-06 01:11:49,Software,P4 - Low,Resolved,48,8.9,5.0,Portal,IT,AGT-11
TKT-03066,2026-01-22 11:17:16,2026-01-23 14:29:16,Access & Accounts,P3 - Medium,Closed,24,27.2,3.0,Email,Customer Support,AGT-03
TKT-03132,2026-07-21 13:03:17,2026-07-22 05:33:17,Network,P4 - Low,Resolved,48,16.5,3.0,Portal,Finance,AGT-05
TKT-02064,2025-09-05 11:21:36,2025-09-05 16:45:36,Hardware,P2 - High,Resolved,8,5.4,3.0,Email,Customer Support,AGT-10
TKT-03888,2026-06-30 12:46:03,2026-07-01 05:28:03,Network,P3 - Medium,Closed,24,16.7,5.0,Phone,Finance,AGT-04
TKT-02299,2025-08-04 11:48:20,2025-08-05 15:54:20,Software,P3 - Medium,Closed,24,28.1,,Portal,Sales,AGT-03
TKT-02099,2025-09-18 13:16:14,2025-09-19 11:52:14,Security,P4 - Low,Resolved,48,22.6,,Email,Customer Support,AGT-08
TKT-01719,2026-04-16 12:23:47,2026-04-16 21:35:47,Access & Accounts,P3 - Medium,Closed,24,9.2,4.0,Portal,Customer Support,AGT-01
TKT-02283,2025-12-11 14:59:33,2025-12-12 00:47:33,Email & Collaboration,P3 - Medium,Resolved,24,9.8,,Phone,Sales,AGT-01
TKT-01238,2026-01-14 12:26:31,,Hardware,P3 - Medium,In Progress,24,,,Email,Operations,AGT-09
TKT-00104,2026-08-17 09:20:55,2026-08-19 19:20:55,Network,P4 - Low,Closed,48,58.0,2.0,Portal,HR,AGT-04
TKT-02941,2026-08-23 10:14:51,,Hardware,P1 - Critical,In Progress,4,,,Chat,R&D,AGT-09
TKT-00273,2025-08-21 13:34:17,2025-08-21 14:28:17,Network,P1 - Critical,Closed,4,0.9,5.0,Email,R&D,AGT-05
TKT-00509,2026-02-11 10:26:49,2026-02-15 05:14:49,Network,P4 - Low,Closed,48,90.8,2.0,Portal,R&D,AGT-12
TKT-03794,2025-09-30 09:25:28,2025-09-30 10:31:28,Email & Collaboration,P1 - Critical,Closed,4,1.1,5.0,Email,Customer Support,AGT-01
TKT-04974,2026-07-09 08:27:29,2026-07-09 17:27:29,Access & Accounts,P3 - Medium,Closed,24,9.0,,Portal,R&D,AGT-02
TKT-01919,2026-03-24 14:16:43,2026-03-25 01:34:43,Network,P3 - Medium,Closed,24,11.3,5.0,Phone,Operations,AGT-05
TKT-00866,2026-07-21 15:32:32,2026-07-22 03:02:32,Network,P3 - Medium,Closed,24,11.5,3.0,Email,Customer Support,AGT-05
TKT-04838,2025-08-05 17:18:05,2025-08-06 06:54:05,Hardware,P4 - Low,Closed,48,13.6,4.0,Email,Operations,AGT-09
TKT-00909,2025-11-07 14:35:11,2025-11-08 19:05:11,Software,P3 - Medium,Closed,24,28.5,2.0,Phone,HR,AGT-03
TKT-04318,2026-06-05 15:29:12,2026-06-05 21:23:12,Network,P2 - High,Closed,8,5.9,,Email,Sales,AGT-04
TKT-03228,2025-10-16 15:21:01,2025-10-17 01:57:01,Software,P3 - Medium,Closed,24,10.6,4.0,Portal,HR,AGT-11
TKT-03966,2025-09-05 13:23:34,2025-09-05 17:53:34,Email & Collaboration,P3 - Medium,Resolved,24,4.5,5.0,Portal,Customer Support,AGT-01
TKT-01628,2025-10-14 14:45:12,2025-10-15 00:21:12,Hardware,P4 - Low,Closed,48,9.6,4.0,Phone,IT,AGT-09
TKT-02926,2026-03-20 12:14:25,2026-03-20 17:26:25,Software,P3 - Medium,Closed,24,5.2,5.0,Portal,Finance,AGT-01
TKT-01523,2026-07-13 17:46:12,2026-07-14 01:04:12,Security,P3 - Medium,Closed,24,7.3,4.0,Chat,R&D,AGT-08
TKT-00836,2026-03-11 12:14:19,2026-03-12 06:02:19,Access & Accounts,P4 - Low,Closed,48,17.8,4.0,Portal,Operations,AGT-03
TKT-00359,2026-02-10 15:13:59,2026-02-11 00:43:59,Access & Accounts,P3 - Medium,Closed,24,9.5,4.0,Email,Operations,AGT-02
TKT-00139,2026-06-04 13:55:43,2026-06-06 06:19:43,Access & Accounts,P3 - Medium,Resolved,24,40.4,3.0,Phone,R&D,AGT-03
TKT-00300,2026-04-09 13:30:28,2026-04-10 07:12:28,Email & Collaboration,P2 - High,Resolved,8,17.7,1.0,Email,Sales,AGT-11
TKT-01557,2026-07-31 17:09:43,2026-07-31 18:15:43,Network,P2 - High,Resolved,8,1.1,,Portal,Sales,AGT-04
TKT-01004,2025-09-30 15:07:03,2025-09-30 20:55:03,Network,P4 - Low,Closed,48,5.8,4.0,Portal,R&D,AGT-04
TKT-00383,2026-06-03 12:41:24,2026-06-03 17:35:24,Email & Collaboration,P2 - High,Closed,8,4.9,,Chat,Finance,AGT-01
TKT-00942,2026-06-29 12:05:48,2026-06-29 15:17:48,Access & Accounts,P3 - Medium,Closed,24,3.2,4.0,Phone,Operations,AGT-11
TKT-03408,2025-11-07 12:56:43,2025-11-07 20:08:43,Software,P3 - Medium,Closed,24,7.2,3.0,Email,Customer Support,AGT-01
TKT-03814,2025-08-26 13:46:16,2025-08-27 01:28:16,Network,P3 - Medium,Resolved,24,11.7,4.0,Email,HR,AGT-04
TKT-00762,2025-09-29 09:54:13,2025-10-01 21:48:13,Email & Collaboration,P4 - Low,Closed,48,59.9,2.0,Portal,Finance,AGT-03
TKT-02986,2025-11-04 13:15:53,2025-11-04 21:09:53,Software,P4 - Low,Closed,48,7.9,,Phone,Customer Support,AGT-03
TKT-04664,2025-09-03 11:19:10,2025-09-03 13:01:10,Software,P1 - Critical,Closed,4,1.7,5.0,Portal,IT,AGT-01
TKT-04289,2026-08-26 12:02:59,2026-08-30 14:56:59,Software,P4 - Low,Closed,48,98.9,3.0,Portal,IT,AGT-11
TKT-02124,2025-10-15 12:56:21,2025-10-15 15:14:21,Email & Collaboration,P2 - High,Closed,8,2.3,4.0,Chat,Sales,AGT-03
TKT-02237,2025-09-24 08:47:04,2025-09-24 16:17:04,Access & Accounts,P3 - Medium,Resolved,24,7.5,4.0,Portal,Sales,AGT-03
TKT-00899,2025-10-13 15:58:11,2025-10-15 13:22:11,Network,P3 - Medium,Closed,24,45.4,2.0,,Finance,AGT-05
TKT-04667,2026-06-15 10:38:02,2026-06-15 17:14:02,Email & Collaboration,P3 - Medium,Resolved,24,6.6,3.0,Email,Customer Support,AGT-02
TKT-03292,2026-05-11 11:52:22,2026-05-11 16:58:22,Software,P3 - Medium,Closed,24,5.1,3.0,Portal,Finance,AGT-01
TKT-01403,2026-08-16 11:44:41,2026-08-16 21:08:41,Security,P3 - Medium,Closed,24,9.4,3.0,Phone,Operations,AGT-07
TKT-02089,2026-05-08 13:02:29,2026-05-08 15:20:29,HARDWARE,P2 - High,Closed,8,2.3,,Portal,Finance,AGT-10
TKT-03881,2026-05-08 15:33:33,2026-05-08 22:57:33,Software,P3 - Medium,Closed,24,7.4,,Portal,Sales,AGT-03
TKT-04421,2025-11-28 10:54:35,2025-11-28 22:54:35,Security,P4 - Low,Resolved,48,12.0,,Portal,HR,AGT-08
TKT-03009,2025-09-02 13:58:24,2025-09-03 01:40:24,Network,P3 - Medium,Resolved,24,11.7,4.0,Email,Operations,AGT-04
TKT-01513,2026-04-03 11:47:29,2026-04-04 08:29:29,Software,P4 - Low,Closed,48,20.7,,Portal,Sales,AGT-01
TKT-01189,2025-09-24 10:57:57,2025-09-26 14:15:57,Email & Collaboration,P3 - Medium,Resolved,24,51.3,3.0,Portal,Sales,AGT-01
TKT-03044,2026-01-23 14:30:35,2026-01-26 05:48:35,Software,P4 - Low,Resolved,48,63.3,2.0,Portal,Sales,AGT-11
TKT-03486,2026-05-21 15:43:13,2026-05-22 00:01:13,Software,P3 - Medium,Closed,24,8.3,5.0,Email,IT,AGT-01
TKT-03945,2025-10-09 16:34:27,2025-10-10 03:16:27,Software,P3 - Medium,Closed,24,10.7,5.0,Portal,Operations,AGT-11
TKT-03498,2026-05-26 10:22:48,2026-05-26 15:58:48,Access & Accounts,P3 - Medium,Closed,24,5.6,3.0,Portal,R&D,AGT-11
TKT-00109,2025-09-08 12:36:02,2025-09-09 10:24:02,Software,P3 - Medium,Closed,24,21.8,5.0,Portal,Sales,AGT-01
TKT-04012,2025-10-08 13:35:06,2025-10-08 21:23:06,Access & Accounts,P3 - Medium,Resolved,24,7.8,4.0,Phone,Finance,AGT-01
TKT-02349,2025-09-04 12:14:25,2025-09-05 00:44:25,Network,P4 - Low,Resolved,48,12.5,4.0,Portal,Customer Support,AGT-05
TKT-01922,2025-11-27 10:53:35,2025-11-28 19:23:35,Access & Accounts,P3 - Medium,Resolved,24,32.5,2.0,Email,Operations,AGT-11
TKT-00059,2025-09-25 13:48:46,2025-09-25 23:18:46,Security,P3 - Medium,Closed,24,9.5,,Email,Finance,AGT-08
TKT-00077,2025-11-24 12:39:13,,Hardware,P3 - Medium,In Progress,24,,,Email,Sales,AGT-10
TKT-00797,2025-08-08 12:18:48,2025-08-08 19:00:48,Network,P4 - Low,Resolved,48,6.7,4.0,Portal,Sales,AGT-06
TKT-00369,2025-12-10 13:57:40,2025-12-11 04:03:40,Software,P4 - Low,Resolved,48,14.1,4.0,Chat,Sales,AGT-03
TKT-04946,2026-06-11 18:27:21,2026-06-11 19:51:21,Access & Accounts,P2 - High,Resolved,8,1.4,5.0,Portal,R&D,AGT-11
TKT-00786,2025-12-21 14:01:31,2025-12-23 09:13:31,Network,P3 - Medium,Closed,24,43.2,1.0,Chat,Operations,AGT-06
TKT-02701,2026-04-28 17:56:09,2026-04-29 06:26:09,Access & Accounts,P3 - Medium,Closed,24,12.5,4.0,Phone,Customer Support,AGT-01
TKT-02378,2026-03-25 13:37:26,2026-03-26 02:07:26,Access & Accounts,P4 - Low,Resolved,48,12.5,5.0,Phone,Operations,AGT-01
TKT-02025,2026-01-27 18:39:23,2026-01-28 05:15:23,Network,P3 - Medium,Closed,24,10.6,,Phone,Customer Support,AGT-04
TKT-04999,2025-12-17 13:59:06,2025-12-17 15:17:06,Access & Accounts,P2 - High,Resolved,8,1.3,4.0,Email,Customer Support,AGT-02
TKT-02146,2026-07-31 12:06:51,2026-07-31 19:24:51,Email & Collaboration,P3 - Medium,Closed,24,7.3,4.0,Email,Sales,AGT-02
TKT-03596,2026-08-27 14:17:08,2026-08-28 00:11:08,Network,P3 - Medium,Closed,24,9.9,4.0,,Operations,AGT-12
TKT-01979,2026-05-15 14:46:39,2026-05-15 16:04:39,Email & Collaboration,P1 - Critical,Resolved,4,1.3,4.0,Phone,Sales,AGT-01
TKT-04312,2026-06-10 15:15:59,2026-06-10 20:45:59,Security,P4 - Low,Resolved,48,5.5,,Email,Finance,AGT-08
TKT-00122,2026-04-13 11:54:15,2026-04-15 05:42:15,Hardware,P3 - Medium,Closed,24,41.8,1.0,Chat,R&D,AGT-09
TKT-04241,2026-06-04 12:32:09,2026-06-05 07:02:09,Access & Accounts,P4 - Low,Closed,48,18.5,5.0,Chat,Finance,AGT-01
TKT-02410,2026-08-01 12:05:53,2026-08-01 16:41:53,Access & Accounts,P3 - Medium,Resolved,24,4.6,4.0,Phone,Customer Support,AGT-11
TKT-03708,2026-04-21 14:56:57,2026-04-21 16:20:57,Network,P2 - High,Closed,8,1.4,4.0,Phone,Sales,AGT-04
TKT-00911,2026-05-28 14:58:56,2026-05-28 16:40:56,Email & Collaboration,P1 - Critical,Resolved,4,1.7,,Portal,R&D,AGT-01
TKT-00125,2025-08-18 10:41:49,2025-08-20 00:59:49,Hardware,P4 - Low,Resolved,48,38.3,5.0,Chat,R&D,AGT-09
TKT-02016,2026-02-22 12:31:55,2026-02-24 13:31:55,Network,P3 - Medium,Resolved,24,49.0,2.0,Portal,IT,AGT-05
TKT-01587,2025-12-15 13:11:32,2025-12-16 00:23:32,Access & Accounts,P3 - Medium,Closed,24,11.2,,Chat,Operations,AGT-11
TKT-01258,2026-06-18 14:46:30,2026-06-23 11:58:30,Network,P4 - Low,Closed,48,117.2,1.0,Portal,Finance,AGT-05
TKT-03502,2026-03-12 09:16:59,2026-03-14 12:10:59,Access & Accounts,P3 - Medium,Resolved,24,50.9,2.0,Email,R&D,AGT-11
TKT-03543,2026-07-14 16:10:46,2026-07-14 23:40:46,Access & Accounts,P4 - Low,Closed,48,7.5,4.0,Email,Customer Support,AGT-01
TKT-03444,2025-12-22 18:48:06,2025-12-23 02:48:06,Hardware,P3 - Medium,Closed,24,8.0,,Portal,Customer Support,AGT-10
TKT-01179,2025-10-27 14:16:08,2025-10-27 15:04:08,Software,P1 - Critical,Resolved,4,0.8,3.0,Chat,Operations,AGT-11
TKT-04774,2026-01-23 13:31:02,2026-01-23 14:25:02,Access & Accounts,P1 - Critical,Resolved,4,0.9,5.0,Portal,Operations,AGT-01
TKT-04153,2026-01-20 14:39:12,2026-01-21 02:33:12,Network,P4 - Low,Closed,48,11.9,5.0,Chat,Finance,AGT-12
TKT-03682,2025-10-07 10:47:37,2025-10-07 11:41:37,Access & Accounts,P1 - Critical,Closed,4,0.9,5.0,Email,Sales,AGT-11
TKT-03409,2026-02-16 14:12:14,2026-02-18 20:36:14,Network,P3 - Medium,Closed,24,54.4,2.0,Portal,Customer Support,AGT-05
TKT-00443,2026-05-15 13:22:02,2026-05-17 16:52:02,Access & Accounts,P3 - Medium,Closed,24,51.5,2.0,Email,Operations,AGT-02
TKT-03077,2025-12-11 11:44:45,2025-12-12 11:08:45, Software ,P4 - Low,Resolved,48,23.4,4.0,Portal,Operations,AGT-02
TKT-04520,2025-11-05 15:22:18,2025-11-06 06:40:18,Software,P4 - Low,Closed,48,15.3,4.0,Email,Customer Support,AGT-02
TKT-00926,2025-11-07 18:50:22,2025-11-08 04:32:22,Security,P4 - Low,Resolved,48,9.7,4.0,Email,Finance,AGT-07
TKT-02373,2025-11-28 15:02:47,2025-11-28 20:32:47,Access & Accounts,P3 - Medium,Closed,24,5.5,4.0,Email,Operations,AGT-03
TKT-02183,2026-06-25 15:02:15,2026-06-26 00:02:15,Security,P4 - Low,Closed,48,9.0,5.0,Portal,Operations,AGT-08
TKT-04810,2026-03-16 12:30:08,2026-03-17 06:30:08,Hardware,P2 - High,Closed,8,18.0,2.0,Email,R&D,AGT-10
TKT-01412,2026-08-19 11:25:15,2026-08-23 17:13:15,Access & Accounts,P4 - Low,Closed,48,101.8,3.0,Email,IT,AGT-11
TKT-03529,2026-06-25 12:45:54,2026-06-25 22:21:54,Access & Accounts,P3 - Medium,Resolved,24,9.6,4.0,Chat,IT,AGT-11
TKT-01809,2026-01-08 13:23:41,2026-01-08 20:53:41,Access & Accounts,P3 - Medium,Closed,24,7.5,,Portal,Sales,AGT-03
TKT-01510,2026-05-20 11:34:37,2026-05-24 04:40:37,Network,P4 - Low,Resolved,48,89.1,,Phone,R&D,AGT-12
TKT-01228,2026-02-04 17:17:32,2026-02-05 02:11:32,Email & Collaboration,P3 - Medium,Closed,24,8.9,,Email,HR,AGT-02
TKT-03666,2026-01-13 11:17:38,2026-01-13 16:29:38,Hardware,P3 - Medium,Closed,24,5.2,5.0,Portal,Operations,AGT-10
TKT-02396,2026-08-25 11:50:07,2026-08-25 13:56:07,Email & Collaboration,P2 - High,Closed,8,2.1,4.0,Portal,Finance,AGT-03
TKT-03575,2025-12-05 11:12:32,2025-12-05 19:42:32,Hardware,P1 - Critical,Closed,4,8.5,,Portal,Sales,AGT-09
TKT-02187,2026-06-18 14:08:58,2026-06-18 23:20:58,software,P3 - Medium,Closed,24,9.2,4.0,Portal,Operations,AGT-02
TKT-03339,2025-11-24 11:09:56,2025-11-27 09:51:56,Security,P4 - Low,Closed,48,70.7,2.0,Phone,Finance,AGT-07
TKT-00325,2026-06-30 12:16:10,2026-06-30 20:58:10,Email & Collaboration,P4 - Low,Resolved,48,8.7,,Email,Customer Support,AGT-11
TKT-03135,2026-05-11 09:23:11,2026-05-11 17:05:11,Email & Collaboration,P3 - Medium,Closed,24,7.7,,Portal,Customer Support,AGT-11
TKT-03246,2026-03-06 10:41:01,2026-03-06 23:35:01,Access & Accounts,P4 - Low,Closed,48,12.9,5.0,Portal,Operations,AGT-03
TKT-02108,2026-08-25 08:47:44,2026-08-25 12:23:44,Network,P2 - High,Closed,8,3.6,4.0,Portal,Finance,AGT-04
TKT-03442,2025-10-14 13:34:56,2025-10-14 17:52:56,Network,P3 - Medium,Resolved,24,4.3,3.0,Chat,Sales,AGT-05
TKT-03090,2026-07-28 16:50:35,2026-07-28 23:20:35,Software,P3 - Medium,Resolved,24,6.5,4.0,Portal,IT,AGT-02
TKT-01499,2025-12-16 10:29:28,2025-12-16 15:29:28,Email & Collaboration,P4 - Low,Closed,48,5.0,5.0,Email,R&D,AGT-11
TKT-01503,2025-12-24 15:01:42,2025-12-24 22:07:42,Network,P3 - Medium,Resolved,24,7.1,4.0,Portal,Sales,AGT-06
TKT-01007,2026-07-28 08:23:43,2026-07-30 12:59:43,Access & Accounts,P3 - Medium,Closed,24,52.6,1.0,Portal,Customer Support,AGT-01
TKT-02232,2026-04-15 11:11:09,2026-04-15 17:59:09,Email & Collaboration,P3 - Medium,Resolved,24,6.8,4.0,Email,IT,AGT-11
TKT-02766,2026-08-06 14:56:03,2026-08-06 20:26:03,Software,P3 - Medium,Closed,24,5.5,,Portal,Operations,AGT-03
TKT-04580,2025-08-30 14:58:56,2025-08-31 00:40:56,Software,P4 - Low,Resolved,48,9.7,4.0,Portal,Operations,AGT-03
TKT-01468,2025-10-29 14:03:18,,Email & Collaboration,P4 - Low,In Progress,48,,,Chat,Sales,AGT-03
TKT-01226,2026-07-16 11:38:18,2026-07-16 13:26:18,Software,P2 - High,Closed,8,1.8,4.0,Phone,HR,AGT-11
TKT-02118,2025-08-16 10:14:18,2025-08-16 22:56:18,Network,P4 - Low,Resolved,48,12.7,5.0,Chat,R&D,AGT-05
TKT-03639,2026-06-12 17:41:39,2026-06-13 00:41:39,Hardware,P3 - Medium,Resolved,24,7.0,3.0,Email,Finance,AGT-10
TKT-02223,2026-01-12 14:23:16,2026-01-12 15:35:16,Network,P1 - Critical,Closed,4,1.2,5.0,Phone,Operations,AGT-04
TKT-01217,2025-12-02 14:38:08,2025-12-02 19:32:08,Access & Accounts,P3 - Medium,Closed,24,4.9,5.0,Email,Sales,AGT-01
TKT-04047,2025-11-04 13:20:45,2025-11-08 20:44:45,Hardware,P4 - Low,Resolved,48,103.4,2.0,Email,Sales,AGT-09
TKT-03561,2026-05-07 12:32:42,2026-05-09 22:38:42,Software,P3 - Medium,Resolved,24,58.1,2.0,Portal,Sales,AGT-11
TKT-00421,2026-04-15 12:56:19,2026-04-15 18:26:19,Access & Accounts,P3 - Medium,Closed,24,5.5,5.0,Phone,IT,AGT-02
TKT-03483,2026-06-25 11:24:06,2026-06-26 00:06:06,Software,P4 - Low,Resolved,48,12.7,4.0,Email,Operations,AGT-02
TKT-00007,2026-05-26 11:58:43,2026-05-28 05:52:43,Software,P3 - Medium,Closed,24,41.9,2.0,Email,HR,AGT-01
TKT-00933,2026-01-07 13:18:21,2026-01-12 01:18:21,Network,P4 - Low,Closed,48,108.0,1.0,Portal,Sales,AGT-04
TKT-01692,2026-07-24 10:50:18,2026-07-26 20:02:18,Access & Accounts,P3 - Medium,Resolved,24,57.2,2.0,Chat,IT,AGT-01
TKT-00440,2026-04-06 14:58:16,2026-04-06 15:52:16,Hardware,P1 - Critical,Resolved,4,0.9,4.0,Chat,Operations,AGT-09
TKT-01314,2025-08-03 17:32:54,2025-08-03 18:08:54,Email & Collaboration,P1 - Critical,Resolved,4,0.6,,Portal,Finance,AGT-01
TKT-00679,2025-09-23 11:25:56,2025-09-23 14:49:56,Access & Accounts,P3 - Medium,Resolved,24,3.4,,Portal,Operations,AGT-01
TKT-02686,2026-05-18 11:48:01,2026-05-19 03:48:01,Software,P4 - Low,Closed,48,16.0,5.0,Portal,R&D,AGT-11
TKT-04648,2025-10-24 12:03:53,2025-10-27 09:21:53,Software,P4 - Low,Closed,48,69.3,2.0,Email,R&D,AGT-11
TKT-03283,2025-11-17 10:41:25,2025-11-17 17:11:25, Email & Collaboration ,P3 - Medium,Closed,24,6.5,4.0,Phone,HR,AGT-02
TKT-02308,2026-01-16 09:09:26,2026-01-17 04:09:26,Email & Collaboration,P4 - Low,Closed,48,19.0,5.0,Email,Finance,AGT-11
TKT-04671,2025-10-02 13:43:18,2025-10-03 01:43:18,Network,P4 - Low,Closed,48,12.0,4.0,Phone,Operations,AGT-04
TKT-02457,2026-03-26 16:13:15,2026-03-27 10:43:15,Access & Accounts,P2 - High,Resolved,8,18.5,2.0,Phone,Sales,AGT-11
TKT-02562,2026-04-23 10:02:07,2026-04-25 00:02:07,SECURITY,P3 - Medium,Closed,24,38.0,2.0,Email,IT,AGT-07
TKT-02481,2026-02-16 12:46:27,2026-02-17 05:28:27,software,P4 - Low,Resolved,48,16.7,,Email,Customer Support,AGT-02
TKT-01087,2026-05-28 14:11:38,2026-05-29 04:41:38,Software,P3 - Medium,Resolved,24,14.5,5.0,Phone,Finance,AGT-02
TKT-02727,2026-06-04 15:17:11,2026-06-04 21:59:11,Network,P3 - Medium,Closed,24,6.7,,Email,Customer Support,AGT-05
TKT-04279,2025-11-22 13:09:59,2025-11-23 08:03:59,Hardware,P4 - Low,Resolved,48,18.9,5.0,Phone,Sales,AGT-09
TKT-02828,2025-10-27 12:51:16,2025-10-27 18:15:16,Software,P2 - High,Closed,8,5.4,4.0,Portal,IT,AGT-03
TKT-02689,2025-11-10 13:22:15,2025-11-10 15:28:15,security,P2 - High,Closed,8,2.1,,Portal,Customer Support,AGT-07
TKT-00195,2025-09-30 12:17:55,2025-09-30 19:11:55,Hardware,P3 - Medium,Resolved,24,6.9,,Email,R&D,AGT-10
TKT-01475,2026-02-20 11:26:54,2026-02-22 00:20:54,Hardware,P3 - Medium,Closed,24,36.9,2.0,Email,Operations,AGT-10
TKT-03430,2026-06-19 14:47:31,2026-06-19 17:53:31,Hardware,P2 - High,Closed,8,3.1,4.0,Email,HR,AGT-10
TKT-04169,2026-02-27 10:54:52,2026-02-27 17:24:52,Security,P3 - Medium,Closed,24,6.5,4.0,Email,Operations,AGT-07
TKT-01212,2026-06-22 11:41:29,2026-06-24 06:05:29,Hardware,P3 - Medium,Closed,24,42.4,2.0,Portal,Finance,AGT-09
TKT-02479,2025-12-25 15:12:08,2025-12-25 20:00:08,Hardware,P3 - Medium,Closed,24,4.8,4.0,Email,Finance,AGT-10
TKT-01658,2026-06-29 11:30:32,2026-06-29 15:30:32,Network,P3 - Medium,Closed,24,4.0,5.0,Portal,Customer Support,AGT-05
TKT-02749,2026-02-12 12:13:41,2026-02-12 14:25:41,Hardware,P3 - Medium,Resolved,24,2.2,4.0,Portal,HR,AGT-10
TKT-04984,2025-10-02 15:08:21,2025-10-03 05:14:21,Hardware,P3 - Medium,Closed,24,14.1,3.0,Email,Operations,AGT-10
TKT-02754,2025-09-02 13:54:05,2025-09-03 20:24:05,Software,P3 - Medium,Resolved,24,30.5,2.0,Phone,Finance,AGT-02
TKT-02415,2026-02-09 12:41:30,2026-02-11 23:41:30,Access & Accounts,P3 - Medium,Closed,24,59.0,,Chat,Customer Support,AGT-01
TKT-04802,2025-10-22 13:11:55,2025-10-24 17:47:55,Hardware,P3 - Medium,Resolved,24,52.6,2.0,Email,HR,AGT-09
TKT-04057,2025-11-24 09:59:03,2025-11-24 13:41:03,Hardware,P2 - High,Closed,8,3.7,5.0,Phone,Customer Support,AGT-09
TKT-01131,2026-08-27 16:29:49,2026-08-28 03:53:49,Network,P4 - Low,Closed,48,11.4,4.0,Email,HR,AGT-06
TKT-01462,2026-03-02 15:56:34,2026-03-03 06:44:34,Email & Collaboration,P4 - Low,Closed,48,14.8,3.0,Email,Sales,AGT-03
TKT-00277,2025-12-03 12:37:10,2025-12-03 21:55:10,Network,P3 - Medium,Closed,24,9.3,4.0,Portal,R&D,AGT-05
TKT-04565,2025-10-02 16:24:17,2025-10-03 07:54:17,Network,P3 - Medium,Closed,24,15.5,5.0,Email,Finance,AGT-04
TKT-04356,2026-04-29 11:50:36,2026-04-29 14:14:36,Network,P2 - High,Closed,8,2.4,5.0,Email,IT,AGT-05
TKT-04208,2025-08-26 11:55:17,2025-08-27 00:07:17,Security,P4 - Low,Closed,48,12.2,3.0,Phone,Sales,AGT-07
TKT-04190,2026-02-10 15:25:51,2026-02-10 17:25:51,Hardware,P2 - High,Closed,8,2.0,3.0,Portal,Operations,AGT-09
TKT-01303,2026-05-25 16:00:59,2026-05-25 19:54:59,Software,P3 - Medium,Closed,24,3.9,,Email,Finance,AGT-11
TKT-04447,2025-12-29 16:37:28,2025-12-30 10:01:28,Software,P4 - Low,Resolved,48,17.4,4.0,Portal,Operations,AGT-11
TKT-00223,2026-04-17 17:28:16,2026-04-19 16:34:16,Access & Accounts,P3 - Medium,Resolved,24,47.1,,Chat,IT,AGT-02
TKT-04678,2025-09-22 17:36:46,2025-09-26 23:06:46,Hardware,P4 - Low,Closed,48,101.5,,Phone,Operations,AGT-09
TKT-02239,2025-12-23 13:53:45,2025-12-23 21:35:45,software,P3 - Medium,Closed,24,7.7,,Email,Operations,AGT-01
TKT-00574,2026-05-29 15:43:19,2026-05-30 07:55:19,Access & Accounts,P4 - Low,Closed,48,16.2,4.0,Email,Customer Support,AGT-11
TKT-01237,2025-10-21 12:48:27,2025-10-21 19:36:27,Security,P3 - Medium,Closed,24,6.8,5.0,Phone,IT,AGT-08
TKT-03607,2025-09-26 14:55:51,2025-09-28 13:49:51,Access & Accounts,P3 - Medium,Resolved,24,46.9,1.0,Chat,Operations,AGT-01
TKT-02171,2026-01-12 09:50:00,2026-01-13 08:38:00,Access & Accounts,P4 - Low,Resolved,48,22.8,4.0,Portal,R&D,AGT-03
TKT-02320,2026-07-28 13:47:17,2026-07-29 20:35:17,Email & Collaboration,P3 - Medium,Resolved,24,30.8,,Phone,IT,AGT-11
TKT-01335,2026-08-13 14:38:30,2026-08-17 02:14:30,Access & Accounts,P4 - Low,Closed,48,83.6,,Portal,R&D,AGT-11
TKT-04532,2025-12-03 15:34:22,2025-12-04 00:28:22,Security,P3 - Medium,Closed,24,8.9,4.0,Email,Finance,AGT-07
TKT-02827,2026-01-30 15:31:08,2026-01-30 20:19:08,Network,P3 - Medium,Resolved,24,4.8,5.0,Portal,IT,AGT-05
TKT-00419,2025-10-17 16:53:30,2025-10-19 06:29:30,Software,P3 - Medium,Closed,24,37.6,,Email,Sales,AGT-11
TKT-00268,2025-09-30 15:22:45,2025-10-01 05:46:45,NetWork,P4 - Low,Resolved,48,14.4,5.0,Portal,Operations,AGT-06
TKT-01105,2025-09-24 10:21:37,2025-09-24 19:39:37,Hardware,P4 - Low,Closed,48,9.3,5.0,Chat,IT,AGT-10
TKT-00258,2025-09-11 10:12:58,2025-09-11 19:48:58,Network,P3 - Medium,Closed,24,9.6,5.0,Email,Finance,AGT-06
TKT-00296,2026-07-21 12:36:47,2026-07-21 20:00:47,Network,P3 - Medium,Resolved,24,7.4,5.0,Email,Operations,AGT-05
TKT-02837,2026-04-13 11:04:45,,Network,P4 - Low,In Progress,48,,,Email,Customer Support,AGT-05
TKT-00387,2026-05-09 11:58:31,2026-05-10 11:10:31,Network,P4 - Low,Resolved,48,23.2,4.0,,Operations,AGT-04
TKT-03367,2026-04-30 17:33:07,2026-05-05 08:27:07,Email & Collaboration,P4 - Low,Closed,48,110.9,2.0,Portal,Operations,AGT-01
TKT-03146,2026-04-08 15:16:21,2026-04-08 17:22:21,Software,P2 - High,Resolved,8,2.1,4.0,Phone,R&D,AGT-02
TKT-03289,2025-09-05 12:54:13,2025-09-05 15:36:13,Network,P3 - Medium,Resolved,24,2.7,,Portal,Operations,AGT-04
TKT-04355,2026-07-16 17:32:09,2026-07-21 09:02:09,Email & Collaboration,P4 - Low,Closed,48,111.5,2.0,Chat,IT,AGT-02
TKT-04370,2026-01-17 17:01:38,2026-01-18 01:25:38,Access & Accounts,P3 - Medium,Resolved,24,8.4,5.0,Portal,Finance,AGT-03
TKT-03969,2026-01-17 11:21:19,2026-01-18 01:27:19,Hardware,P3 - Medium,Closed,24,14.1,4.0,,Customer Support,AGT-09
TKT-02267,2026-05-22 17:18:29,2026-05-23 10:36:29, Network ,P4 - Low,Closed,48,17.3,5.0,Portal,HR,AGT-04
TKT-04419,2025-08-01 15:43:22,2025-08-02 00:49:22,Software,P3 - Medium,Resolved,24,9.1,3.0,Phone,IT,AGT-01
TKT-01564,2026-07-23 12:46:41,2026-07-23 20:40:41,HARDWARE,P3 - Medium,Resolved,24,7.9,4.0,Phone,IT,AGT-10
TKT-02433,2026-03-19 09:56:25,2026-03-19 23:02:25,Network,P4 - Low,Resolved,48,13.1,4.0,Portal,Sales,AGT-06
TKT-01401,2026-01-22 11:38:48,2026-01-22 16:32:48,Email & Collaboration,P3 - Medium,Resolved,24,4.9,,Portal,R&D,AGT-01
TKT-00713,2026-06-16 10:54:01,2026-06-16 17:24:01,Software,P3 - Medium,Resolved,24,6.5,4.0,Portal,Sales,AGT-03
TKT-02390,2025-08-29 14:19:48,2025-08-29 22:31:48,Email & Collaboration,P4 - Low,Closed,48,8.2,4.0,Email,HR,AGT-03
TKT-02575,2026-03-03 12:43:40,2026-03-04 16:25:40,Hardware,P4 - Low,Resolved,48,27.7,4.0,Email,Operations,AGT-09
TKT-00210,2026-02-16 10:02:21,2026-02-16 15:20:21,Access & Accounts,P3 - Medium,Closed,24,5.3,,Portal,Operations,AGT-11
TKT-04013,2026-07-31 10:41:04,2026-07-31 18:41:04,Hardware,P4 - Low,Closed,48,8.0,5.0,Portal,R&D,AGT-10
TKT-01290,2026-03-11 08:48:22,2026-03-11 14:54:22,Hardware,P3 - Medium,Resolved,24,6.1,5.0,Chat,HR,AGT-09
TKT-03017,2026-08-07 18:51:31,2026-08-07 21:33:31,Email & Collaboration,P2 - High,Closed,8,2.7,,Chat,Operations,AGT-11
TKT-01843,2025-10-01 11:44:07,2025-10-01 19:56:07,Software,P3 - Medium,Resolved,24,8.2,5.0,Portal,R&D,AGT-03
TKT-00450,2026-03-31 13:57:03,2026-03-31 21:03:03,Software,P3 - Medium,Resolved,24,7.1,4.0,Portal,Operations,AGT-11
TKT-04127,2026-02-20 12:00:14,2026-02-20 16:30:14,Network,P3 - Medium,Closed,24,4.5,4.0,Portal,Sales,AGT-12
TKT-02615,2025-11-14 09:06:21,,Software,P4 - Low,In Progress,48,,,Email,R&D,AGT-01
TKT-01821,2026-07-30 11:30:59,2026-07-30 12:54:59,Software,P1 - Critical,Resolved,4,1.4,5.0,Portal,IT,AGT-01
TKT-00959,2026-02-10 12:02:39,2026-02-10 16:20:39,Software,P3 - Medium,Closed,24,4.3,4.0,Portal,Finance,AGT-01
TKT-01794,2026-04-28 10:14:26,2026-04-29 01:32:26,Hardware,P4 - Low,Closed,48,15.3,4.0,Phone,Sales,AGT-10
TKT-02087,2025-12-18 08:15:09,2025-12-18 12:45:09,Hardware,P3 - Medium,Closed,24,4.5,5.0,Email,Customer Support,AGT-10
TKT-00655,2026-07-01 12:02:42,2026-07-01 23:44:42,Network,P3 - Medium,Resolved,24,11.7,5.0,Portal,Operations,AGT-04
TKT-02448,2026-01-07 13:56:49,2026-01-08 17:14:49,Software,P4 - Low,Closed,48,27.3,5.0,Email,HR,AGT-02
TKT-03920,2026-01-16 13:14:59,2026-01-16 22:26:59,Software,P3 - Medium,Closed,24,9.2,5.0,Portal,Operations,AGT-11
TKT-00332,2025-10-20 13:07:07,2025-10-22 09:49:07,Access & Accounts,P3 - Medium,Closed,24,44.7,3.0,Email,Operations,AGT-01
TKT-01761,2025-12-09 14:14:21,2025-12-10 08:14:21,Email & Collaboration,P3 - Medium,Closed,24,18.0,,Portal,Operations,AGT-11
TKT-02395,2026-03-23 11:40:54,2026-03-24 01:10:54,Hardware,P4 - Low,Resolved,48,13.5,3.0,Chat,IT,AGT-09
TKT-04926,2025-12-12 13:04:44,2025-12-13 04:52:44,Access & Accounts,P4 - Low,Closed,48,15.8,4.0,Email,Operations,AGT-03
TKT-04404,2025-11-17 09:27:18,2025-11-18 14:27:18,Hardware,P4 - Low,Resolved,48,29.0,5.0,Chat,Customer Support,AGT-10
TKT-00412,2026-04-13 14:06:10,2026-04-13 18:42:10,Access & Accounts,P2 - High,Closed,8,4.6,4.0,Email,Customer Support,AGT-11
TKT-01775,2026-04-08 15:44:39,2026-04-08 20:38:39,Hardware,P3 - Medium,Closed,24,4.9,,Email,Sales,AGT-09
TKT-01953,2026-05-27 17:42:14,2026-05-28 23:18:14,EMAIL & COLLABORATION,P4 - Low,Closed,48,29.6,3.0,Email,R&D,AGT-02
TKT-02225,2026-07-20 11:22:20,2026-07-22 19:40:20,Access & Accounts,P3 - Medium,Resolved,24,56.3,3.0,Email,IT,AGT-02
TKT-04578,2025-09-01 12:47:46,2025-09-01 20:23:46,Access & Accounts,P3 - Medium,Resolved,24,7.6,5.0,Email,Customer Support,AGT-02
TKT-03188,2026-07-06 09:49:03,2026-07-07 02:19:03,Hardware,P4 - Low,Closed,48,16.5,,Chat,HR,AGT-10
TKT-04346,2026-08-07 08:34:41,2026-08-07 16:28:41,Software,P3 - Medium,Closed,24,7.9,5.0,Portal,Operations,AGT-01
TKT-04814,2026-08-05 15:50:33,2026-08-05 20:50:33,Network,P3 - Medium,Resolved,24,5.0,5.0,Email,Operations,AGT-04
TKT-03768,2025-12-11 11:32:57,2025-12-12 01:14:57,Email & Collaboration,P3 - Medium,Closed,24,13.7,,Portal,HR,AGT-03
TKT-04959,2025-12-20 15:09:14,2025-12-20 22:09:14,Network,P3 - Medium,Closed,24,7.0,4.0,Email,Finance,AGT-12
TKT-02715,2026-07-04 12:54:36,2026-07-04 17:12:36,Access & Accounts,P3 - Medium,Closed,24,4.3,5.0,Portal,IT,AGT-02
TKT-03621,2026-04-02 14:33:13,2026-04-02 19:09:13,Network,P3 - Medium,Resolved,24,4.6,3.0,Email,Customer Support,AGT-06
TKT-02451,2026-04-15 11:20:12,2026-04-15 18:50:12,Software,P3 - Medium,Closed,24,7.5,5.0,Phone,R&D,AGT-11
TKT-03428,2026-07-11 11:28:19,2026-07-11 12:22:19,Email & Collaboration,P1 - Critical,Resolved,4,0.9,,Portal,Customer Support,AGT-11
TKT-01996,2026-05-23 16:54:10,2026-05-24 12:54:10,Network,P3 - Medium,Resolved,24,20.0,4.0,Portal,Customer Support,AGT-05
TKT-03633,2026-03-24 14:52:06,2026-03-25 17:04:06,Access & Accounts,P4 - Low,Closed,48,26.2,5.0,Portal,IT,AGT-11
TKT-00431,2026-07-30 13:34:01,2026-07-30 20:10:01,Access & Accounts,P3 - Medium,Resolved,24,6.6,,,Sales,AGT-11
TKT-04746,2025-08-15 15:02:42,2025-08-16 01:02:42,Access & Accounts,P4 - Low,Resolved,48,10.0,5.0,Portal,Sales,AGT-03
TKT-02608,2025-10-31 14:16:33,2025-11-01 15:40:33,Network,P4 - Low,Closed,48,25.4,5.0,Chat,IT,AGT-05
TKT-01367,2025-10-24 12:37:14,2025-10-24 18:07:14,Software,P3 - Medium,Resolved,24,5.5,4.0,Email,Sales,AGT-02
TKT-00174,2026-08-03 14:45:44,2026-08-03 19:15:44,Security,P3 - Medium,Closed,24,4.5,4.0,Email,Customer Support,AGT-07
TKT-03692,2026-03-24 15:59:19,2026-03-25 00:29:19,Software,P4 - Low,Resolved,48,8.5,5.0,Email,IT,AGT-02
TKT-01177,2026-01-30 17:41:34,2026-01-30 19:05:34,Access & Accounts,P2 - High,Resolved,8,1.4,3.0,Portal,Customer Support,AGT-03
TKT-04268,2026-06-17 13:00:27,2026-06-18 01:06:27, Software ,P3 - Medium,Resolved,24,12.1,,Portal,Customer Support,AGT-02
TKT-01477,2026-01-20 16:02:03,2026-01-22 07:32:03,Security,P4 - Low,Resolved,48,39.5,4.0,Email,Operations,AGT-07
TKT-03210,2025-09-08 15:22:56,2025-09-12 09:52:56,Network,P4 - Low,Closed,48,90.5,3.0,Phone,R&D,AGT-04
TKT-02084,2025-10-10 13:25:07,2025-10-10 20:13:07,Email & Collaboration,P3 - Medium,Closed,24,6.8,4.0,Chat,Finance,AGT-03
TKT-00103,2025-11-13 10:38:01,2025-11-13 19:26:01,ACCESS & ACCOUNTS,P3 - Medium,Resolved,24,8.8,5.0,Portal,Finance,AGT-03
TKT-03735,2025-10-06 11:45:12,2025-10-07 00:15:12,Email & Collaboration,P3 - Medium,Closed,24,12.5,,Email,R&D,AGT-01
TKT-03257,2025-09-10 13:10:07,2025-09-10 22:52:07,Hardware,P3 - Medium,Closed,24,9.7,5.0,Portal,R&D,AGT-09
TKT-01264,2026-08-07 15:41:46,2026-08-07 19:59:46,Network,P2 - High,Closed,8,4.3,4.0,Email,Sales,AGT-04
TKT-03134,2025-08-18 13:38:41,2025-08-18 20:20:41,Software,P3 - Medium,Closed,24,6.7,5.0,Portal,Sales,AGT-03
TKT-03195,2026-04-13 10:27:17,2026-04-14 05:57:17,Software,P3 - Medium,Closed,24,19.5,4.0,Chat,Customer Support,AGT-11
TKT-02979,2026-05-08 17:36:33,2026-05-08 19:30:33,Security,P2 - High,Resolved,8,1.9,,Email,Sales,AGT-08
TKT-03117,2025-10-02 09:58:49,2025-10-07 07:16:49,Software,P4 - Low,Closed,48,117.3,1.0,Email,Finance,AGT-01
TKT-02789,2026-08-03 15:23:25,2026-08-07 16:53:25,Security,P4 - Low,Resolved,48,97.5,2.0,Portal,Sales,AGT-08
TKT-03358,2026-02-05 15:51:52,2026-02-08 02:15:52,Network,P3 - Medium,Resolved,24,58.4,2.0,Chat,Finance,AGT-04
TKT-04181,2026-05-13 10:51:01,2026-05-13 23:39:01,Hardware,P4 - Low,Closed,48,12.8,5.0,Portal,Finance,AGT-10
TKT-03027,2025-11-13 16:22:25,2025-11-15 10:28:25,Hardware,P3 - Medium,Closed,24,42.1,3.0,Portal,Sales,AGT-10
TKT-01644,2025-10-19 12:23:54,2025-10-19 17:29:54,Access & Accounts,P3 - Medium,Closed,24,5.1,3.0,Email,Sales,AGT-11
TKT-04541,2025-08-20 13:15:06,2025-08-21 07:57:06,NETWORK,P3 - Medium,Closed,24,18.7,3.0,Email,R&D,AGT-05
TKT-00001,2026-06-01 11:31:39,2026-06-02 07:07:39,Software,P4 - Low,Resolved,48,19.6,5.0,Email,Customer Support,AGT-03
TKT-01581,2026-07-16 12:34:33,2026-07-16 18:28:33,Access & Accounts,P3 - Medium,Resolved,24,5.9,,Email,Customer Support,AGT-03
TKT-04457,2025-09-29 16:22:06,2025-10-01 01:46:06,Software,P4 - Low,Resolved,48,33.4,4.0,Phone,Operations,AGT-01
TKT-04150,2026-01-12 13:26:39,2026-01-12 18:08:39,Network,P3 - Medium,Closed,24,4.7,4.0,Portal,Sales,AGT-05
TKT-01357,2026-02-20 12:15:14,2026-02-21 18:27:14,Access & Accounts,P4 - Low,Resolved,48,30.2,5.0,Portal,R&D,AGT-02
TKT-03669,2025-12-29 10:52:30,2025-12-29 17:40:30,Hardware,P3 - Medium,Resolved,24,6.8,4.0,Portal,IT,AGT-10
TKT-02120,2025-11-04 15:39:57,2025-11-04 19:03:57,Access & Accounts,P3 - Medium,Closed,24,3.4,3.0,Portal,R&D,AGT-03
TKT-03659,2026-07-12 15:45:31,2026-07-14 13:03:31,Software,P3 - Medium,Resolved,24,45.3,,Portal,Customer Support,AGT-02
TKT-03915,2026-01-02 14:30:08,2026-01-03 04:36:08,Access & Accounts,P3 - Medium,Resolved,24,14.1,5.0,Phone,Finance,AGT-03
TKT-03526,2026-01-17 13:35:08,2026-01-19 19:05:08,Software,P3 - Medium,Resolved,24,53.5,1.0,Email,R&D,AGT-02
TKT-00397,2026-06-21 10:10:06,2026-06-21 11:10:06,Security,P1 - Critical,Resolved,4,1.0,5.0,Email,Sales,AGT-08
TKT-03729,2026-05-06 11:57:24,2026-05-06 17:45:24,Hardware,P3 - Medium,Resolved,24,5.8,,Portal,R&D,AGT-09
TKT-01065,2025-12-04 16:26:18,2025-12-04 22:50:18,Software,P3 - Medium,Resolved,24,6.4,4.0,Email,Sales,AGT-03
TKT-03898,2026-01-05 11:16:37,2026-01-10 06:22:37,Email & Collaboration,P4 - Low,Closed,48,115.1,2.0,Chat,Finance,AGT-02
TKT-03209,2025-09-12 15:37:30,2025-09-13 10:49:30,Network,P4 - Low,Closed,48,19.2,5.0,Chat,Customer Support,AGT-05
TKT-02192,2026-03-10 13:28:55,2026-03-12 03:52:55,Hardware,P3 - Medium,Closed,24,38.4,2.0,Chat,R&D,AGT-09
TKT-00819,2026-04-02 10:55:42,2026-04-02 18:25:42,Network,P3 - Medium,Closed,24,7.5,5.0,Phone,Finance,AGT-05
TKT-01813,2026-05-19 12:49:02,2026-05-22 05:13:02,Security,P4 - Low,Closed,48,64.4,3.0,Portal,Finance,AGT-07
TKT-04168,2026-01-07 12:28:22,2026-01-07 19:40:22,Hardware,P4 - Low,Closed,48,7.2,4.0,Email,Customer Support,AGT-09
TKT-01553,2025-11-27 14:29:01,2025-11-28 09:23:01,Access & Accounts,P4 - Low,Closed,48,18.9,4.0,Chat,Customer Support,AGT-02
TKT-03177,2026-07-07 09:25:08,2026-07-07 10:37:08,Network,P1 - Critical,Resolved,4,1.2,,Portal,Operations,AGT-06
TKT-00817,2026-07-13 16:38:34,2026-07-14 06:32:34,Hardware,P4 - Low,Resolved,48,13.9,,Portal,Sales,AGT-10
TKT-01573,2026-03-05 13:38:35,2026-03-06 01:32:35, Access & Accounts ,P4 - Low,Closed,48,11.9,5.0,Portal,Finance,AGT-03
TKT-03574,2026-01-22 12:43:46,2026-01-22 15:19:46,Access & Accounts,P3 - Medium,Closed,24,2.6,5.0,Portal,Customer Support,AGT-01
TKT-01801,2026-03-27 13:45:03,2026-03-29 14:09:03,Software,P3 - Medium,Resolved,24,48.4,2.0,Email,Customer Support,AGT-03
TKT-04322,2026-03-05 12:26:08,2026-03-05 23:38:08,Software,P3 - Medium,Resolved,24,11.2,5.0,Portal,Customer Support,AGT-03
TKT-00382,2026-08-03 15:20:55,2026-08-04 01:50:55,Software,P4 - Low,Closed,48,10.5,4.0,Portal,Operations,AGT-11
TKT-04146,2025-11-10 15:35:31,2025-11-10 19:47:31,Security,P3 - Medium,Resolved,24,4.2,,Portal,Operations,AGT-08
TKT-03890,2025-11-10 12:37:46,2025-11-10 15:01:46,Access & Accounts,P2 - High,Resolved,8,2.4,5.0,Email,Sales,AGT-03
TKT-02706,2026-02-01 13:45:01,2026-02-02 09:33:01,Software,P4 - Low,Closed,48,19.8,5.0,Portal,Operations,AGT-02
TKT-03566,2026-06-16 13:04:10,2026-06-16 14:16:10,Hardware,P1 - Critical,Closed,4,1.2,4.0,Portal,Sales,AGT-09
TKT-02352,2026-07-01 18:00:16,2026-07-03 23:48:16,Hardware,P3 - Medium,Closed,24,53.8,,Phone,HR,AGT-09
TKT-04359,2026-02-08 14:55:15,2026-02-09 02:55:15,Access & Accounts,P4 - Low,Resolved,48,12.0,4.0,Portal,R&D,AGT-03
TKT-01781,2025-10-07 11:26:14,2025-10-07 20:44:14,Hardware,P3 - Medium,Resolved,24,9.3,5.0,Portal,Sales,AGT-09
TKT-02776,2025-12-18 17:11:12,2025-12-18 22:23:12,Software,P3 - Medium,Closed,24,5.2,,Portal,Customer Support,AGT-02
TKT-03478,2026-07-23 15:45:39,2026-07-24 05:45:39,Hardware,P3 - Medium,Closed,24,14.0,4.0,Email,Finance,AGT-09
TKT-02374,2025-11-07 14:59:53,,Hardware,P3 - Medium,In Progress,24,,,Email,R&D,AGT-10
TKT-00865,2025-09-11 15:04:34,2025-09-11 18:22:34,Access & Accounts,P2 - High,Resolved,8,3.3,4.0,Email,Sales,AGT-03
TKT-03075,2026-07-08 10:30:41,2026-07-08 13:12:41,Software,P2 - High,Closed,8,2.7,5.0,Chat,Operations,AGT-01
TKT-03222,2026-06-16 11:44:03,2026-06-16 23:26:03,Access & Accounts,P4 - Low,Closed,48,11.7,4.0,Chat,IT,AGT-02
TKT-00555,2025-08-19 12:56:36,2025-08-20 04:56:36,Access & Accounts,P2 - High,Closed,8,16.0,2.0,Portal,Sales,AGT-02
TKT-01160,2026-06-01 12:40:19,2026-06-01 19:46:19,Email & Collaboration,P3 - Medium,Closed,24,7.1,4.0,Email,HR,AGT-03
TKT-01214,2025-12-30 18:32:09,2025-12-30 19:20:09,Network,P1 - Critical,Resolved,4,0.8,5.0,Portal,Sales,AGT-05
TKT-02313,2025-12-30 15:08:42,2026-01-01 05:50:42,Network,P3 - Medium,Resolved,24,38.7,1.0,Email,Customer Support,AGT-05
TKT-03811,2026-03-11 14:46:46,2026-03-11 18:16:46,access & accounts,P2 - High,Resolved,8,3.5,4.0,Email,HR,AGT-02
TKT-00049,2026-04-25 14:54:38,2026-04-26 07:30:38,Access & Accounts,P2 - High,Resolved,8,16.6,3.0,Email,Customer Support,AGT-01
TKT-02408,2025-11-26 17:20:10,2025-11-27 06:08:10,Software,P3 - Medium,Closed,24,12.8,3.0,Portal,Finance,AGT-03
TKT-00701,2025-11-04 10:18:12,2025-11-04 22:18:12,Email & Collaboration,P4 - Low,Resolved,48,12.0,4.0,Portal,Operations,AGT-01
TKT-00653,2026-04-21 14:50:05,,Security,P4 - Low,In Progress,48,,,Portal,IT,AGT-08
TKT-03214,2026-03-20 15:55:09,2026-03-21 03:49:09,Network,P3 - Medium,Closed,24,11.9,4.0,Phone,IT,AGT-04
TKT-03124,2026-01-26 11:51:29,2026-01-26 18:51:29,Network,P4 - Low,Closed,48,7.0,5.0,Email,Operations,AGT-06
TKT-04831,2026-03-22 14:21:28,2026-03-22 20:45:28,Access & Accounts,P3 - Medium,Resolved,24,6.4,5.0,,Finance,AGT-01
TKT-00749,2026-06-03 12:15:28,2026-06-03 20:57:28,Hardware,P3 - Medium,Closed,24,8.7,4.0,Chat,HR,AGT-09
TKT-01456,2025-09-05 18:09:08,2025-09-06 07:27:08,access & accounts,P4 - Low,Closed,48,13.3,5.0,Chat,HR,AGT-02
TKT-04229,2026-03-06 10:04:47,2026-03-06 13:22:47,Access & Accounts,P2 - High,Closed,8,3.3,5.0,Portal,Customer Support,AGT-03
TKT-04122,2026-06-10 18:04:09,2026-06-10 19:52:09,Network,P2 - High,Resolved,8,1.8,,Email,Customer Support,AGT-04
TKT-04350,2026-06-23 11:05:03,2026-06-23 16:29:03,Security,P3 - Medium,Closed,24,5.4,4.0,Email,HR,AGT-07
TKT-00867,2026-07-07 16:12:47,2026-07-07 19:12:47,Hardware,P3 - Medium,Closed,24,3.0,4.0,Email,Operations,AGT-10
TKT-00753,2025-11-04 15:11:02,2025-11-04 17:29:02,Hardware,P1 - Critical,Resolved,4,2.3,4.0,Phone,Operations,AGT-09
TKT-01645,2025-10-13 12:44:14,2025-10-13 13:38:14,ACCESS & ACCOUNTS,P2 - High,Closed,8,0.9,3.0,Portal,Customer Support,AGT-11
TKT-00093,2026-01-22 09:07:51,2026-01-22 17:49:51,Network,P3 - Medium,Resolved,24,8.7,4.0,Email,Sales,AGT-06
TKT-03013,2026-05-27 11:39:42,2026-05-27 23:33:42, Software ,P4 - Low,Closed,48,11.9,5.0,Email,Operations,AGT-02
TKT-04003,2026-07-01 12:50:34,2026-07-01 14:44:34,Email & Collaboration,P2 - High,Closed,8,1.9,4.0,Email,Sales,AGT-02
TKT-02846,2026-03-19 16:35:30,2026-03-19 22:35:30,software,P3 - Medium,Resolved,24,6.0,,Portal,Customer Support,AGT-11
TKT-02678,2026-06-17 12:32:40,2026-06-17 22:26:40,Hardware,P3 - Medium,Resolved,24,9.9,4.0,Email,Customer Support,AGT-09
TKT-01491,2025-08-25 12:08:53,2025-08-25 15:26:53,Software,P2 - High,Closed,8,3.3,5.0,Portal,Finance,AGT-01
TKT-04376,2025-10-07 14:31:31,2025-10-07 16:25:31,Hardware,P2 - High,Closed,8,1.9,5.0,Portal,IT,AGT-10
TKT-02216,2025-09-04 13:42:12,2025-09-04 23:24:12,Hardware,P3 - Medium,Resolved,24,9.7,4.0,Phone,IT,AGT-09
TKT-00730,2026-02-19 13:05:42,2026-02-19 16:17:42,Email & Collaboration,P3 - Medium,Closed,24,3.2,4.0,Phone,Customer Support,AGT-11
TKT-04348,2026-07-10 11:07:19,2026-07-11 07:19:19,Network,P4 - Low,Resolved,48,20.2,4.0,Portal,IT,AGT-05
TKT-02597,2025-09-04 11:10:28,,Network,P1 - Critical,In Progress,4,,,Phone,Sales,AGT-04
TKT-02790,2025-12-30 11:44:05,2025-12-30 17:20:05,Network,P3 - Medium,Closed,24,5.6,4.0,Portal,Operations,AGT-06
TKT-01937,2026-02-03 08:02:46,2026-02-03 08:56:46,Access & Accounts,P1 - Critical,Resolved,4,0.9,4.0,Portal,Operations,AGT-01
TKT-01746,2026-04-07 11:32:55,2026-04-08 02:44:55,Hardware,P4 - Low,Closed,48,15.2,4.0,Portal,HR,AGT-09
TKT-02529,2026-06-22 08:53:23,2026-06-22 12:53:23,Software,P2 - High,Resolved,8,4.0,5.0,Email,Finance,AGT-03
TKT-03337,2026-02-23 12:24:46,2026-02-25 06:24:46,Software,P4 - Low,Resolved,48,42.0,4.0,Chat,Sales,AGT-03
TKT-03554,2026-02-20 14:02:06,2026-02-21 01:50:06,Access & Accounts,P3 - Medium,Resolved,24,11.8,,Email,Operations,AGT-03
TKT-01958,2025-09-01 12:58:15,2025-09-02 02:46:15,Hardware,P3 - Medium,Closed,24,13.8,5.0,Phone,Operations,AGT-09
TKT-01111,2025-09-30 11:26:11,2025-09-30 14:14:11,Security,P2 - High,Resolved,8,2.8,5.0,Portal,IT,AGT-07
TKT-04851,2025-10-20 17:06:39,2025-10-21 05:18:39,Access & Accounts,P4 - Low,Resolved,48,12.2,4.0,,HR,AGT-02
TKT-04103,2026-03-09 12:20:25,,Access & Accounts,P3 - Medium,In Progress,24,,,Chat,Operations,AGT-11
TKT-04507,2026-01-09 15:43:57,2026-01-10 01:43:57,Access & Accounts,P4 - Low,Resolved,48,10.0,3.0,,Sales,AGT-01
TKT-04191,2025-09-02 11:20:27,2025-09-05 20:56:27,Email & Collaboration,P4 - Low,Resolved,48,81.6,,Portal,IT,AGT-01
TKT-00347,2026-08-06 13:32:51,2026-08-07 16:50:51,Software,P3 - Medium,Resolved,24,27.3,3.0,Portal,HR,AGT-01
TKT-01186,2026-06-19 11:02:50,2026-06-20 04:20:50,Network,P3 - Medium,Closed,24,17.3,3.0,Portal,Finance,AGT-04
TKT-04617,2025-09-23 15:35:12,2025-09-24 05:59:12,Email & Collaboration,P3 - Medium,Closed,24,14.4,5.0,Email,Finance,AGT-02
TKT-04078,2026-03-13 16:24:48,2026-03-13 23:24:48,Access & Accounts,P3 - Medium,Closed,24,7.0,5.0,Email,R&D,AGT-01
TKT-01516,2025-11-17 13:41:21,,Hardware,P3 - Medium,In Progress,24,,,Email,HR,AGT-10
TKT-04707,2025-09-04 10:56:46,2025-09-04 23:56:46,Access & Accounts,P3 - Medium,Closed,24,13.0,5.0,Email,Customer Support,AGT-11
TKT-00579,2026-06-30 12:30:02,2026-06-30 14:24:02,HARDWARE,P2 - High,Closed,8,1.9,4.0,Email,Customer Support,AGT-09
TKT-01965,2026-05-18 12:42:21,2026-05-18 19:18:21,Hardware,P3 - Medium,Resolved,24,6.6,4.0,Portal,Operations,AGT-10
TKT-00076,2025-11-19 14:08:05,2025-11-20 03:50:05, Access & Accounts ,P4 - Low,Closed,48,13.7,4.0,Chat,Operations,AGT-11
TKT-01430,2026-01-22 15:02:44,2026-01-22 17:32:44,Network,P2 - High,Resolved,8,2.5,5.0,Portal,Operations,AGT-04
TKT-03656,2025-09-03 16:51:29,2025-09-03 19:33:29,Hardware,P2 - High,Closed,8,2.7,5.0,Email,Finance,AGT-10
TKT-04465,2025-10-08 14:18:35,2025-10-08 17:42:35,Network,P2 - High,Closed,8,3.4,4.0,Portal,Operations,AGT-12
TKT-03815,2026-01-16 11:08:44,2026-01-18 11:14:44,Hardware,P3 - Medium,Resolved,24,48.1,2.0,Chat,Operations,AGT-09
TKT-04993,2026-05-04 16:43:49,2026-05-05 03:37:49,ACCESS & ACCOUNTS,P3 - Medium,Resolved,24,10.9,,Email,Sales,AGT-01
TKT-01847,2025-12-08 08:40:02,2025-12-08 09:34:02,Software,P1 - Critical,Closed,4,0.9,,Phone,HR,AGT-03
TKT-00132,2026-07-29 10:52:53,2026-07-29 15:52:53,Network,P3 - Medium,Resolved,24,5.0,3.0,Email,Customer Support,AGT-06
TKT-00179,2026-07-16 13:19:25,2026-07-16 22:49:25,Hardware,P3 - Medium,Resolved,24,9.5,4.0,Email,IT,AGT-10
TKT-02952,2026-06-02 12:22:28,2026-06-03 13:04:28,Access & Accounts,P4 - Low,Closed,48,24.7,5.0,Phone,IT,AGT-01
TKT-04502,2026-01-27 14:58:14,2026-01-27 19:22:14,Network,P3 - Medium,Resolved,24,4.4,,Chat,Operations,AGT-05
TKT-02744,2026-05-28 10:16:04,2026-05-28 22:58:04,Email & Collaboration,P4 - Low,Resolved,48,12.7,3.0,Chat,R&D,AGT-03
TKT-04759,2025-08-27 13:22:02,2025-08-27 18:34:02,Access & Accounts,P3 - Medium,Closed,24,5.2,5.0,Email,Customer Support,AGT-02
TKT-02414,2026-02-27 16:25:29,2026-02-28 02:37:29,Network,P4 - Low,Resolved,48,10.2,5.0,Portal,Sales,AGT-12
TKT-04899,2026-07-15 12:27:07,2026-07-15 17:45:07,Network,P3 - Medium,Closed,24,5.3,4.0,Phone,Operations,AGT-06
TKT-00659,2026-03-20 13:21:42,2026-03-21 02:09:42,ACCESS & ACCOUNTS,P2 - High,Resolved,8,12.8,2.0,Phone,IT,AGT-01
TKT-01897,2026-04-15 11:33:44,2026-04-15 16:15:44,Access & Accounts,P3 - Medium,Closed,24,4.7,4.0,Phone,R&D,AGT-11
TKT-04822,2025-11-17 14:25:43,2025-11-18 00:55:43,Network,P3 - Medium,Closed,24,10.5,4.0,Portal,Sales,AGT-06
TKT-03167,2025-09-08 12:57:24,2025-09-08 20:21:24,Email & Collaboration,P3 - Medium,Resolved,24,7.4,4.0,Email,Sales,AGT-03
TKT-00343,2026-06-11 12:49:00,2026-06-12 04:19:00,Hardware,P4 - Low,Closed,48,15.5,4.0,Phone,Finance,AGT-10
TKT-02592,2026-07-17 11:16:02,2026-07-17 20:46:02,Hardware,P3 - Medium,Closed,24,9.5,5.0,Portal,Operations,AGT-09
TKT-00728,2025-08-27 14:59:44,2025-08-27 20:17:44,Access & Accounts,P3 - Medium,Closed,24,5.3,,Phone,Operations,AGT-02
TKT-03849,2025-11-02 14:20:45,2025-11-02 23:08:45,Email & Collaboration,P3 - Medium,Closed,24,8.8,4.0,Email,Customer Support,AGT-02
TKT-00977,2026-01-30 10:53:37,2026-01-31 02:47:37,Software,P2 - High,Closed,8,15.9,2.0,Email,Customer Support,AGT-11
TKT-02281,2026-01-13 14:12:08,2026-01-13 18:06:08,Network,P4 - Low,Resolved,48,3.9,4.0,Phone,HR,AGT-05
TKT-03746,2026-05-08 08:58:15,2026-05-08 16:10:15,Email & Collaboration,P3 - Medium,Closed,24,7.2,5.0,Portal,Finance,AGT-02
TKT-01929,2025-08-08 16:00:57,2025-08-09 15:18:57,Network,P3 - Medium,Resolved,24,23.3,4.0,Email,Customer Support,AGT-04
TKT-04314,2026-06-18 14:34:18,2026-06-18 20:46:18,Access & Accounts,P3 - Medium,Closed,24,6.2,4.0,Email,IT,AGT-03
TKT-03505,2026-05-09 15:04:27,2026-05-10 02:46:27, Access & Accounts ,P4 - Low,Closed,48,11.7,4.0,Portal,Finance,AGT-11
TKT-01300,2025-12-31 12:24:35,2025-12-31 21:30:35,Software,P3 - Medium,Closed,24,9.1,4.0,Email,Finance,AGT-11
TKT-03045,2026-05-21 16:26:35,2026-05-22 06:08:35,Email & Collaboration,P4 - Low,Resolved,48,13.7,4.0,Email,IT,AGT-01
TKT-04636,2025-08-21 16:56:48,2025-08-21 20:44:48,Security,P2 - High,Closed,8,3.8,4.0,Portal,Sales,AGT-07
TKT-00661,2025-11-17 11:14:22,2025-11-17 19:44:22,Email & Collaboration,P3 - Medium,Resolved,24,8.5,4.0,Portal,Finance,AGT-02
TKT-04040,2026-06-19 14:55:59,2026-06-20 10:01:59,Access & Accounts,P3 - Medium,Resolved,24,19.1,4.0,Portal,Sales,AGT-02
TKT-04768,2026-03-12 16:07:36,2026-03-13 09:25:36,Software,P4 - Low,Closed,48,17.3,4.0,Chat,R&D,AGT-03
TKT-02835,2026-04-27 11:39:06,2026-04-27 23:09:06,Access & Accounts,P4 - Low,Closed,48,11.5,3.0,Phone,Sales,AGT-02
TKT-03739,2026-06-09 14:13:34,,software,P2 - High,In Progress,8,,,Portal,Customer Support,AGT-01
TKT-02230,2026-04-14 13:22:58,2026-04-18 06:10:58,Access & Accounts,P4 - Low,Closed,48,88.8,3.0,Email,IT,AGT-02
TKT-03106,2026-04-23 14:49:46,2026-04-24 17:31:46,Access & Accounts,P3 - Medium,Closed,24,26.7,,Portal,Finance,AGT-02
TKT-02752,2026-05-12 10:47:36,2026-05-12 12:53:36,Software,P3 - Medium,Resolved,24,2.1,5.0,Portal,Sales,AGT-01
TKT-03661,2025-10-23 12:22:24,2025-10-24 01:28:24,Hardware,P4 - Low,Closed,48,13.1,4.0,Portal,Customer Support,AGT-09
TKT-03249,2026-07-12 08:28:59,2026-07-12 15:52:59,Email & Collaboration,P3 - Medium,Resolved,24,7.4,5.0,Email,Customer Support,AGT-03
TKT-01279,2026-07-07 11:32:19,2026-07-07 21:14:19,Access & Accounts,P3 - Medium,Closed,24,9.7,4.0,Portal,R&D,AGT-02
TKT-04038,2026-06-29 08:42:52,2026-07-03 06:36:52,NETWORK,P4 - Low,Closed,48,93.9,2.0,Email,HR,AGT-06
TKT-01622,2026-02-20 18:17:21,2026-02-20 20:05:21,Software,P2 - High,Closed,8,1.8,4.0,Email,Customer Support,AGT-02
TKT-04924,2026-07-13 11:59:26,2026-07-13 14:29:26,Hardware ,P2 - High,Resolved,8,2.5,4.0,Phone,Customer Support,AGT-09
TKT-02883,2026-03-04 14:06:17,2026-03-04 23:36:17,Hardware,P3 - Medium,Resolved,24,9.5,5.0,Portal,Finance,AGT-09
TKT-00068,2025-11-28 16:58:30,2025-11-28 21:34:30,security,P3 - Medium,Resolved,24,4.6,4.0,Portal,HR,AGT-08
TKT-02628,2025-12-13 14:10:18,2025-12-15 13:34:18,Email & Collaboration,P3 - Medium,Resolved,24,47.4,1.0,Portal,R&D,AGT-01
TKT-03313,2026-03-03 15:11:18,2026-03-04 00:59:18,Hardware,P3 - Medium,Resolved,24,9.8,,Portal,IT,AGT-09
TKT-03856,2025-10-27 14:28:13,2025-10-27 19:22:13,Hardware,P3 - Medium,Closed,24,4.9,4.0,Email,IT,AGT-09
TKT-00821,2025-08-21 08:42:49,2025-08-21 12:24:49,Access & Accounts,P3 - Medium,Resolved,24,3.7,5.0,Chat,Operations,AGT-01
TKT-01227,2026-02-02 12:06:36,2026-02-03 01:54:36,Email & Collaboration,P3 - Medium,Resolved,24,13.8,5.0,Email,Customer Support,AGT-11
TKT-03921,2025-10-25 13:01:24,2025-10-25 14:31:24,Email & Collaboration,P2 - High,Closed,8,1.5,5.0,Email,Finance,AGT-03
TKT-02375,2025-12-22 15:37:07,2025-12-23 22:01:07,Software,P3 - Medium,Closed,24,30.4,2.0,Email,Customer Support,AGT-01
TKT-02793,2026-05-18 12:15:41,2026-05-18 16:09:41,Software,P2 - High,Closed,8,3.9,4.0,Phone,HR,AGT-01
TKT-04571,2025-11-27 13:01:10,2025-11-27 20:13:10,email & collaboration,P3 - Medium,Closed,24,7.2,3.0,Portal,Sales,AGT-11
TKT-04304,2025-12-16 08:40:58,2025-12-16 10:22:58,Email & Collaboration,P1 - Critical,Resolved,4,1.7,5.0,Phone,Finance,AGT-03
TKT-03410,2025-09-10 09:57:27,2025-09-10 19:57:27,Access & Accounts,P4 - Low,Closed,48,10.0,4.0,Chat,R&D,AGT-11
TKT-01144,2026-06-18 15:56:07,2026-06-19 03:50:07,Email & Collaboration,P3 - Medium,Closed,24,11.9,5.0,Email,Sales,AGT-11
TKT-00398,2025-11-25 15:06:37,2025-11-26 04:42:37,Software,P4 - Low,Closed,48,13.6,5.0,Email,Operations,AGT-11
TKT-03467,2026-04-01 10:28:38,2026-04-01 13:58:38,Software,P3 - Medium,Resolved,24,3.5,5.0,Portal,Sales,AGT-03
TKT-04336,2025-08-28 16:19:55,2025-08-29 08:13:55,Network,P4 - Low,Resolved,48,15.9,,Portal,R&D,AGT-05
TKT-03530,2026-02-06 12:29:30,2026-02-06 16:05:30,Network,P3 - Medium,Resolved,24,3.6,4.0,Portal,HR,AGT-05
TKT-01399,2026-03-11 11:53:52,2026-03-12 11:23:52,Hardware,P4 - Low,Resolved,48,23.5,4.0,Portal,R&D,AGT-09
TKT-01660,2025-08-14 11:46:25,2025-08-14 23:28:25,Software,P4 - Low,Closed,48,11.7,4.0,Email,Customer Support,AGT-03
TKT-00980,2025-10-14 12:14:54,2025-10-15 06:50:54,Email & Collaboration,P4 - Low,Closed,48,18.6,4.0,Phone,Customer Support,AGT-11
TKT-01299,2026-05-12 11:31:42,2026-05-12 18:07:42,Network,P4 - Low,Closed,48,6.6,,Email,IT,AGT-04
TKT-02303,2026-02-02 11:34:56,2026-02-02 12:34:56,Hardware,P2 - High,Resolved,8,1.0,5.0,Email,Operations,AGT-10
TKT-00083,2026-06-16 14:18:44,2026-06-17 01:24:44,Software,P3 - Medium,Closed,24,11.1,4.0,Portal,Operations,AGT-03
TKT-02222,2026-01-26 14:23:17,2026-01-27 04:53:17,Software,P3 - Medium,Resolved,24,14.5,4.0,Portal,Operations,AGT-01
TKT-04540,2025-12-23 12:23:34,2025-12-24 02:47:34,Hardware,P4 - Low,Resolved,48,14.4,3.0,Email,IT,AGT-09
TKT-03805,2025-08-08 11:12:50,2025-08-08 15:24:50,Software,P3 - Medium,Resolved,24,4.2,5.0,Email,Finance,AGT-02
TKT-03847,2026-05-15 17:11:17,2026-05-16 20:53:17,Security,P3 - Medium,Resolved,24,27.7,,Email,Sales,AGT-07
TKT-02329,2026-03-13 12:27:02,2026-03-13 16:15:02,Network,P3 - Medium,Closed,24,3.8,5.0,,Operations,AGT-05
TKT-00424,2025-08-21 17:52:13,2025-08-22 04:04:13,Network,P3 - Medium,Closed,24,10.2,5.0,Email,Sales,AGT-05
TKT-04374,2025-10-06 16:41:26,2025-10-06 19:35:26,Access & Accounts,P2 - High,Closed,8,2.9,,Chat,Operations,AGT-03
TKT-01905,2026-03-26 16:55:52,2026-03-27 00:49:52,Software,P3 - Medium,Resolved,24,7.9,4.0,Portal,Finance,AGT-11
TKT-04574,2025-12-22 12:16:54,2025-12-22 15:04:54,Hardware,P3 - Medium,Closed,24,2.8,3.0,Phone,Sales,AGT-09
TKT-03413,2026-02-17 14:42:17,2026-02-18 04:30:17,Email & Collaboration,P4 - Low,Closed,48,13.8,5.0,Portal,Finance,AGT-02
TKT-03783,2026-08-02 12:31:11,2026-08-04 07:13:11,Network,P3 - Medium,Resolved,24,42.7,1.0,Email,Operations,AGT-12
TKT-01566,2026-01-28 14:55:54,2026-01-28 21:49:54,Access & Accounts,P3 - Medium,Closed,24,6.9,,Chat,IT,AGT-02
TKT-03663,2026-07-16 12:59:10,2026-07-16 16:05:10,Hardware,P3 - Medium,Closed,24,3.1,4.0,Portal,Operations,AGT-10
TKT-00840,2026-02-19 09:06:27,2026-02-19 23:06:27,Access & Accounts,P4 - Low,Closed,48,14.0,4.0,Chat,Sales,AGT-03
TKT-00501,2026-05-17 12:04:07,2026-05-17 23:22:07,Hardware,P4 - Low,Resolved,48,11.3,5.0,Portal,Customer Support,AGT-09
TKT-00142,2026-02-10 18:10:22,2026-02-10 19:58:22,Email & Collaboration,P1 - Critical,Closed,4,1.8,4.0,Chat,Sales,AGT-01
TKT-01378,2026-07-08 12:02:54,2026-07-09 00:14:54,Software,P2 - High,Closed,8,12.2,2.0,Portal,Operations,AGT-11
TKT-04217,2026-04-24 12:30:40,2026-04-26 05:12:40,Email & Collaboration,P3 - Medium,Resolved,24,40.7,2.0,Chat,Customer Support,AGT-02
TKT-02182,2026-08-15 14:33:30,,Software,P3 - Medium,Open,24,,,Phone,Operations,AGT-02
TKT-01139,2025-08-21 12:21:39,,Network,P2 - High,In Progress,8,,,Email,Operations,AGT-05
TKT-04291,2025-09-03 12:20:16,,Network,P3 - Medium,In Progress,24,,,Email,Sales,AGT-05
TKT-01788,2026-04-27 17:12:31,2026-04-28 00:12:31,Network,P3 - Medium,Closed,24,7.0,4.0,Email,Sales,AGT-04
TKT-03657,2025-10-02 11:00:28,2025-10-04 21:18:28,Security,P4 - Low,Resolved,48,58.3,3.0,Email,Customer Support,AGT-07
TKT-00551,2026-02-02 13:44:11,2026-02-02 15:56:11,Access & Accounts,P2 - High,Resolved,8,2.2,4.0,Phone,Finance,AGT-01
TKT-03155,2025-10-13 08:10:13,2025-10-17 00:04:13,Hardware,P4 - Low,Closed,48,87.9,2.0,,Sales,AGT-09
TKT-02020,2025-12-25 12:17:02,2025-12-25 16:59:02,Software,P3 - Medium,Resolved,24,4.7,4.0,Chat,Operations,AGT-11
TKT-00949,2026-07-09 17:35:00,2026-07-09 19:17:00,Network,P2 - High,Closed,8,1.7,5.0,Chat,HR,AGT-06
TKT-02300,2026-05-14 14:32:32,2026-05-15 18:56:32,Network,P3 - Medium,Closed,24,28.4,3.0,Email,R&D,AGT-04
TKT-00533,2025-12-31 11:57:52,2026-01-02 12:03:52,Network,P3 - Medium,Resolved,24,48.1,3.0,Chat,Finance,AGT-06
TKT-01830,2026-02-11 13:50:25,2026-02-11 17:56:25,Access & Accounts,P3 - Medium,Resolved,24,4.1,,Portal,Operations,AGT-03
TKT-03900,2025-10-15 13:15:38,2025-10-15 16:45:38,Hardware,P2 - High,Closed,8,3.5,,Chat,Operations,AGT-10
TKT-04645,2025-11-17 12:12:22,2025-11-17 17:00:22,Network,P3 - Medium,Resolved,24,4.8,3.0,Chat,Operations,AGT-06
TKT-03940,2025-09-06 14:43:18,2025-09-08 01:37:18,Email & Collaboration,P3 - Medium,Closed,24,34.9,3.0,Chat,Operations,AGT-11
TKT-01603,2026-04-23 11:59:22,2026-04-23 19:23:22,Network,P4 - Low,Resolved,48,7.4,4.0,Portal,Customer Support,AGT-12
TKT-00640,2026-07-07 15:25:03,2026-07-07 19:19:03,Software,P3 - Medium,Resolved,24,3.9,4.0,Chat,Operations,AGT-03
TKT-04872,2025-11-05 15:18:32,2025-11-05 23:36:32,Hardware,P3 - Medium,Resolved,24,8.3,5.0,Portal,R&D,AGT-10
TKT-00968,2025-10-03 14:02:42,2025-10-03 18:20:42,Network,P3 - Medium,Closed,24,4.3,4.0,Email,Sales,AGT-05
TKT-04272,2026-02-04 10:09:15,2026-02-04 16:57:15,Network,P3 - Medium,Closed,24,6.8,3.0,Portal,Customer Support,AGT-06
TKT-02674,2026-02-02 13:01:33,,Software,P4 - Low,In Progress,48,,,Portal,Operations,AGT-02
TKT-01684,2025-11-21 10:18:45,2025-11-22 04:36:45,Access & Accounts,P4 - Low,Closed,48,18.3,5.0,Email,Sales,AGT-01
TKT-04506,2026-01-04 16:19:26,2026-01-04 22:19:26,Hardware,P4 - Low,Closed,48,6.0,5.0,Portal,Operations,AGT-09
TKT-03205,2026-07-30 13:04:11,2026-07-31 03:46:11,Network,P4 - Low,Closed,48,14.7,5.0,Email,IT,AGT-06
TKT-00156,2026-04-22 12:59:15,2026-04-23 16:11:15,Access & Accounts,P4 - Low,Closed,48,27.2,5.0,Portal,Finance,AGT-03
TKT-03755,2026-01-30 16:14:40,2026-01-30 22:20:40,Network,P3 - Medium,Closed,24,6.1,4.0,Portal,R&D,AGT-06
TKT-02891,2025-09-27 12:46:37,2025-09-27 19:28:37,Network,P3 - Medium,Closed,24,6.7,5.0,Email,Sales,AGT-06
TKT-01090,2026-01-27 16:35:19,2026-01-28 03:05:19,Software,P3 - Medium,Closed,24,10.5,4.0,Phone,Operations,AGT-02
TKT-04478,2025-11-03 17:21:37,2025-11-07 02:27:37,Hardware,P4 - Low,Resolved,48,81.1,2.0,Portal,Finance,AGT-09
TKT-04275,2025-10-23 11:15:16,2025-10-23 18:27:16,Network,P3 - Medium,Closed,24,7.2,5.0,Email,IT,AGT-12
TKT-00289,2026-02-23 18:35:40,2026-02-25 05:41:40,Access & Accounts,P4 - Low,Closed,48,35.1,5.0,Email,Finance,AGT-01
TKT-00931,2025-11-25 11:49:54,2025-11-25 21:01:54,Access & Accounts,P4 - Low,Closed,48,9.2,4.0,,Finance,AGT-11
TKT-02581,2025-08-12 10:00:33,2025-08-12 13:42:33,Network,P2 - High,Closed,8,3.7,,Portal,Customer Support,AGT-06
TKT-04309,2026-08-05 10:24:59,2026-08-06 04:12:59,Access & Accounts,P4 - Low,Closed,48,17.8,4.0,Chat,Sales,AGT-11
TKT-03432,2026-03-08 15:53:48,2026-03-09 00:59:48,Hardware,P2 - High,Closed,8,9.1,2.0,Email,Operations,AGT-09
TKT-02777,2026-04-13 17:05:01,2026-04-14 04:29:01,Hardware,P3 - Medium,Resolved,24,11.4,,Portal,Customer Support,AGT-09
TKT-03350,2026-01-01 15:18:48,2026-01-02 03:36:48,Software,P3 - Medium,Resolved,24,12.3,5.0,Email,Sales,AGT-03
TKT-00943,2025-10-10 17:43:57,2025-10-13 17:31:57,Software,P4 - Low,Resolved,48,71.8,1.0,Phone,IT,AGT-11
TKT-03927,2026-02-27 10:13:14,2026-03-02 23:43:14,Email & Collaboration,P4 - Low,Closed,48,85.5,2.0,Phone,Sales,AGT-11
TKT-04700,2026-06-01 11:24:42,2026-06-02 04:06:42,Access & Accounts,P4 - Low,Resolved,48,16.7,,Email,IT,AGT-02
TKT-01699,2026-08-12 13:43:45,2026-08-14 06:13:45,ACCESS & ACCOUNTS,P3 - Medium,Resolved,24,40.5,2.0,Email,IT,AGT-11
TKT-04747,2026-01-22 16:14:53,2026-01-22 17:14:53,Access & Accounts,P1 - Critical,Closed,4,1.0,,Phone,Customer Support,AGT-02
TKT-04731,2025-12-03 14:46:36,2025-12-06 08:22:36,Hardware,P4 - Low,Closed,48,65.6,2.0,Email,Operations,AGT-09
TKT-04077,2026-04-13 12:13:39,2026-04-13 20:13:39,Software,P3 - Medium,Closed,24,8.0,4.0,Phone,Finance,AGT-11
TKT-04813,2026-02-16 18:06:11,2026-02-19 18:30:11,Access & Accounts,P4 - Low,Closed,48,72.4,2.0,Email,Customer Support,AGT-11
TKT-00986,2026-07-28 15:53:21,2026-07-29 03:35:21,Network,P3 - Medium,Resolved,24,11.7,4.0,Email,Customer Support,AGT-04
TKT-03291,2025-12-17 13:57:45,2025-12-17 23:39:45,Hardware,P3 - Medium,Resolved,24,9.7,4.0,Portal,Finance,AGT-10
TKT-02228,2025-08-27 13:03:08,2025-08-29 02:45:08,Hardware,P4 - Low,Closed,48,37.7,4.0,Portal,HR,AGT-09
TKT-03618,2025-10-02 16:48:54,2025-10-03 17:24:54,Hardware,P4 - Low,Closed,48,24.6,5.0,Email,Finance,AGT-09
TKT-04817,2025-11-02 15:41:48,2025-11-03 00:23:48,Software,P3 - Medium,Closed,24,8.7,5.0,,R&D,AGT-02
TKT-00982,2026-06-18 13:26:23,2026-06-19 19:56:23,Network,P4 - Low,Closed,48,30.5,4.0,Portal,Operations,AGT-05
TKT-02536,2026-03-18 13:33:54,2026-03-19 16:57:54,Access & Accounts,P3 - Medium,Closed,24,27.4,2.0,Portal,IT,AGT-01
TKT-02471,2026-01-22 16:48:13,2026-01-22 19:30:13,Email & Collaboration,P2 - High,Resolved,8,2.7,5.0,Portal,HR,AGT-02
TKT-03932,2026-03-19 11:11:09,2026-03-19 21:35:09,Hardware,P3 - Medium,Resolved,24,10.4,5.0,Phone,Customer Support,AGT-09
TKT-04182,2025-09-19 11:24:58,2025-09-20 10:00:58,Hardware,P3 - Medium,Resolved,24,22.6,5.0,Email,R&D,AGT-10
TKT-03590,2025-11-24 11:32:22,2025-11-24 18:20:22,Network,P3 - Medium,Closed,24,6.8,4.0,Phone,Customer Support,AGT-12
TKT-03912,2026-02-03 09:38:38,2026-02-03 21:26:38,Software,P4 - Low,Closed,48,11.8,4.0,Phone,Finance,AGT-03
TKT-01458,2026-01-20 16:46:58,2026-01-23 23:58:58,Email & Collaboration,P4 - Low,Closed,48,79.2,2.0,Portal,Operations,AGT-11
TKT-01396,2025-10-01 14:01:30,2025-10-01 15:01:30,SOFTWARE,P2 - High,Resolved,8,1.0,5.0,Email,Operations,AGT-03
TKT-00265,2026-07-28 17:53:48,2026-07-29 02:47:48,Network,P3 - Medium,Closed,24,8.9,5.0,Portal,Sales,AGT-06
TKT-02437,2026-03-19 14:15:14,2026-03-19 18:51:14,Hardware,P3 - Medium,Closed,24,4.6,,Email,HR,AGT-09
TKT-00930,2026-05-15 11:13:06,2026-05-16 04:43:06,Network,P2 - High,Resolved,8,17.5,2.0,Portal,Operations,AGT-04
TKT-03820,2026-06-26 13:00:29,2026-06-27 00:00:29,Access & Accounts,P4 - Low,Resolved,48,11.0,4.0,Portal,Customer Support,AGT-03
TKT-02179,2025-11-10 18:03:38,2025-11-11 03:27:38,Security,P2 - High,Closed,8,9.4,,Email,R&D,AGT-08
TKT-03425,2025-10-01 10:22:03,2025-10-02 05:10:03,Access & Accounts,P4 - Low,Closed,48,18.8,4.0,Email,Sales,AGT-03
TKT-00247,2026-03-25 11:50:19,2026-03-25 17:08:19,Security,P3 - Medium,Closed,24,5.3,4.0,Phone,R&D,AGT-07
TKT-03655,2025-12-03 14:38:21,2025-12-03 21:44:21,Email & Collaboration,P3 - Medium,Closed,24,7.1,4.0,Phone,R&D,AGT-11
TKT-01759,2026-07-21 17:13:09,2026-07-21 23:31:09,Software,P3 - Medium,Closed,24,6.3,5.0,Portal,R&D,AGT-11
TKT-04905,2026-05-06 13:20:00,2026-05-06 15:50:00,Hardware,P2 - High,Closed,8,2.5,4.0,Email,Operations,AGT-10
TKT-04021,2025-10-27 18:30:28,2025-11-01 14:36:28,Security,P4 - Low,Resolved,48,116.1,2.0,Email,Operations,AGT-08
TKT-00924,2026-03-02 11:04:25,2026-03-03 18:04:25,Hardware,P3 - Medium,Closed,24,31.0,2.0,Portal,Customer Support,AGT-10
TKT-02644,2026-07-06 16:11:53,2026-07-07 05:59:53,Email & Collaboration,P4 - Low,Resolved,48,13.8,4.0,Email,Customer Support,AGT-01
TKT-00269,2025-09-16 11:13:36,2025-09-16 12:55:36,Network,P2 - High,Closed,8,1.7,5.0,Portal,R&D,AGT-12
TKT-00670,2026-01-08 10:35:42,2026-01-08 15:23:42,Software,P3 - Medium,Closed,24,4.8,4.0,Portal,Operations,AGT-01
TKT-02785,2025-10-24 11:15:56,2025-10-25 02:45:56,Hardware,P3 - Medium,Resolved,24,15.5,4.0,Portal,IT,AGT-09
TKT-01911,2025-08-05 12:05:24,2025-08-05 18:47:24,Software,P3 - Medium,Closed,24,6.7,4.0,Email,Operations,AGT-02
TKT-03040,2026-04-07 11:40:45,2026-04-07 21:10:45,Hardware,P3 - Medium,Resolved,24,9.5,,Phone,R&D,AGT-09
TKT-01153,2025-09-08 13:48:27,2025-09-09 02:36:27,Software,P4 - Low,Closed,48,12.8,4.0,Email,IT,AGT-02
TKT-04857,2026-01-29 16:42:11,2026-02-01 21:24:11,Access & Accounts,P4 - Low,Closed,48,76.7,1.0,Email,Customer Support,AGT-11
TKT-03516,2026-05-25 11:24:37,2026-05-25 12:06:37,Access & Accounts,P1 - Critical,Closed,4,0.7,4.0,Phone,Operations,AGT-03
TKT-04276,2025-08-18 10:19:47,2025-08-19 07:07:47,Network,P4 - Low,Resolved,48,20.8,,Phone,Sales,AGT-04
TKT-03946,2026-07-13 14:28:49,2026-07-13 16:46:49,Security,P2 - High,Resolved,8,2.3,5.0,Chat,HR,AGT-08
TKT-02211,2026-08-27 09:28:02,2026-08-29 15:28:02,Access & Accounts,P3 - Medium,Resolved,24,54.0,3.0,Chat,IT,AGT-11
TKT-03037,2026-03-31 16:24:19,2026-04-01 01:18:19,Hardware,P4 - Low,Resolved,48,8.9,,Chat,Operations,AGT-09
TKT-01916,2025-10-20 09:39:33,2025-10-20 12:21:33,Software,P2 - High,Closed,8,2.7,5.0,Email,Sales,AGT-01
TKT-00613,2026-08-17 13:39:06,2026-08-17 20:51:06,Hardware,P3 - Medium,Resolved,24,7.2,,Chat,Customer Support,AGT-09
TKT-04588,2026-07-24 11:17:29,2026-07-24 12:35:29,Network,P2 - High,Closed,8,1.3,4.0,Email,IT,AGT-06
TKT-03593,2026-06-12 14:59:23,2026-06-12 16:05:23,Software,P1 - Critical,Resolved,4,1.1,,Email,Operations,AGT-01
TKT-01899,2025-08-27 12:35:36,2025-08-31 17:17:36,Email & Collaboration,P4 - Low,Closed,48,100.7,2.0,Portal,R&D,AGT-01
TKT-01650,2026-06-11 08:06:20,2026-06-11 22:54:20,Email & Collaboration,P4 - Low,Closed,48,14.8,4.0,Portal,IT,AGT-11
TKT-04214,2025-09-15 17:08:28,2025-09-17 10:26:28,Hardware,P3 - Medium,Closed,24,41.3,2.0,Phone,Sales,AGT-09
TKT-00259,2025-08-27 10:28:11,2025-08-27 13:10:11,network,P2 - High,Closed,8,2.7,,Portal,Operations,AGT-06
TKT-00848,2026-04-26 12:01:16,2026-04-26 18:25:16,Network,P3 - Medium,Closed,24,6.4,,Email,R&D,AGT-06
TKT-04503,2026-03-31 09:50:49,2026-04-01 04:32:49,Hardware,P4 - Low,Resolved,48,18.7,3.0,Email,Operations,AGT-10
TKT-01234,2026-04-24 11:00:10,2026-04-24 18:12:10,Software,P3 - Medium,Closed,24,7.2,,Chat,Customer Support,AGT-11
TKT-01128,2026-04-27 13:36:02,2026-04-27 19:30:02,Software,P3 - Medium,Closed,24,5.9,5.0,Chat,IT,AGT-01
TKT-01968,2026-06-30 15:28:57,2026-07-01 02:22:57,Software,P3 - Medium,Closed,24,10.9,,Portal,HR,AGT-02
TKT-00559,2026-03-19 12:40:07,2026-03-19 16:10:07,Network,P3 - Medium,Resolved,24,3.5,5.0,Email,Finance,AGT-06
TKT-04600,2026-01-04 17:12:35,2026-01-05 00:42:35,Hardware,P3 - Medium,Resolved,24,7.5,5.0,Email,Operations,AGT-10
TKT-00485,2025-08-15 14:36:47,2025-08-15 22:12:47,Network,P4 - Low,Closed,48,7.6,3.0,Email,Finance,AGT-04
TKT-02212,2026-01-27 13:24:12,2026-01-31 02:48:12,Access & Accounts,P4 - Low,Closed,48,85.4,1.0,Portal,Sales,AGT-11
TKT-01321,2026-02-11 09:43:54,2026-02-11 17:31:54,Security,P4 - Low,Closed,48,7.8,5.0,,Customer Support,AGT-08
TKT-04362,2026-03-02 14:39:44,2026-03-03 03:09:44,Email & Collaboration,P4 - Low,Resolved,48,12.5,4.0,,R&D,AGT-03
TKT-00008,2026-06-05 11:03:17,2026-06-05 14:57:17,Email & Collaboration,P3 - Medium,Closed,24,3.9,5.0,Portal,Customer Support,AGT-03
TKT-03338,2026-07-14 08:30:12,2026-07-14 10:42:12,Access & Accounts,P2 - High,Resolved,8,2.2,,Chat,Operations,AGT-03
TKT-04585,2026-04-22 13:46:46,2026-04-22 16:52:46,Software,P3 - Medium,Resolved,24,3.1,4.0,Email,Customer Support,AGT-02
TKT-01451,2026-06-11 12:42:37,2026-06-11 16:18:37,Access & Accounts,P2 - High,Closed,8,3.6,3.0,Portal,Operations,AGT-11
TKT-04059,2026-01-02 13:07:56,2026-01-02 18:07:56,Software,P3 - Medium,Closed,24,5.0,4.0,Portal,Finance,AGT-01
TKT-01815,2026-06-23 12:49:51,2026-06-24 00:31:51,Email & Collaboration,P3 - Medium,Resolved,24,11.7,4.0,Portal,Customer Support,AGT-11
TKT-00774,2026-06-30 09:03:33,2026-07-03 00:03:33,Network,P4 - Low,Closed,48,63.0,3.0,Portal,Finance,AGT-04
TKT-01012,2026-03-24 12:55:28,2026-03-25 17:43:28,Software,P4 - Low,Closed,48,28.8,4.0,Phone,IT,AGT-11
TKT-04798,2026-02-05 10:04:39,2026-02-05 14:40:39,Network,P3 - Medium,Closed,24,4.6,4.0,Portal,Sales,AGT-06
TKT-04041,2026-01-21 12:24:25,2026-01-21 20:00:25,Hardware,P3 - Medium,Resolved,24,7.6,,Email,Customer Support,AGT-09
TKT-01992,2026-04-22 14:56:49,2026-04-22 17:56:49,Software,P2 - High,Closed,8,3.0,5.0,Email,Sales,AGT-01
TKT-01278,2025-09-10 14:52:55,2025-09-10 19:58:55,Email & Collaboration,P3 - Medium,Closed,24,5.1,4.0,Portal,Sales,AGT-02
TKT-01784,2025-09-30 16:55:27,2025-10-01 07:25:27,Network,P4 - Low,Closed,48,14.5,4.0,Portal,R&D,AGT-05
TKT-03611,2026-04-15 14:20:30,2026-04-19 00:02:30,Hardware,P4 - Low,Closed,48,81.7,1.0,Portal,Finance,AGT-09
TKT-00447,2026-08-20 13:32:50,2026-08-20 15:32:50,Hardware,P2 - High,Closed,8,2.0,5.0,Email,Customer Support,AGT-10
TKT-00881,2026-01-08 09:15:35,2026-01-08 13:51:35,Network,P3 - Medium,Resolved,24,4.6,4.0,Phone,R&D,AGT-04
TKT-04495,2025-11-15 15:38:13,2025-11-16 01:26:13,Email & Collaboration,P3 - Medium,Closed,24,9.8,,Portal,Operations,AGT-11
TKT-00782,2026-07-28 10:31:56,2026-07-28 18:13:56,Hardware,P3 - Medium,Resolved,24,7.7,4.0,Phone,Finance,AGT-10
TKT-01750,2026-01-23 13:21:00,2026-01-23 22:57:00,Hardware,P3 - Medium,Closed,24,9.6,4.0,Phone,Finance,AGT-10
TKT-04306,2025-09-19 16:13:29,2025-09-19 20:37:29,Software,P3 - Medium,Resolved,24,4.4,4.0,Portal,Customer Support,AGT-11
TKT-04922,2025-10-03 12:16:36,2025-10-04 05:10:36,Security,P2 - High,Closed,8,16.9,3.0,Portal,R&D,AGT-08
TKT-00884,2026-01-31 15:21:28,2026-02-01 00:39:28,Security,P1 - Critical,Closed,4,9.3,2.0,Email,Customer Support,AGT-07
TKT-04930,2025-11-21 11:39:28,2025-11-21 14:15:28,Email & Collaboration,P2 - High,Closed,8,2.6,5.0,Phone,Customer Support,AGT-11
TKT-01092,2026-04-10 14:22:21,2026-04-11 16:16:21,Email & Collaboration,P4 - Low,Closed,48,25.9,,Portal,Customer Support,AGT-01
TKT-02991,2026-06-08 12:53:16,2026-06-10 00:47:16,Network,P3 - Medium,Resolved,24,35.9,2.0,Email,Operations,AGT-05
TKT-00532,2026-05-05 10:55:24,2026-05-05 18:31:24,Email & Collaboration,P3 - Medium,Closed,24,7.6,4.0,Chat,Finance,AGT-01
TKT-04094,2025-10-13 11:45:05,2025-10-15 12:03:05,ACCESS & ACCOUNTS,P3 - Medium,Closed,24,48.3,,Phone,HR,AGT-01
TKT-03863,2026-04-23 10:56:07,,Email & Collaboration,P4 - Low,In Progress,48,,,Email,Sales,AGT-11
TKT-04717,2025-12-15 15:07:52,2025-12-16 05:43:52,Security,P4 - Low,Closed,48,14.6,,Chat,Finance,AGT-08
TKT-01728,2026-07-07 11:30:04,2026-07-12 06:48:04,Network,P4 - Low,Closed,48,115.3,2.0,Portal,Sales,AGT-04
TKT-00611,2026-03-05 12:54:12,2026-03-05 18:42:12,Network,P3 - Medium,Closed,24,5.8,,,R&D,AGT-05
TKT-00571,2025-12-11 11:45:09,2025-12-13 13:33:09,Software,P3 - Medium,Closed,24,49.8,,Chat,R&D,AGT-01
TKT-03525,2026-02-16 13:34:42,2026-02-20 22:40:42,Hardware,P4 - Low,Resolved,48,105.1,2.0,Email,IT,AGT-10
TKT-03083,2026-04-16 15:50:35,2026-04-18 00:38:35,Email & Collaboration,P3 - Medium,Closed,24,32.8,3.0,Portal,R&D,AGT-11
TKT-00344,2026-03-22 09:38:11,2026-03-24 07:38:11,Network,P3 - Medium,Resolved,24,46.0,,Email,HR,AGT-04
TKT-04900,2026-06-08 15:59:36,2026-06-09 06:05:36,Software,P4 - Low,Closed,48,14.1,,Phone,R&D,AGT-01
TKT-03586,2026-06-11 13:46:50,2026-06-12 01:58:50,Software,P3 - Medium,Resolved,24,12.2,,Email,Sales,AGT-11
TKT-00435,2025-08-17 10:12:11,2025-08-17 19:18:11,Network,P3 - Medium,Closed,24,9.1,4.0,Email,R&D,AGT-04
TKT-01904,2025-10-01 08:01:47,2025-10-01 18:37:47,Security,P4 - Low,Closed,48,10.6,3.0,Phone,HR,AGT-07
TKT-03870,2026-01-30 12:44:42,2026-01-30 19:20:42,Network,P3 - Medium,Closed,24,6.6,5.0,Phone,Finance,AGT-04
TKT-02427,2025-08-28 12:45:09,2025-08-29 08:45:09,Hardware,P4 - Low,Resolved,48,20.0,4.0,Email,Finance,AGT-09
TKT-02070,2026-02-15 11:56:08,2026-02-16 00:50:08,Network,P3 - Medium,Closed,24,12.9,4.0,Portal,Finance,AGT-05
TKT-01538,2026-05-21 18:05:29,2026-05-22 14:53:29,Email & Collaboration,P3 - Medium,Closed,24,20.8,4.0,Phone,Operations,AGT-03
TKT-02292,2026-05-06 11:30:49,2026-05-06 19:42:49,Network,P4 - Low,Closed,48,8.2,,Email,Sales,AGT-06
TKT-04535,2026-02-13 14:33:44,,Email & Collaboration,P3 - Medium,In Progress,24,,,Chat,Customer Support,AGT-01
TKT-01518,2026-08-11 08:42:51,2026-08-12 07:30:51,Hardware,P4 - Low,Closed,48,22.8,4.0,Phone,HR,AGT-09
TKT-00966,2026-02-05 11:24:43,2026-02-05 22:24:43,Security,P3 - Medium,Closed,24,11.0,5.0,Portal,Customer Support,AGT-07
TKT-04441,2025-08-18 14:50:11,2025-08-19 03:20:11,Network,P3 - Medium,Resolved,24,12.5,4.0,Portal,IT,AGT-06
TKT-00529,2026-05-31 10:39:34,2026-06-02 08:33:34,Hardware,P3 - Medium,Resolved,24,45.9,1.0,Portal,HR,AGT-10
TKT-00177,2026-01-19 14:37:39,2026-01-20 01:37:39,Software,P3 - Medium,Closed,24,11.0,4.0,Portal,Operations,AGT-11
TKT-03545,2025-12-09 09:42:36,2025-12-09 18:42:36,Security,P4 - Low,Resolved,48,9.0,5.0,Portal,Sales,AGT-08
TKT-02589,2026-01-26 10:31:43,2026-01-28 20:01:43,Hardware,P3 - Medium,Closed,24,57.5,,Email,Operations,AGT-10
TKT-04332,2026-08-04 17:11:24,2026-08-05 12:17:24,access & accounts,P4 - Low,Resolved,48,19.1,5.0,Chat,Operations,AGT-01
TKT-00573,2026-02-06 13:41:39,2026-02-08 14:59:39,Software,P3 - Medium,Resolved,24,49.3,2.0,Email,HR,AGT-02
TKT-02340,2025-08-28 12:07:24,2025-08-28 17:19:24,Network,P3 - Medium,Resolved,24,5.2,5.0,Email,Finance,AGT-06
TKT-03571,2026-05-27 12:34:38,2026-05-28 03:46:38,Access & Accounts,P4 - Low,Closed,48,15.2,5.0,Portal,Operations,AGT-02
TKT-02663,2026-01-02 11:31:00,2026-01-02 19:31:00,Network,P4 - Low,Closed,48,8.0,5.0,Chat,Customer Support,AGT-06
TKT-03270,2025-09-25 15:38:48,2025-09-26 01:56:48,Access & Accounts,P4 - Low,Resolved,48,10.3,4.0,Phone,Customer Support,AGT-03
TKT-02630,2025-11-04 12:46:54,2025-11-04 14:46:54,Access & Accounts,P2 - High,Resolved,8,2.0,5.0,Chat,IT,AGT-11
TKT-02209,2025-10-01 12:26:44,2025-10-01 13:26:44,Security,P1 - Critical,Resolved,4,1.0,4.0,Email,R&D,AGT-07
TKT-02611,2026-07-15 15:15:43,2026-07-15 22:27:43,Network,P3 - Medium,Resolved,24,7.2,5.0,Portal,Sales,AGT-05
TKT-02805,2025-09-17 17:58:46,2025-09-18 16:22:46,Network,P3 - Medium,Resolved,24,22.4,4.0,Phone,Operations,AGT-05
TKT-00384,2026-02-05 12:50:36,2026-02-09 07:08:36,Security,P4 - Low,Closed,48,90.3,1.0,Portal,Finance,AGT-07
TKT-00853,2026-07-03 12:53:29,2026-07-05 13:11:29,Security,P3 - Medium,Resolved,24,48.3,2.0,Portal,R&D,AGT-07
TKT-01881,2026-02-16 13:00:06,2026-02-17 03:42:06,Network,P4 - Low,Closed,48,14.7,,Portal,Finance,AGT-05
TKT-00371,2026-05-27 14:01:38,2026-05-28 05:49:38,Security,P3 - Medium,Closed,24,15.8,5.0,Portal,R&D,AGT-07
TKT-02419,2025-08-27 10:24:28,2025-08-27 11:30:28,Network,P1 - Critical,Resolved,4,1.1,4.0,Chat,Finance,AGT-05
TKT-04358,2025-12-02 14:16:09,,Network,P3 - Medium,In Progress,24,,,,Operations,AGT-06
TKT-01106,2026-06-01 13:58:47,2026-06-01 16:34:47,Software,P1 - Critical,Resolved,4,2.6,5.0,Phone,Customer Support,AGT-11
TKT-02618,2026-07-04 15:40:14,,Network,P3 - Medium,In Progress,24,,,Email,Finance,AGT-06
TKT-04016,2026-03-04 08:18:21,2026-03-04 19:06:21,Hardware,P4 - Low,Resolved,48,10.8,,Email,Sales,AGT-10
TKT-01337,2025-10-14 17:36:24,2025-10-15 06:18:24,network,P3 - Medium,Closed,24,12.7,4.0,Email,R&D,AGT-06
TKT-02190,2026-07-31 12:07:10,2026-07-31 16:43:10,Network,P3 - Medium,Closed,24,4.6,4.0,Email,Sales,AGT-05
TKT-04630,2025-11-13 12:43:50,2025-11-13 13:55:50,Access & Accounts,P1 - Critical,Resolved,4,1.2,4.0,Email,Customer Support,AGT-02
TKT-02935,2026-04-20 14:46:58,2026-04-20 23:52:58,Network,P3 - Medium,Closed,24,9.1,4.0,Portal,R&D,AGT-06
TKT-03387,2026-03-04 12:52:38,2026-03-04 18:22:38,Email & Collaboration,P3 - Medium,Resolved,24,5.5,5.0,Email,Finance,AGT-02
TKT-04551,2025-08-28 10:28:14,2025-08-28 11:34:14,Access & Accounts,P1 - Critical,Resolved,4,1.1,,Chat,Customer Support,AGT-01
TKT-04964,2025-11-05 12:45:48,2025-11-05 15:39:48,Email & Collaboration,P3 - Medium,Closed,24,2.9,,Email,Finance,AGT-03
TKT-01172,2026-05-18 16:14:03,2026-05-18 23:56:03,NETWORK,P4 - Low,Closed,48,7.7,5.0,Email,Operations,AGT-05
TKT-02641,2026-05-08 14:13:50,2026-05-12 01:31:50,Access & Accounts,P4 - Low,Closed,48,83.3,1.0,Email,Sales,AGT-01
TKT-02743,2025-10-08 11:52:38,2025-10-09 10:40:38,Network,P4 - Low,Closed,48,22.8,5.0,Email,Finance,AGT-04
TKT-01423,2026-01-27 10:00:16,2026-01-28 06:48:16,Hardware,P3 - Medium,Resolved,24,20.8,4.0,Portal,Operations,AGT-09
TKT-03115,2026-01-26 14:27:44,2026-01-26 17:03:44,Network,P2 - High,Resolved,8,2.6,4.0,Email,IT,AGT-06
TKT-02700,2026-07-08 16:42:48,2026-07-09 00:54:48,Hardware,P4 - Low,Resolved,48,8.2,4.0,Email,Customer Support,AGT-09
TKT-04369,2025-09-27 13:22:22,2025-09-27 23:22:22,Security,P4 - Low,Closed,48,10.0,5.0,Portal,Operations,AGT-07
TKT-01465,2026-04-14 08:12:41,2026-04-14 13:24:41,Software,P2 - High,Resolved,8,5.2,5.0,Portal,Operations,AGT-03
TKT-00875,2026-05-11 12:06:41,2026-05-11 16:36:41,Email & Collaboration,P3 - Medium,Resolved,24,4.5,5.0,Portal,Sales,AGT-01
TKT-02298,2025-08-18 13:12:29,2025-08-18 21:42:29,Software,P4 - Low,Closed,48,8.5,4.0,Email,Finance,AGT-01
TKT-02365,2026-04-19 13:44:56,2026-04-19 17:02:56,Access & Accounts,P3 - Medium,Resolved,24,3.3,4.0,Phone,Sales,AGT-01
TKT-04375,2026-03-20 10:41:34,2026-03-21 07:05:34,Software,P4 - Low,Closed,48,20.4,4.0,Phone,IT,AGT-03
TKT-01252,2025-09-12 11:22:26,2025-09-12 23:34:26,Access & Accounts,P3 - Medium,Resolved,24,12.2,4.0,Phone,Finance,AGT-03
TKT-02389,2026-05-21 10:14:39,2026-05-21 11:38:39,hardware,P2 - High,Closed,8,1.4,5.0,Email,Customer Support,AGT-09
TKT-00841,2025-08-06 14:08:53,2025-08-07 00:56:53,Hardware,P3 - Medium,Closed,24,10.8,3.0,Portal,Operations,AGT-10
TKT-04696,2026-04-20 14:40:25,2026-04-20 19:40:25,Software,P2 - High,Closed,8,5.0,4.0,Portal,Operations,AGT-01
TKT-00582,2026-02-25 12:11:34,2026-02-27 14:17:34,Network,P3 - Medium,Resolved,24,50.1,1.0,Portal,HR,AGT-12
TKT-00205,2025-08-06 11:30:49,2025-08-06 21:54:49,Network,P3 - Medium,Closed,24,10.4,,Phone,R&D,AGT-06
TKT-01642,2025-09-09 12:06:30,2025-09-09 16:36:30,Software,P3 - Medium,Closed,24,4.5,4.0,Portal,R&D,AGT-01
TKT-02015,2026-01-10 08:37:04,2026-01-10 17:31:04,Security,P3 - Medium,Closed,24,8.9,4.0,Email,R&D,AGT-07
TKT-00906,2026-04-14 10:37:17,2026-04-14 13:31:17,Network,P2 - High,Resolved,8,2.9,5.0,Email,Operations,AGT-06
TKT-00632,2026-06-19 09:27:42,2026-06-20 22:15:42,Hardware,P3 - Medium,Closed,24,36.8,2.0,Chat,Customer Support,AGT-10
TKT-03149,2026-07-03 14:41:52,2026-07-04 00:47:52,Security,P3 - Medium,Closed,24,10.1,5.0,Email,IT,AGT-08
TKT-01975,2025-10-08 12:26:09,2025-10-10 09:20:09,Email & Collaboration,P4 - Low,Closed,48,44.9,4.0,Email,IT,AGT-02
TKT-00163,2025-10-30 10:31:08,2025-10-30 14:19:08,Access & Accounts,P3 - Medium,Closed,24,3.8,5.0,Email,Customer Support,AGT-02
TKT-04418,2025-08-06 14:20:47,2025-08-07 08:14:47,Software,P3 - Medium,Closed,24,17.9,5.0,Email,Customer Support,AGT-03
TKT-02917,2025-11-05 11:11:41,,Hardware,P4 - Low,In Progress,48,,,Portal,Customer Support,AGT-09
TKT-04531,2026-05-29 10:55:12,2026-05-29 15:49:12,Software,P3 - Medium,Closed,24,4.9,4.0,Portal,Customer Support,AGT-01
TKT-00618,2025-12-15 12:05:04,2025-12-15 18:23:04,Network,P4 - Low,Resolved,48,6.3,5.0,,Customer Support,AGT-05
TKT-00876,2026-07-15 08:26:16,2026-07-15 12:44:16,Access & Accounts,P3 - Medium,Closed,24,4.3,4.0,Portal,IT,AGT-03
TKT-01432,2026-03-30 10:53:29,2026-04-01 21:29:29,Network,P4 - Low,Resolved,48,58.6,2.0,Portal,Customer Support,AGT-05
TKT-00548,2025-09-02 17:43:22,2025-09-03 01:49:22,Software,P3 - Medium,Closed,24,8.1,5.0,Portal,R&D,AGT-11
TKT-04516,2025-11-27 12:20:41,2025-11-27 17:50:41,Software,P3 - Medium,Closed,24,5.5,,Email,Customer Support,AGT-11
TKT-04582,2026-06-08 16:31:42,2026-06-09 11:01:42,Software,P2 - High,Closed,8,18.5,1.0,Chat,Operations,AGT-01
TKT-04257,2025-08-13 15:19:30,2025-08-14 04:07:30,software,P3 - Medium,Closed,24,12.8,3.0,Email,HR,AGT-02
TKT-04624,2026-07-20 13:05:24,2026-07-22 20:41:24,Network,P3 - Medium,Resolved,24,55.6,2.0,Phone,R&D,AGT-06
TKT-03941,2025-08-29 10:27:41,2025-08-30 17:15:41,Software,P3 - Medium,Closed,24,30.8,2.0,Email,Sales,AGT-11
TKT-02521,2025-10-03 08:12:29,2025-10-03 10:30:29,Software,P2 - High,Closed,8,2.3,5.0,Portal,Operations,AGT-03
TKT-04115,2026-05-29 11:05:44,2026-05-29 14:53:44,Network,P2 - High,Resolved,8,3.8,4.0,Chat,Customer Support,AGT-06
TKT-01862,2026-08-26 14:17:45,2026-08-26 22:17:45,EMAIL & COLLABORATION,P4 - Low,Closed,48,8.0,5.0,Portal,Customer Support,AGT-11
TKT-00641,2026-05-18 15:41:16,2026-05-20 18:17:16,Network,P4 - Low,Resolved,48,50.6,1.0,Chat,Operations,AGT-05
TKT-04903,2025-10-10 13:19:43,2025-10-10 17:07:43,email & collaboration,P2 - High,Resolved,8,3.8,5.0,Email,HR,AGT-01
TKT-00638,2026-05-07 09:23:43,2026-05-07 10:05:43,Network,P2 - High,Closed,8,0.7,5.0,,Sales,AGT-06
TKT-04389,2026-05-11 12:34:50,2026-05-11 13:16:50,Software,P1 - Critical,Resolved,4,0.7,5.0,Portal,Operations,AGT-11
TKT-03980,2026-04-14 17:44:50,2026-04-15 11:32:50,Access & Accounts,P4 - Low,Closed,48,17.8,,Portal,IT,AGT-02
TKT-03041,2025-12-29 14:59:41,2025-12-31 03:05:41,Network,P3 - Medium,Resolved,24,36.1,,Phone,Finance,AGT-06
TKT-02097,2025-08-15 13:38:15,2025-08-15 21:44:15,Software,P3 - Medium,Resolved,24,8.1,5.0,Email,Operations,AGT-11
TKT-02523,2025-12-23 11:41:28,2025-12-23 20:05:28,Access & Accounts,P3 - Medium,Closed,24,8.4,5.0,Portal,Finance,AGT-03
TKT-03131,2026-01-15 13:42:52,,Hardware,P4 - Low,In Progress,48,,,Email,Operations,AGT-09
TKT-03740,2026-01-21 17:21:28,2026-01-21 20:45:28,Network,P2 - High,Closed,8,3.4,3.0,Phone,Finance,AGT-05
TKT-02894,2026-03-27 14:04:08,2026-03-27 16:52:08,Network,P3 - Medium,Closed,24,2.8,,Portal,R&D,AGT-04
TKT-00922,2026-06-29 14:08:20,2026-06-29 15:08:20,Access & Accounts,P1 - Critical,Closed,4,1.0,5.0,Email,Sales,AGT-11
TKT-00547,2026-01-01 14:07:36,2026-01-01 23:37:36,Hardware,P3 - Medium,Closed,24,9.5,5.0,Portal,Sales,AGT-09
TKT-03732,2026-07-22 10:52:04,2026-07-22 17:10:04,Network,P3 - Medium,Closed,24,6.3,4.0,Portal,Sales,AGT-06
TKT-01901,2026-03-17 10:57:16,2026-03-17 14:15:16,Network,P2 - High,Closed,8,3.3,,Email,Sales,AGT-06
TKT-02029,2026-02-25 14:12:59,2026-02-26 13:06:59,Hardware,P4 - Low,Resolved,48,22.9,5.0,Email,Operations,AGT-10
TKT-02302,2026-05-25 14:58:23,2026-05-25 17:46:23,Software,P2 - High,Closed,8,2.8,4.0,Email,Operations,AGT-01
TKT-01886,2025-12-09 10:16:58,2025-12-10 14:58:58,Software,P3 - Medium,Resolved,24,28.7,1.0,,Customer Support,AGT-02
TKT-01643,2026-01-31 10:38:10,2026-01-31 17:44:10,Hardware,P3 - Medium,Resolved,24,7.1,4.0,Portal,Finance,AGT-09
TKT-03572,2025-09-25 16:03:09,2025-09-26 12:57:09,Hardware,P4 - Low,Closed,48,20.9,4.0,Portal,Finance,AGT-10
TKT-04849,2025-09-24 11:39:49,2025-09-24 23:39:49,Access & Accounts,P4 - Low,Resolved,48,12.0,,Email,Finance,AGT-01
TKT-02098,2026-02-11 12:13:08,2026-02-11 20:19:08,Hardware,P4 - Low,Resolved,48,8.1,4.0,Email,Operations,AGT-10
TKT-04392,2026-05-26 14:31:00,2026-05-26 17:13:00,Network,P2 - High,Resolved,8,2.7,5.0,Email,Customer Support,AGT-04
TKT-03626,2026-03-09 10:52:07,2026-03-10 06:52:07,Software,P4 - Low,Closed,48,20.0,,,HR,AGT-01
TKT-04530,2026-03-05 10:54:06,2026-03-06 00:00:06,Access & Accounts,P4 - Low,Closed,48,13.1,5.0,Phone,Operations,AGT-02
TKT-02469,2026-03-20 11:00:16,2026-03-20 14:12:16,Access & Accounts,P2 - High,Closed,8,3.2,3.0,Email,Sales,AGT-03
TKT-00837,2026-05-26 13:28:26,2026-05-26 23:52:26,Network,P4 - Low,Resolved,48,10.4,5.0,Portal,Operations,AGT-04
TKT-00602,2026-05-27 13:29:11,2026-05-28 02:41:11,Network,P4 - Low,Resolved,48,13.2,4.0,Portal,Finance,AGT-06
TKT-02185,2026-02-24 15:02:46,2026-02-25 06:20:46,Hardware,P4 - Low,Resolved,48,15.3,4.0,Phone,HR,AGT-10
TKT-03934,2025-08-15 11:43:40,2025-08-15 17:55:40,Access & Accounts,P3 - Medium,Closed,24,6.2,5.0,Email,Operations,AGT-02
TKT-04762,2026-02-14 11:31:48,2026-02-14 17:55:48,Hardware,P4 - Low,Resolved,48,6.4,5.0,Portal,Finance,AGT-09
TKT-04812,2026-04-24 18:19:44,2026-04-25 00:13:44,Email & Collaboration,P3 - Medium,Closed,24,5.9,5.0,Portal,IT,AGT-01
TKT-01583,2026-01-06 12:24:40,2026-01-07 06:00:40,Network,P4 - Low,Resolved,48,17.6,4.0,Email,Finance,AGT-06
TKT-04385,2026-06-26 12:41:21,2026-06-26 17:35:21,Network,P3 - Medium,Resolved,24,4.9,3.0,Portal,Sales,AGT-05
TKT-04228,2025-10-09 11:48:34,2025-10-10 04:48:34,Software,P3 - Medium,Resolved,24,17.0,4.0,Email,Sales,AGT-03
TKT-03036,2026-05-05 17:24:07,2026-05-05 20:12:07,Network,P2 - High,Resolved,8,2.8,4.0,Portal,HR,AGT-04
TKT-01071,2026-07-10 12:20:42,2026-07-10 20:14:42,Network,P4 - Low,Closed,48,7.9,4.0,Chat,Customer Support,AGT-04
TKT-01776,2026-02-22 13:21:38,2026-02-22 14:57:38,Email & Collaboration,P2 - High,Resolved,8,1.6,3.0,Chat,IT,AGT-11
TKT-04848,2026-04-15 15:17:42,2026-04-15 20:53:42,Access & Accounts,P2 - High,Closed,8,5.6,5.0,Portal,IT,AGT-02
TKT-01284,2026-04-07 09:39:38,2026-04-07 10:45:38,Hardware,P2 - High,Closed,8,1.1,4.0,Email,Operations,AGT-10
TKT-03451,2026-04-29 10:42:25,2026-04-29 18:12:25,Network,P3 - Medium,Closed,24,7.5,4.0,Portal,Sales,AGT-06
TKT-04793,2025-11-17 15:27:18,2025-11-18 06:39:18,email & collaboration,P4 - Low,Closed,48,15.2,4.0,Chat,Sales,AGT-03
TKT-01837,2025-08-01 18:27:10,2025-08-02 01:57:10,Hardware,P3 - Medium,Resolved,24,7.5,4.0,Email,Sales,AGT-09
TKT-04754,2026-02-06 15:27:04,2026-02-07 19:09:04,Email & Collaboration,P4 - Low,Resolved,48,27.7,,Email,Customer Support,AGT-01
TKT-01020,2026-01-23 16:13:55,2026-01-23 18:55:55,Email & Collaboration,P3 - Medium,Resolved,24,2.7,3.0,Email,HR,AGT-11
TKT-03264,2026-02-04 09:13:43,2026-02-04 14:31:43,Software,P3 - Medium,Closed,24,5.3,4.0,Email,R&D,AGT-01
TKT-01327,2025-12-25 13:58:02,2025-12-25 19:46:02,Hardware,P3 - Medium,Closed,24,5.8,4.0,Portal,Finance,AGT-10
TKT-00476,2025-11-28 12:14:27,2025-11-29 00:44:27,hardware,P4 - Low,Resolved,48,12.5,4.0,Portal,HR,AGT-10
TKT-04514,2025-09-18 13:54:43,2025-09-19 03:18:43,Security,P4 - Low,Closed,48,13.4,,Chat,R&D,AGT-07
TKT-01652,2025-11-17 11:34:27,2025-11-19 16:04:27,Access & Accounts,P3 - Medium,Resolved,24,52.5,2.0,Portal,IT,AGT-11
TKT-04070,2025-10-10 11:38:49,2025-10-11 07:26:49,Hardware,P4 - Low,Resolved,48,19.8,4.0,Portal,IT,AGT-09
TKT-04320,2026-01-04 16:30:08,2026-01-04 23:48:08,Software,P3 - Medium,Resolved,24,7.3,4.0,Phone,HR,AGT-02
TKT-03937,2025-12-13 08:59:46,2025-12-13 17:53:46,Network,P3 - Medium,Resolved,24,8.9,5.0,Portal,Finance,AGT-12
TKT-02520,2025-10-24 13:19:32,2025-10-25 00:31:32,Security,P3 - Medium,Resolved,24,11.2,,Chat,R&D,AGT-07
TKT-02631,2025-09-02 15:06:57,2025-09-04 17:12:57,Hardware,P3 - Medium,Closed,24,50.1,,Portal,IT,AGT-10
TKT-01374,2026-06-15 13:51:38,2026-06-15 16:27:38,Access & Accounts,P2 - High,Resolved,8,2.6,3.0,Email,Customer Support,AGT-11
TKT-00740,2026-01-12 11:25:20,2026-01-12 20:19:20,Hardware,P3 - Medium,Resolved,24,8.9,5.0,Email,Finance,AGT-09
TKT-03684,2026-02-09 17:46:12,2026-02-10 02:10:12,Hardware,P3 - Medium,Resolved,24,8.4,4.0,Email,HR,AGT-09
TKT-02482,2025-10-31 10:06:58,2025-10-31 15:48:58, Network ,P3 - Medium,Resolved,24,5.7,4.0,Portal,Operations,AGT-05
TKT-00868,2026-06-10 10:36:58,2026-06-10 15:54:58,Network,P1 - Critical,Resolved,4,5.3,,Phone,Customer Support,AGT-04
TKT-01141,2025-12-17 14:03:05,2025-12-17 20:03:05,Hardware,P3 - Medium,Resolved,24,6.0,4.0,Email,HR,AGT-10
TKT-00998,2025-08-01 15:09:50,2025-08-02 13:03:50,Software,P4 - Low,Closed,48,21.9,5.0,Phone,Finance,AGT-11
TKT-01338,2026-03-23 12:03:31,2026-03-25 19:45:31,Email & Collaboration,P3 - Medium,Resolved,24,55.7,2.0,Email,Sales,AGT-01
TKT-00542,2026-03-06 13:39:04,2026-03-07 08:03:04,Hardware,P3 - Medium,Closed,24,18.4,,Phone,R&D,AGT-09
TKT-01100,2025-10-06 14:47:41,2025-10-08 03:47:41,Email & Collaboration,P3 - Medium,Resolved,24,37.0,2.0,Portal,Finance,AGT-01
TKT-01133,2025-09-08 13:09:03,2025-09-08 17:21:03,SOFTWARE,P3 - Medium,Closed,24,4.2,3.0,Phone,R&D,AGT-03
TKT-04910,2025-10-24 13:12:21,2025-10-24 16:06:21,SOFTWARE,P2 - High,Closed,8,2.9,4.0,Email,Operations,AGT-01
TKT-02765,2025-08-29 10:41:30,2025-08-29 16:23:30,Network,P3 - Medium,Resolved,24,5.7,4.0,Email,R&D,AGT-04
TKT-02259,2025-08-25 16:24:21,2025-08-25 16:54:21,Software,P1 - Critical,Closed,4,0.5,3.0,Portal,R&D,AGT-11
TKT-04727,2026-06-12 10:32:34,2026-06-12 16:38:34,Access & Accounts,P2 - High,Resolved,8,6.1,3.0,Phone,Finance,AGT-02
TKT-00060,2025-09-15 09:24:30,2025-09-16 00:48:30,Network,P4 - Low,Closed,48,15.4,,Email,Finance,AGT-04
TKT-04152,2026-02-27 17:05:53,2026-02-27 18:35:53,Security,P2 - High,Closed,8,1.5,4.0,Email,R&D,AGT-07
TKT-01939,2025-11-05 16:02:41,2025-11-05 18:44:41,Security,P1 - Critical,Closed,4,2.7,5.0,Chat,Operations,AGT-07
TKT-02624,2026-07-31 09:50:23,2026-07-31 11:14:23,access & accounts,P1 - Critical,Closed,4,1.4,,Email,IT,AGT-11
TKT-04977,2026-01-30 12:03:19,2026-01-30 18:21:19,Access & Accounts,P3 - Medium,Closed,24,6.3,5.0,Phone,IT,AGT-01
TKT-01079,2026-04-06 16:51:57,2026-04-07 12:27:57,Network,P4 - Low,Closed,48,19.6,4.0,Portal,Sales,AGT-05
TKT-02971,2026-02-02 14:15:55,2026-02-02 23:15:55,Security,P1 - Critical,Closed,4,9.0,,Portal,HR,AGT-07
TKT-04805,2026-06-16 14:44:58,2026-06-16 15:38:58,Network,P1 - Critical,Closed,4,0.9,4.0,Portal,Sales,AGT-06
TKT-02532,2026-04-08 15:27:04,2026-04-09 08:39:04,Access & Accounts,P4 - Low,Resolved,48,17.2,,Email,Finance,AGT-02
TKT-00941,2025-11-12 09:52:39,2025-11-13 23:16:39, Software ,P4 - Low,Closed,48,37.4,5.0,Portal,Operations,AGT-02
TKT-01081,2025-11-05 13:21:26,2025-11-06 02:09:26,Network,P3 - Medium,Closed,24,12.8,4.0,Portal,IT,AGT-04
TKT-00188,2025-09-08 14:31:40,2025-09-08 18:01:40,Security,P3 - Medium,Resolved,24,3.5,5.0,Phone,Operations,AGT-08
TKT-03602,2025-09-22 14:29:54,2025-09-23 06:05:54,Software,P3 - Medium,Resolved,24,15.6,,Chat,R&D,AGT-02
TKT-02086,2025-11-12 10:22:40,2025-11-12 17:52:40,Software,P3 - Medium,Resolved,24,7.5,4.0,Phone,Operations,AGT-03
TKT-02250,2025-12-15 18:24:12,2025-12-16 00:48:12,Security,P3 - Medium,Closed,24,6.4,4.0,Portal,Operations,AGT-08
TKT-04931,2026-05-25 11:18:41,2026-05-25 23:12:41,Email & Collaboration,P4 - Low,Resolved,48,11.9,5.0,Phone,Operations,AGT-03
TKT-02024,2025-11-06 11:05:24,2025-11-06 17:53:24,access & accounts,P4 - Low,Closed,48,6.8,,Portal,R&D,AGT-02
TKT-04154,2026-02-03 17:53:10,2026-02-06 14:17:10,Access & Accounts,P4 - Low,Closed,48,68.4,2.0,Email,IT,AGT-03
TKT-01493,2026-04-13 15:45:12,2026-04-14 20:45:12,Hardware,P4 - Low,Closed,48,29.0,4.0,,HR,AGT-10
TKT-03672,2026-03-28 10:37:52,2026-03-29 03:13:52,Access & Accounts,P2 - High,Closed,8,16.6,2.0,Chat,Sales,AGT-02
TKT-00227,2025-08-11 15:53:10,2025-08-12 03:17:10,Software,P4 - Low,Resolved,48,11.4,,,Sales,AGT-03
TKT-03363,2026-03-18 09:45:03,2026-03-18 19:45:03,Network,P4 - Low,Closed,48,10.0,,Email,HR,AGT-06
TKT-01930,2026-01-20 11:19:12,2026-01-22 20:49:12,Network,P3 - Medium,Closed,24,57.5,2.0,Chat,Customer Support,AGT-12
TKT-04063,2025-10-03 17:59:11,2025-10-03 20:47:11,Software,P3 - Medium,Closed,24,2.8,4.0,Chat,Finance,AGT-03
TKT-04525,2026-05-15 12:08:02,2026-05-15 20:20:02,Security,P4 - Low,Resolved,48,8.2,4.0,,Operations,AGT-08
TKT-01405,2025-10-14 17:58:01,2025-10-14 20:16:01,Hardware,P1 - Critical,Resolved,4,2.3,5.0,Portal,Customer Support,AGT-09
TKT-02180,2026-08-17 13:47:04,2026-08-18 04:05:04,Network,P3 - Medium,Closed,24,14.3,4.0,,Sales,AGT-04
TKT-00698,2026-03-20 13:03:45,2026-03-20 17:45:45,Network,P3 - Medium,Resolved,24,4.7,4.0,Portal,R&D,AGT-12
TKT-01125,2026-01-14 15:58:36,2026-01-19 08:58:36,Hardware,P4 - Low,Closed,48,113.0,,Portal,R&D,AGT-10
TKT-02847,2025-10-31 09:42:13,2025-11-05 03:18:13,Email & Collaboration,P4 - Low,Closed,48,113.6,2.0,Email,Operations,AGT-11
TKT-03239,2025-12-18 10:58:51,2025-12-19 12:22:51,Software,P4 - Low,Closed,48,25.4,,Chat,Customer Support,AGT-02
TKT-01779,2025-12-15 14:52:44,2025-12-15 22:22:44,Hardware,P4 - Low,Resolved,48,7.5,5.0,Portal,IT,AGT-10
TKT-02911,2026-05-05 17:59:06,2026-05-07 09:11:06,Access & Accounts,P3 - Medium,Closed,24,39.2,2.0,Portal,Sales,AGT-02
TKT-01038,2026-01-08 15:23:27,2026-01-13 02:53:27,Software,P4 - Low,Closed,48,107.5,2.0,,IT,AGT-01
TKT-04273,2026-06-13 10:38:48,2026-06-13 13:44:48,Access & Accounts,P2 - High,Closed,8,3.1,4.0,Chat,Finance,AGT-01
TKT-02257,2026-07-23 11:01:48,2026-07-23 20:13:48,Hardware,P3 - Medium,Resolved,24,9.2,5.0,Email,Sales,AGT-09
TKT-00314,2025-12-23 14:37:46,2025-12-23 22:49:46,Access & Accounts,P3 - Medium,Resolved,24,8.2,4.0,Portal,Finance,AGT-02
TKT-02282,2025-10-14 09:27:37,2025-10-17 00:15:37,Email & Collaboration,P4 - Low,Closed,48,62.8,3.0,Portal,Operations,AGT-11
TKT-01417,2026-03-03 10:24:41,2026-03-03 15:48:41,Hardware,P3 - Medium,Resolved,24,5.4,4.0,Chat,Sales,AGT-10
TKT-01037,2025-12-12 11:23:31,2025-12-12 16:41:31,Network,P3 - Medium,Resolved,24,5.3,,Email,IT,AGT-06
TKT-02160,2025-08-18 15:07:05,2025-08-20 03:07:05,Hardware,P3 - Medium,Resolved,24,36.0,,Email,Sales,AGT-10
TKT-04197,2025-09-16 15:49:06,,Network,P4 - Low,In Progress,48,,,Email,Sales,AGT-05
TKT-01755,2025-12-16 17:30:51,2025-12-17 01:24:51,Hardware,P3 - Medium,Closed,24,7.9,,Email,Finance,AGT-10
TKT-03169,2025-09-01 11:31:28,2025-09-01 12:07:28,Security,P1 - Critical,Closed,4,0.6,3.0,Portal,IT,AGT-08
TKT-04247,2026-07-02 15:58:24,2026-07-02 23:34:24,Network,P3 - Medium,Closed,24,7.6,4.0,Email,R&D,AGT-04
TKT-02747,2025-10-21 17:39:26,2025-10-23 20:21:26,Email & Collaboration,P3 - Medium,Resolved,24,50.7,,Phone,IT,AGT-11
TKT-03266,2025-10-29 13:46:02,2025-10-29 18:10:02,Access & Accounts,P2 - High,Closed,8,4.4,4.0,Portal,Operations,AGT-01
TKT-03406,2026-06-16 17:51:27,2026-06-16 23:09:27,Access & Accounts,P3 - Medium,Closed,24,5.3,4.0,Portal,IT,AGT-11
TKT-03492,2025-08-01 12:02:11,2025-08-01 17:26:11,Email & Collaboration,P3 - Medium,Resolved,24,5.4,5.0,Email,Sales,AGT-01
TKT-01507,2026-05-17 14:06:21,2026-05-18 02:42:21,Software,P3 - Medium,Closed,24,12.6,5.0,Phone,Operations,AGT-01
TKT-01924,2025-12-19 15:13:35,,Access & Accounts,P4 - Low,In Progress,48,,,Email,Customer Support,AGT-02
TKT-00449,2025-08-22 10:08:50,2025-08-22 21:08:50,Email & Collaboration,P4 - Low,Resolved,48,11.0,4.0,Phone,IT,AGT-02
TKT-02485,2026-06-17 11:11:31,2026-06-17 16:29:31,Email & Collaboration,P3 - Medium,Resolved,24,5.3,,Phone,IT,AGT-01
TKT-02573,2026-05-22 13:12:55,2026-05-22 17:36:55,Hardware,P2 - High,Resolved,8,4.4,,Portal,IT,AGT-10
TKT-01601,2026-07-24 08:09:58,2026-07-24 18:33:58,Software,P3 - Medium,Closed,24,10.4,4.0,Email,Operations,AGT-01
TKT-02610,2025-12-17 09:02:41,2025-12-18 08:56:41,Software,P3 - Medium,Closed,24,23.9,5.0,Email,Finance,AGT-02
TKT-00362,2025-09-17 09:40:53,2025-09-17 20:34:53,Hardware,P3 - Medium,Closed,24,10.9,5.0,Email,Sales,AGT-10
TKT-02184,2025-09-25 14:24:48,2025-09-25 16:36:48,Network,P2 - High,Resolved,8,2.2,4.0,Phone,Customer Support,AGT-12
TKT-01135,2026-08-19 16:40:21,2026-08-20 08:34:21,Software,P4 - Low,Closed,48,15.9,5.0,Portal,Sales,AGT-03
TKT-03949,2026-07-10 11:06:35,2026-07-10 11:36:35,Hardware,P1 - Critical,Resolved,4,0.5,5.0,Email,R&D,AGT-10
TKT-02156,2026-07-02 11:40:33,2026-07-02 20:10:33,Hardware,P3 - Medium,Resolved,24,8.5,,Portal,Customer Support,AGT-10
TKT-01831,2026-02-01 11:22:16,2026-02-01 14:58:16,software,P1 - Critical,Closed,4,3.6,5.0,Portal,Operations,AGT-11
TKT-01054,2025-09-24 14:58:34,2025-09-25 04:04:34,Access & Accounts,P3 - Medium,Resolved,24,13.1,4.0,Email,Finance,AGT-03
TKT-02461,2026-07-09 11:38:32,2026-07-09 16:14:32,Security,P3 - Medium,Closed,24,4.6,4.0,Portal,Operations,AGT-07
TKT-00023,2026-08-17 11:09:59,2026-08-18 01:51:59,Access & Accounts,P3 - Medium,Closed,24,14.7,4.0,Email,R&D,AGT-01
TKT-02067,2026-02-13 12:07:35,2026-02-14 21:43:35,Software,P4 - Low,Closed,48,33.6,,Portal,R&D,AGT-03
TKT-01654,2025-09-23 14:25:40,2025-09-24 10:49:40,Hardware,P4 - Low,Closed,48,20.4,5.0,Email,HR,AGT-09
TKT-02635,2026-02-20 15:35:13,2026-02-20 21:35:13,email & collaboration,P3 - Medium,Resolved,24,6.0,5.0,Email,IT,AGT-01
TKT-03269,2026-08-10 13:21:09,2026-08-10 17:03:09,Network,P3 - Medium,Resolved,24,3.7,5.0,Portal,IT,AGT-05
TKT-03049,2026-07-28 09:41:40,2026-07-29 14:29:40,Access & Accounts,P4 - Low,Resolved,48,28.8,5.0,Phone,Sales,AGT-11
TKT-04104,2025-11-28 12:33:53,2025-11-28 13:51:53, Access & Accounts ,P3 - Medium,Resolved,24,1.3,3.0,Email,Operations,AGT-02
TKT-02469,2026-03-20 11:00:16,2026-03-20 14:12:16,Access & Accounts,P2 - High,Closed,8,3.2,3.0,Email,Sales,AGT-03
TKT-02326,2026-08-22 16:53:48,2026-08-23 16:23:48,Hardware,P4 - Low,Closed,48,23.5,4.0,Chat,Sales,AGT-10
TKT-00461,2026-03-13 12:42:00,2026-03-14 01:06:00,Access & Accounts,P4 - Low,Resolved,48,12.4,,Portal,IT,AGT-01
TKT-01068,2026-04-27 11:27:40,2026-04-27 14:51:40,Security,P2 - High,Resolved,8,3.4,3.0,Chat,R&D,AGT-08
TKT-00088,2026-01-29 10:53:02,2026-01-29 13:29:02,Access & Accounts,P2 - High,Closed,8,2.6,4.0,Portal,Customer Support,AGT-02
TKT-01431,2026-07-31 13:52:02,2026-08-01 17:40:02,access & accounts,P4 - Low,Closed,48,27.8,4.0,Email,Operations,AGT-03
TKT-04767,2026-04-16 13:12:16,2026-04-16 16:24:16,Software,P3 - Medium,Resolved,24,3.2,5.0,Phone,Sales,AGT-11
TKT-00283,2025-11-02 17:45:14,2025-11-03 13:39:14,EMAIL & COLLABORATION,P3 - Medium,Resolved,24,19.9,5.0,Portal,HR,AGT-02
TKT-02484,2025-12-11 12:39:37,2025-12-12 02:45:37,Hardware,P4 - Low,Closed,48,14.1,5.0,Email,Finance,AGT-09
TKT-00463,2026-08-06 13:28:10,2026-08-07 02:04:10,Access & Accounts,P4 - Low,Closed,48,12.6,4.0,Email,HR,AGT-11
TKT-00213,2025-10-18 17:07:38,2025-10-18 19:31:38,Access & Accounts,P1 - Critical,Closed,4,2.4,4.0,Portal,Sales,AGT-01
TKT-03086,2025-12-03 09:20:42,2025-12-03 15:08:42,Network,P3 - Medium,Closed,24,5.8,5.0,Portal,Operations,AGT-05
TKT-01369,2025-10-14 14:00:26,2025-10-16 13:24:26,Software,P3 - Medium,Closed,24,47.4,,Phone,Finance,AGT-02
TKT-00235,2026-08-02 13:40:05,2026-08-02 23:52:05,Network,P3 - Medium,Resolved,24,10.2,4.0,Chat,IT,AGT-06
TKT-02820,2026-07-29 13:54:18,2026-07-29 16:06:18,Software,P3 - Medium,Closed,24,2.2,4.0,Email,Sales,AGT-02
TKT-00598,2026-04-07 09:06:24,2026-04-09 10:42:24,Software,P3 - Medium,Resolved,24,49.6,2.0,Email,Customer Support,AGT-01
TKT-04455,2026-02-24 12:45:21,2026-02-25 07:57:21,Hardware,P4 - Low,Closed,48,19.2,4.0,Email,Sales,AGT-09
TKT-02251,2026-02-26 14:43:38,2026-02-26 21:43:38,Access & Accounts,P3 - Medium,Resolved,24,7.0,4.0,Email,Operations,AGT-03
TKT-04102,2026-04-16 13:44:15,2026-04-18 00:50:15,Software,P3 - Medium,Closed,24,35.1,2.0,Email,Finance,AGT-11
TKT-02284,2026-05-04 11:40:48,2026-05-05 16:10:48,Network,P3 - Medium,Resolved,24,28.5,,Phone,HR,AGT-05
TKT-00663,2025-10-14 13:22:11,2025-10-15 02:58:11,Email & Collaboration,P3 - Medium,Closed,24,13.6,4.0,Chat,Operations,AGT-03
TKT-01056,2026-04-22 17:33:35,2026-04-23 01:39:35,Email & Collaboration,P3 - Medium,Resolved,24,8.1,5.0,Phone,Finance,AGT-01
TKT-02286,2025-09-07 10:01:39,2025-09-09 13:55:39,Network,P3 - Medium,Resolved,24,51.9,2.0,Email,Operations,AGT-04
TKT-04768,2026-03-12 16:07:36,2026-03-13 09:25:36,Software,P4 - Low,Closed,48,17.3,4.0,Chat,R&D,AGT-03
TKT-03251,2026-08-17 13:42:31,,Software,P3 - Medium,Open,24,,,Portal,IT,AGT-03
TKT-02576,2026-04-01 12:47:53,2026-04-02 22:23:53,Hardware,P3 - Medium,Resolved,24,33.6,2.0,Portal,R&D,AGT-09
TKT-03493,2026-07-02 10:33:18,2026-07-02 11:33:18,Network,P2 - High,Resolved,8,1.0,5.0,Email,Finance,AGT-04
TKT-00780,2026-07-02 16:39:13,2026-07-02 23:15:13,Software,P4 - Low,Closed,48,6.6,4.0,Email,Customer Support,AGT-02
TKT-04777,2026-01-16 12:47:48,2026-01-17 03:11:48,Software,P2 - High,Resolved,8,14.4,2.0,Portal,Customer Support,AGT-01
TKT-04483,2026-06-08 15:33:57,2026-06-09 00:27:57,Email & Collaboration,P3 - Medium,Resolved,24,8.9,5.0,Portal,R&D,AGT-11
TKT-04335,2026-06-26 14:02:42,2026-06-26 21:50:42,Access & Accounts,P3 - Medium,Resolved,24,7.8,4.0,Email,Operations,AGT-01
TKT-03255,2025-08-15 16:36:18,2025-08-16 06:42:18,Security,P2 - High,Closed,8,14.1,3.0,Phone,Customer Support,AGT-07
TKT-04875,2026-02-20 17:52:53,2026-02-21 09:10:53,NETWORK,P4 - Low,Resolved,48,15.3,4.0,Portal,Customer Support,AGT-06
TKT-00686,2025-12-14 16:16:03,,Software,P3 - Medium,In Progress,24,,,Email,Sales,AGT-02
TKT-03227,2026-04-23 12:19:05,2026-04-23 20:43:05,Network,P3 - Medium,Resolved,24,8.4,5.0,Chat,Customer Support,AGT-06
TKT-02797,2026-04-03 14:59:25,2026-04-07 14:53:25,Email & Collaboration,P4 - Low,Closed,48,95.9,1.0,Portal,Customer Support,AGT-01
TKT-03495,2025-09-21 17:54:40,2025-09-21 19:18:40,Software,P2 - High,Closed,8,1.4,5.0,Phone,Finance,AGT-03
TKT-02172,2025-11-10 15:21:12,2025-11-10 19:03:12,Access & Accounts,P3 - Medium,Resolved,24,3.7,,Phone,Finance,AGT-01
TKT-02716,2025-10-29 08:49:37,2025-10-29 14:49:37,Access & Accounts,P3 - Medium,Resolved,24,6.0,3.0,Phone,Operations,AGT-01
TKT-01851,2025-10-30 11:13:32,2025-10-31 10:13:32, Access & Accounts ,P4 - Low,Closed,48,23.0,4.0,,Sales,AGT-11
TKT-00488,2025-10-29 17:40:13,2025-10-30 20:16:13,Hardware ,P3 - Medium,Resolved,24,26.6,1.0,Chat,Finance,AGT-10
TKT-01689,2026-03-17 14:11:50,2026-03-21 14:35:50,Hardware,P4 - Low,Closed,48,96.4,1.0,Portal,IT,AGT-10
TKT-02231,2025-12-11 16:20:01,2025-12-14 09:02:01,Network,P4 - Low,Closed,48,64.7,2.0,Email,Finance,AGT-04
TKT-03323,2026-05-06 13:12:10,2026-05-06 13:54:10,Security,P1 - Critical,Closed,4,0.7,4.0,Phone,Finance,AGT-07
TKT-02321,2025-08-14 14:10:08,2025-08-18 02:58:08,Network,P4 - Low,Closed,48,84.8,2.0,,Customer Support,AGT-05
TKT-00783,2026-01-27 12:55:41,2026-01-29 00:49:41,Hardware,P4 - Low,Closed,48,35.9,4.0,Portal,Finance,AGT-09
TKT-00522,2025-12-25 15:49:59,2025-12-25 19:43:59,ACCESS & ACCOUNTS,P2 - High,Resolved,8,3.9,,Portal,R&D,AGT-01
TKT-00523,2025-09-30 13:27:23,2025-10-02 22:09:23,Software,P3 - Medium,Closed,24,56.7,,Portal,Operations,AGT-03
TKT-03002,2026-03-23 16:13:58,2026-03-23 22:49:58,Access & Accounts,P1 - Critical,Closed,4,6.6,2.0,Email,Customer Support,AGT-03
TKT-04023,2025-12-03 17:11:46,2025-12-05 18:35:46,Access & Accounts,P3 - Medium,Closed,24,49.4,1.0,Portal,Operations,AGT-11
TKT-02399,2025-09-18 08:09:17,2025-09-19 02:03:17,Security,P3 - Medium,Resolved,24,17.9,5.0,Chat,Operations,AGT-07
TKT-02208,2026-01-21 16:46:33,,Network,P3 - Medium,In Progress,24,,,Email,Sales,AGT-05
TKT-03540,2025-11-28 10:30:23,2025-11-29 07:36:23,Network,P4 - Low,Closed,48,21.1,4.0,Email,HR,AGT-05
TKT-03615,2026-03-25 16:38:36,2026-03-30 01:50:36,Hardware,P4 - Low,Resolved,48,105.2,3.0,Portal,Customer Support,AGT-09
TKT-03803,2025-12-02 11:55:45,2025-12-02 19:31:45,Network,P3 - Medium,Closed,24,7.6,5.0,Portal,Finance,AGT-05
TKT-02874,2025-11-06 13:19:50,2025-11-07 11:49:50,Hardware ,P4 - Low,Closed,48,22.5,5.0,Email,Sales,AGT-09
TKT-01512,2025-10-17 17:06:24,2025-10-17 22:12:24,Network,P3 - Medium,Resolved,24,5.1,3.0,Email,Sales,AGT-05
TKT-01883,2026-01-08 12:44:25,2026-01-09 09:20:25,Hardware,P4 - Low,Closed,48,20.6,5.0,Portal,R&D,AGT-10
TKT-00652,2026-07-17 13:36:09,,Access & Accounts,P3 - Medium,In Progress,24,,,Portal,R&D,AGT-11
TKT-02838,2025-11-14 17:11:34,2025-11-14 18:11:34,Software,P2 - High,Closed,8,1.0,5.0,Phone,Operations,AGT-03
TKT-03290,2026-01-19 14:33:33,2026-01-19 23:21:33,SECURITY,P2 - High,Closed,8,8.8,2.0,Email,Customer Support,AGT-08
TKT-00370,2026-07-20 16:10:22,2026-07-23 00:16:22,Software,P3 - Medium,Resolved,24,56.1,1.0,Portal,Customer Support,AGT-01
TKT-02688,2026-04-21 14:53:46,2026-04-22 03:53:46,Network,P4 - Low,Closed,48,13.0,5.0,Portal,Sales,AGT-05
TKT-00119,2026-01-17 11:23:06,2026-01-17 16:47:06,Software,P3 - Medium,Resolved,24,5.4,,Email,IT,AGT-02
TKT-03380,2026-08-10 11:12:34,2026-08-10 23:12:34,Email & Collaboration,P4 - Low,Closed,48,12.0,4.0,Phone,Sales,AGT-02
TKT-04807,2026-01-08 12:58:17,2026-01-09 01:40:17,Network,P3 - Medium,Closed,24,12.7,4.0,Portal,HR,AGT-04
TKT-02217,2025-09-15 13:38:27,2025-09-20 09:50:27, Software ,P4 - Low,Resolved,48,116.2,2.0,Portal,Operations,AGT-03
TKT-03605,2026-08-03 11:23:08,2026-08-05 03:11:08,Hardware,P3 - Medium,Resolved,24,39.8,3.0,Portal,IT,AGT-09
TKT-01614,2025-12-27 14:09:09,2025-12-27 15:57:09,Access & Accounts,P2 - High,Closed,8,1.8,5.0,Phone,HR,AGT-01
TKT-04234,2026-06-01 11:07:44,2026-06-01 15:37:44,Email & Collaboration,P3 - Medium,Resolved,24,4.5,4.0,Portal,Finance,AGT-02
TKT-00963,2025-09-22 12:13:10,2025-09-22 16:19:10,Access & Accounts,P3 - Medium,Resolved,24,4.1,5.0,Portal,Customer Support,AGT-02
TKT-02511,2026-01-29 10:56:17,2026-01-29 20:26:17,Security,P3 - Medium,Closed,24,9.5,5.0,Portal,Customer Support,AGT-07
TKT-03610,2025-10-29 18:48:41,2025-10-30 03:48:41,Email & Collaboration,P4 - Low,Closed,48,9.0,4.0,Email,Customer Support,AGT-01
TKT-02875,2025-09-17 12:23:09,2025-09-18 18:41:09,Network,P3 - Medium,Closed,24,30.3,3.0,Email,Sales,AGT-06
TKT-03506,2026-03-11 17:15:03,2026-03-12 18:33:03,Access & Accounts,P4 - Low,Resolved,48,25.3,3.0,Email,Operations,AGT-03
TKT-04333,2025-08-27 15:33:18,2025-08-28 14:09:18,Access & Accounts,P4 - Low,Closed,48,22.6,5.0,,Sales,AGT-01
TKT-02416,2025-09-12 15:11:13,2025-09-13 08:53:13,Software,P4 - Low,Resolved,48,17.7,5.0,Portal,Customer Support,AGT-11
TKT-04692,2025-11-05 14:30:06,2025-11-05 23:48:06,Email & Collaboration,P3 - Medium,Resolved,24,9.3,5.0,Portal,IT,AGT-11
TKT-04271,2026-08-27 10:51:58,2026-08-27 18:15:58,Network,P4 - Low,Closed,48,7.4,4.0,Phone,Customer Support,AGT-06
TKT-02186,2025-10-07 16:58:05,2025-10-07 18:10:05,Hardware,P2 - High,Resolved,8,1.2,4.0,Chat,Customer Support,AGT-09
TKT-04134,2026-02-17 14:45:26,2026-02-17 16:09:26,Hardware,P1 - Critical,Closed,4,1.4,4.0,Portal,R&D,AGT-10
TKT-02568,2025-09-09 13:15:12,2025-09-11 21:27:12,Hardware,P3 - Medium,Closed,24,56.2,2.0,Portal,Finance,AGT-10
TKT-02038,2025-08-10 14:33:07,2025-08-10 23:51:07,Network,P4 - Low,Closed,48,9.3,4.0,Email,Sales,AGT-06
TKT-04296,2026-01-06 09:35:39,2026-01-07 00:29:39,Software,P3 - Medium,Resolved,24,14.9,5.0,Email,Finance,AGT-03
TKT-00773,2026-03-20 11:04:50,2026-03-20 23:34:50,Access & Accounts,P4 - Low,Resolved,48,12.5,5.0,Email,HR,AGT-02
TKT-01285,2026-07-30 16:24:58,2026-07-31 07:36:58,Access & Accounts,P4 - Low,Closed,48,15.2,4.0,Chat,Finance,AGT-02
TKT-04640,2025-10-27 14:40:25,2025-10-28 05:34:25,Access & Accounts,P3 - Medium,Resolved,24,14.9,5.0,Portal,IT,AGT-02
TKT-04776,2025-08-30 11:44:03,2025-08-30 13:08:03,Network,P2 - High,Resolved,8,1.4,5.0,Chat,Sales,AGT-06
TKT-04635,2026-04-13 14:12:32,2026-04-13 21:42:32,Access & Accounts,P3 - Medium,Resolved,24,7.5,,Email,Sales,AGT-02
TKT-01415,2025-09-19 15:34:11,2025-09-20 05:46:11,Hardware,P4 - Low,Resolved,48,14.2,5.0,Portal,Sales,AGT-09
TKT-01235,2025-10-23 15:16:35,2025-10-23 21:22:35,Email & Collaboration,P3 - Medium,Closed,24,6.1,5.0,Phone,IT,AGT-11
TKT-03996,2025-08-06 12:40:25,2025-08-06 15:04:25,Email & Collaboration,P2 - High,Closed,8,2.4,,Email,Operations,AGT-02
TKT-00436,2025-10-20 14:33:17,2025-10-21 04:27:17,Software,P3 - Medium,Resolved,24,13.9,,Phone,Customer Support,AGT-11
TKT-01675,2026-06-03 08:00:03,2026-06-03 16:18:03,Hardware,P3 - Medium,Resolved,24,8.3,,Phone,R&D,AGT-09
TKT-00366,2026-01-12 11:35:53,2026-01-13 14:17:53,Email & Collaboration,P4 - Low,Closed,48,26.7,4.0,,Operations,AGT-01
TKT-02698,2025-08-13 14:35:26,2025-08-14 09:17:26,Access & Accounts,P2 - High,Resolved,8,18.7,2.0,Portal,Sales,AGT-02
TKT-00232,2026-01-13 10:45:44,2026-01-17 19:39:44,Email & Collaboration,P4 - Low,Closed,48,104.9,2.0,Portal,Sales,AGT-01
TKT-04302,2026-05-07 12:12:13,2026-05-07 23:12:13,Email & Collaboration,P2 - High,Resolved,8,11.0,1.0,Chat,Finance,AGT-03
TKT-00148,2026-02-20 15:59:35,2026-02-20 22:23:35,Email & Collaboration,P3 - Medium,Resolved,24,6.4,5.0,Portal,Sales,AGT-01
TKT-04800,2026-05-26 13:35:44,2026-05-26 17:29:44,Network,P2 - High,Closed,8,3.9,5.0,Portal,Operations,AGT-04
TKT-00408,2026-06-25 13:36:47,2026-06-29 03:54:47,Network,P4 - Low,Closed,48,86.3,1.0,Portal,Customer Support,AGT-05
TKT-02091,2025-12-21 12:37:05,2025-12-21 21:25:05,Network,P3 - Medium,Closed,24,8.8,4.0,Chat,Operations,AGT-05
TKT-00087,2026-05-12 15:56:02,2026-05-13 00:20:02,Network,P4 - Low,Resolved,48,8.4,4.0,Email,HR,AGT-06
TKT-00845,2025-09-08 13:27:28,2025-09-09 01:39:28,Email & Collaboration,P3 - Medium,Closed,24,12.2,4.0,Chat,Customer Support,AGT-11
TKT-01032,2026-05-11 11:08:03,2026-05-11 19:14:03,Security,P4 - Low,Resolved,48,8.1,5.0,Portal,IT,AGT-07
TKT-03962,2025-09-22 10:11:12,2025-09-22 14:41:12,Network,P3 - Medium,Closed,24,4.5,4.0,Email,Sales,AGT-05
TKT-03260,2025-08-18 11:33:34,2025-08-18 16:15:34,Access & Accounts,P3 - Medium,Resolved,24,4.7,4.0,,IT,AGT-01
TKT-02918,2026-07-02 11:05:04,2026-07-02 13:41:04,Software,P2 - High,Closed,8,2.6,5.0,Email,Finance,AGT-01
TKT-04341,2025-09-19 10:12:08,2025-09-21 15:36:08,Access & Accounts,P4 - Low,Resolved,48,53.4,4.0,Email,Sales,AGT-02
TKT-02707,2026-07-16 10:40:31,2026-07-16 17:22:31,Hardware,P3 - Medium,Closed,24,6.7,,Email,R&D,AGT-10
TKT-00856,2026-02-02 10:37:51,2026-02-02 23:49:51,Email & Collaboration,P3 - Medium,Resolved,24,13.2,4.0,Portal,Finance,AGT-01
TKT-00079,2026-03-07 11:31:35,2026-03-07 14:25:35,Access & Accounts,P1 - Critical,Resolved,4,2.9,,Portal,Customer Support,AGT-02
TKT-02248,2026-04-03 10:08:09,2026-04-03 20:02:09,Network,P3 - Medium,Closed,24,9.9,,Email,Sales,AGT-12
TKT-04606,2025-12-05 15:36:31,2025-12-07 22:12:31,Hardware,P3 - Medium,Resolved,24,54.6,,Email,Operations,AGT-09
TKT-03722,2026-02-19 12:47:13,2026-02-19 21:05:13,Access & Accounts,P4 - Low,Closed,48,8.3,5.0,Phone,Finance,AGT-01
TKT-02965,2025-11-10 16:48:21,2025-11-11 07:00:21,Software,P3 - Medium,Closed,24,14.2,4.0,Email,Finance,AGT-01
TKT-03245,2025-09-15 11:00:44,2025-09-15 20:42:44,Network,P3 - Medium,Resolved,24,9.7,4.0,Portal,Sales,AGT-06
TKT-02280,2026-04-13 13:29:40,2026-04-14 07:23:40,Network,P4 - Low,Closed,48,17.9,,Portal,Operations,AGT-06
TKT-02660,2025-10-29 17:10:25,2025-10-30 15:16:25,Network,P4 - Low,Closed,48,22.1,5.0,Portal,Operations,AGT-06
TKT-04193,2026-03-05 14:15:25,2026-03-05 20:21:25,SOFTWARE,P3 - Medium,Closed,24,6.1,4.0,Phone,Operations,AGT-01
TKT-03939,2026-02-12 15:12:10,,Software,P4 - Low,In Progress,48,,,Phone,HR,AGT-01
TKT-03489,2025-10-22 09:58:28,2025-10-24 11:22:28,Hardware,P3 - Medium,Closed,24,49.4,1.0,Email,Operations,AGT-09
TKT-02177,2026-01-09 12:40:43,2026-01-10 04:10:43,Hardware,P4 - Low,Resolved,48,15.5,5.0,Chat,Finance,AGT-10
TKT-00425,2026-03-26 10:57:47,2026-03-26 20:03:47,HARDWARE,P4 - Low,Resolved,48,9.1,4.0,Email,Finance,AGT-09
TKT-00393,2026-03-19 11:05:44,2026-03-19 15:59:44,Security,P2 - High,Closed,8,4.9,,Email,Finance,AGT-08
TKT-04765,2026-01-20 11:38:09,2026-01-21 08:38:09,Software,P3 - Medium,Resolved,24,21.0,,Email,Operations,AGT-03
TKT-03476,2026-01-17 16:54:26,2026-01-17 23:54:26,Network,P3 - Medium,Closed,24,7.0,5.0,Email,Sales,AGT-04
TKT-00105,2026-06-02 09:44:04,2026-06-02 19:26:04,Software,P3 - Medium,Closed,24,9.7,4.0,Portal,Sales,AGT-11
TKT-03263,2025-08-29 16:01:47,2025-08-30 03:13:47,Hardware,P3 - Medium,Closed,24,11.2,4.0,Email,HR,AGT-10
TKT-04629,2025-10-16 08:48:27,2025-10-16 14:42:27,Software,P3 - Medium,Resolved,24,5.9,5.0,Email,Sales,AGT-02
TKT-03193,2026-03-05 12:47:15,2026-03-05 19:47:15,Network,P3 - Medium,Closed,24,7.0,4.0,Email,Operations,AGT-04
TKT-02861,2026-01-10 10:25:16,2026-01-10 13:49:16,Security,P4 - Low,Closed,48,3.4,4.0,Portal,R&D,AGT-07
TKT-01949,2025-08-08 11:33:18,2025-08-08 17:45:18,Network,P3 - Medium,Resolved,24,6.2,5.0,Portal,IT,AGT-05
TKT-01460,2025-12-27 17:18:25,2025-12-28 11:42:25,Software,P2 - High,Closed,8,18.4,2.0,Portal,R&D,AGT-02
TKT-04699,2026-02-23 14:41:07,2026-02-23 23:23:07,Network,P1 - Critical,Closed,4,8.7,2.0,Portal,Operations,AGT-06
TKT-03874,2025-09-17 16:58:20,2025-09-17 20:58:20,Hardware,P3 - Medium,Resolved,24,4.0,,Email,Sales,AGT-10
TKT-02755,2026-07-13 08:32:46,2026-07-13 14:32:46,Software,P3 - Medium,Resolved,24,6.0,5.0,Email,Operations,AGT-01
TKT-04829,2026-06-05 18:59:19,2026-06-05 21:53:19,Software,P2 - High,Resolved,8,2.9,,Email,R&D,AGT-01
TKT-01588,2026-03-07 09:58:53,2026-03-07 11:40:53,Email & Collaboration,P2 - High,Closed,8,1.7,,Email,Finance,AGT-01
TKT-03725,2026-06-18 15:52:26,2026-06-18 23:04:26,Network,P4 - Low,Closed,48,7.2,3.0,Portal,Finance,AGT-04
TKT-01732,2025-08-21 14:21:50,2025-08-26 03:15:50,Hardware,P4 - Low,Resolved,48,108.9,2.0,Chat,Operations,AGT-10
TKT-04804,2026-01-29 11:15:31,2026-01-29 20:27:31,Access & Accounts,P3 - Medium,Resolved,24,9.2,4.0,Chat,Operations,AGT-03
TKT-03779,2026-05-26 10:19:18,2026-05-27 02:31:18,Network,P2 - High,Resolved,8,16.2,2.0,Portal,Finance,AGT-05
TKT-04625,2025-09-12 08:02:26,2025-09-13 02:38:26,network,P2 - High,Closed,8,18.6,2.0,Phone,Sales,AGT-12
TKT-01792,2025-11-30 13:18:00,,Hardware,P3 - Medium,In Progress,24,,,Phone,R&D,AGT-09
TKT-02356,2026-06-09 15:30:24,2026-06-09 23:54:24,Email & Collaboration,P3 - Medium,Closed,24,8.4,5.0,Chat,Sales,AGT-03
TKT-01941,2025-10-28 14:16:56,2025-10-29 00:22:56,Security,P3 - Medium,Closed,24,10.1,4.0,Email,HR,AGT-08
TKT-00703,2025-10-01 11:07:43,2025-10-01 14:25:43,Software,P3 - Medium,Closed,24,3.3,5.0,Email,R&D,AGT-03
TKT-02443,2025-10-20 11:35:51,2025-10-20 17:17:51,Access & Accounts,P3 - Medium,Resolved,24,5.7,5.0,Email,HR,AGT-03
TKT-02866,2025-09-18 13:34:02,2025-09-18 23:28:02,Hardware,P3 - Medium,Closed,24,9.9,5.0,Portal,IT,AGT-09
TKT-00497,2026-01-16 17:27:54,2026-01-17 20:45:54,Access & Accounts,P4 - Low,Closed,48,27.3,4.0,Email,Finance,AGT-03
TKT-00465,2026-03-16 16:14:02,2026-03-16 18:14:02,Security,P2 - High,Resolved,8,2.0,4.0,Phone,Finance,AGT-07
TKT-03775,2026-06-08 10:40:23,2026-06-08 12:58:23,Hardware,P2 - High,Closed,8,2.3,3.0,Portal,Sales,AGT-09
TKT-04368,2026-03-19 15:05:48,2026-03-20 00:35:48, Email & Collaboration ,P4 - Low,Resolved,48,9.5,4.0,Email,Finance,AGT-02
TKT-00173,2025-11-10 11:22:04,2025-11-11 21:40:04, Software ,P3 - Medium,Resolved,24,34.3,,Portal,Sales,AGT-01
TKT-03129,2026-04-28 11:52:21,2026-04-29 03:52:21,Email & Collaboration,P3 - Medium,Resolved,24,16.0,4.0,Email,IT,AGT-01
TKT-04836,2026-06-22 12:38:11,2026-06-24 19:26:11,Access & Accounts,P3 - Medium,Closed,24,54.8,1.0,Portal,Sales,AGT-01
TKT-02541,2026-02-16 13:58:13,2026-02-16 23:16:13,Email & Collaboration,P3 - Medium,Closed,24,9.3,4.0,Portal,R&D,AGT-03
TKT-03321,2025-08-06 14:30:04,2025-08-07 00:24:04,Email & Collaboration,P3 - Medium,Resolved,24,9.9,5.0,Chat,Operations,AGT-03
TKT-03365,2025-12-02 14:07:10,2025-12-03 11:55:10,Network,P4 - Low,Closed,48,21.8,,Email,Customer Support,AGT-04
TKT-02261,2026-05-01 16:50:37,2026-05-01 19:50:37,Access & Accounts,P3 - Medium,Closed,24,3.0,4.0,Portal,R&D,AGT-03
TKT-02113,2025-10-09 09:58:49,2025-10-09 10:58:49,NetWork,P1 - Critical,Resolved,4,1.0,,Email,IT,AGT-05
TKT-00901,2026-02-01 12:19:39,2026-02-01 21:25:39,Network,P3 - Medium,Closed,24,9.1,4.0,Phone,Operations,AGT-04
TKT-01447,2026-07-24 10:41:08,2026-07-24 13:11:08,Software,P2 - High,Closed,8,2.5,5.0,Portal,Customer Support,AGT-02
TKT-04480,2026-08-17 15:56:09,2026-08-17 21:26:09,Hardware,P3 - Medium,Closed,24,5.5,,Email,R&D,AGT-09
TKT-00742,2025-09-15 16:47:44,2025-09-16 01:53:44,Hardware,P4 - Low,Closed,48,9.1,4.0,Email,Finance,AGT-09
TKT-02294,2025-11-30 11:11:31,2025-12-01 10:11:31,Network,P3 - Medium,Resolved,24,23.0,,Email,Sales,AGT-06
TKT-02453,2026-04-09 13:00:42,2026-04-09 14:18:42,Email & Collaboration,P1 - Critical,Closed,4,1.3,,Email,Sales,AGT-02
TKT-03868,2025-11-10 15:54:59,2025-11-10 17:06:59,Access & Accounts,P2 - High,Resolved,8,1.2,4.0,Portal,Sales,AGT-01
TKT-04121,2026-08-09 10:19:18,2026-08-09 13:55:18,Software,P2 - High,Resolved,8,3.6,4.0,Phone,HR,AGT-02
TKT-01207,2026-03-25 10:09:35,2026-03-25 15:09:35,Email & Collaboration,P3 - Medium,Closed,24,5.0,4.0,Email,Sales,AGT-02
TKT-00510,2025-09-16 15:42:56,2025-09-17 00:42:56,Software,P3 - Medium,Closed,24,9.0,,Portal,Sales,AGT-03
TKT-04188,2025-09-23 17:39:54,2025-09-24 08:15:54,Access & Accounts,P3 - Medium,Resolved,24,14.6,5.0,Email,Finance,AGT-11
TKT-02858,2026-01-16 13:41:17,2026-01-17 13:05:17,Access & Accounts,P4 - Low,Resolved,48,23.4,5.0,Portal,Sales,AGT-03
TKT-04184,2026-02-06 12:18:18,2026-02-07 07:30:18,Hardware,P4 - Low,Closed,48,19.2,4.0,Chat,Operations,AGT-09
TKT-03373,2026-07-02 12:11:54,2026-07-02 18:35:54,Email & Collaboration,P3 - Medium,Resolved,24,6.4,4.0,Chat,Sales,AGT-11
TKT-01550,2025-11-17 12:13:55,2025-11-17 23:13:55,Hardware,P3 - Medium,Closed,24,11.0,5.0,Phone,R&D,AGT-10
TKT-04170,2026-01-28 14:12:02,2026-01-28 19:24:02,Hardware,P3 - Medium,Closed,24,5.2,4.0,Portal,Customer Support,AGT-10
TKT-02203,2026-07-17 14:18:36,2026-07-17 18:24:36,Access & Accounts,P2 - High,Resolved,8,4.1,4.0,Email,IT,AGT-11
TKT-02567,2025-08-18 12:38:50,2025-08-18 19:38:50,Network,P3 - Medium,Closed,24,7.0,5.0,Portal,Operations,AGT-05
TKT-02728,2025-09-24 12:33:46,2025-09-27 02:45:46,Email & Collaboration,P4 - Low,Closed,48,62.2,2.0,Email,Sales,AGT-11
TKT-02045,2026-08-20 13:44:25,2026-08-21 02:08:25,Access & Accounts,P4 - Low,Closed,48,12.4,5.0,Portal,Operations,AGT-02
TKT-00768,2025-08-13 12:30:10,2025-08-13 14:12:10,Security,P2 - High,Closed,8,1.7,4.0,Chat,IT,AGT-08
TKT-04913,2025-12-31 12:21:45,2025-12-31 17:09:45,Network,P3 - Medium,Resolved,24,4.8,4.0,Phone,IT,AGT-06
TKT-03804,2025-10-09 14:24:54,2025-10-11 05:54:54,Software,P3 - Medium,Resolved,24,39.5,3.0,Phone,Customer Support,AGT-02
TKT-00422,2025-08-15 11:38:34,2025-08-15 20:32:34,Network,P3 - Medium,Resolved,24,8.9,,Portal,R&D,AGT-04
TKT-00124,2026-01-12 13:25:12,2026-01-13 01:31:12,Access & Accounts,P3 - Medium,Closed,24,12.1,5.0,Portal,Customer Support,AGT-01
TKT-04196,2026-02-20 15:10:52,2026-02-20 22:34:52,Hardware,P3 - Medium,Closed,24,7.4,5.0,Chat,Customer Support,AGT-09
TKT-02992,2026-06-19 10:43:08,2026-06-19 18:01:08,Network,P3 - Medium,Closed,24,7.3,4.0,Email,R&D,AGT-04
TKT-00820,2025-11-17 15:03:23,2025-11-18 11:15:23, Access & Accounts ,P4 - Low,Closed,48,20.2,4.0,Portal,Operations,AGT-01
TKT-01404,2025-12-01 15:41:20,2025-12-01 21:59:20,Hardware,P3 - Medium,Resolved,24,6.3,5.0,Email,Sales,AGT-09
TKT-01383,2026-02-26 14:17:00,2026-02-26 19:35:00,Security,P3 - Medium,Closed,24,5.3,4.0,Email,Sales,AGT-08
TKT-02149,2026-05-29 10:43:56,2026-05-31 19:37:56,Network,P3 - Medium,Resolved,24,56.9,1.0,Portal,Customer Support,AGT-05
TKT-01576,2025-10-28 13:13:31,2025-10-28 20:31:31,Software,P3 - Medium,Resolved,24,7.3,4.0,Portal,R&D,AGT-02
TKT-01639,2025-11-05 12:51:44,2025-11-08 02:15:44,Network,P4 - Low,Closed,48,61.4,3.0,Portal,Operations,AGT-05
TKT-01796,2025-11-25 13:34:02,2025-11-26 00:52:02,Hardware,P2 - High,Resolved,8,11.3,2.0,Chat,Customer Support,AGT-10
TKT-04855,2025-09-04 13:38:41,2025-09-06 16:02:41,Network,P4 - Low,Closed,48,50.4,3.0,Portal,HR,AGT-04
TKT-00400,2026-01-21 14:34:23,2026-01-22 00:28:23,Software,P3 - Medium,Closed,24,9.9,5.0,Portal,Operations,AGT-01
TKT-02311,2026-08-26 10:44:43,2026-08-26 13:50:43,Access & Accounts,P3 - Medium,Closed,24,3.1,4.0,,Operations,AGT-03
TKT-00883,2026-08-03 11:48:38,2026-08-04 04:54:38,Software,P4 - Low,Closed,48,17.1,4.0,Email,Finance,AGT-02
TKT-00795,2025-08-13 16:19:30,2025-08-13 19:25:30,Software,P2 - High,Resolved,8,3.1,4.0,Email,Customer Support,AGT-11
TKT-02950,2026-07-10 08:56:06,2026-07-12 13:44:06,Email & Collaboration,P4 - Low,Closed,48,52.8,2.0,Chat,IT,AGT-02
TKT-01353,2025-11-20 12:46:30,2025-11-20 20:58:30,Software,P3 - Medium,Resolved,24,8.2,4.0,Email,Finance,AGT-01
TKT-03056,2026-02-11 12:44:31,2026-02-11 18:26:31,Network,P3 - Medium,Closed,24,5.7,4.0,Email,Finance,AGT-05
TKT-04586,2026-05-29 15:09:15,2026-05-30 02:45:15,Hardware,P4 - Low,Resolved,48,11.6,3.0,Portal,Sales,AGT-09
TKT-02131,2025-10-20 18:26:06,2025-10-21 00:44:06,Email & Collaboration,P4 - Low,Resolved,48,6.3,4.0,Email,Customer Support,AGT-02
TKT-00983,2026-05-19 10:55:33,2026-05-23 03:43:33,Access & Accounts,P4 - Low,Resolved,48,88.8,2.0,Portal,Customer Support,AGT-11
TKT-00457,2026-08-20 13:33:16,2026-08-21 10:33:16,Access & Accounts,P4 - Low,Closed,48,21.0,5.0,Portal,R&D,AGT-11
TKT-03594,2025-09-04 08:29:10,2025-09-05 14:47:10,Network,P3 - Medium,Resolved,24,30.3,1.0,Phone,R&D,AGT-05
TKT-01080,2025-12-10 11:07:09,2025-12-10 22:55:09,Network,P3 - Medium,Closed,24,11.8,,Phone,Finance,AGT-05
TKT-01951,2026-08-10 11:25:54,2026-08-10 15:13:54,Security,P2 - High,Closed,8,3.8,4.0,Email,Customer Support,AGT-07
TKT-04349,2026-02-20 10:39:20,2026-02-20 15:27:20,Security,P2 - High,Closed,8,4.8,4.0,Email,IT,AGT-08
TKT-00690,2026-03-02 11:49:27,2026-03-04 16:13:27,EMAIL & COLLABORATION,P3 - Medium,Resolved,24,52.4,3.0,Chat,Customer Support,AGT-01
TKT-02430,2026-05-25 13:10:30,2026-05-25 16:28:30,Software,P4 - Low,Closed,48,3.3,3.0,Chat,Operations,AGT-01
TKT-00642,2026-06-11 12:27:05,2026-06-14 18:33:05,Software,P4 - Low,Resolved,48,78.1,2.0,Email,Operations,AGT-01
TKT-02393,2025-12-19 13:03:38,2025-12-19 19:39:38,Hardware,P3 - Medium,Resolved,24,6.6,4.0,Portal,Finance,AGT-10
TKT-01954,2026-08-17 12:04:48,2026-08-17 15:46:48,Security,P2 - High,Closed,8,3.7,4.0,Email,Finance,AGT-08
TKT-04337,2025-08-08 11:09:11,2025-08-08 12:15:11,Access & Accounts,P2 - High,Resolved,8,1.1,5.0,Chat,Finance,AGT-11
TKT-02816,2026-03-09 10:57:17,2026-03-09 14:15:17,Hardware,P3 - Medium,Resolved,24,3.3,4.0,Portal,Finance,AGT-09
TKT-04086,2026-07-29 18:03:09,2026-07-29 21:45:09,Software,P3 - Medium,Closed,24,3.7,4.0,Phone,R&D,AGT-03
TKT-03397,2025-08-30 14:50:10,2025-08-31 03:56:10,Hardware,P3 - Medium,Closed,24,13.1,4.0,Portal,Finance,AGT-09
TKT-04806,2026-05-14 08:20:19,2026-05-14 16:02:19,Access & Accounts,P4 - Low,Closed,48,7.7,4.0,Chat,IT,AGT-01
TKT-04894,2025-11-14 16:01:53,2025-11-18 13:01:53,Hardware,P4 - Low,Closed,48,93.0,3.0,Email,R&D,AGT-10
TKT-01885,2025-12-10 13:37:04,2025-12-11 16:43:04,Hardware,P3 - Medium,Resolved,24,27.1,2.0,Chat,IT,AGT-10
TKT-00390,2026-07-01 14:52:05,2026-07-01 21:28:05,Network,P3 - Medium,Closed,24,6.6,4.0,Email,Customer Support,AGT-05
TKT-02495,2026-07-14 12:33:20,2026-07-15 13:45:20,Hardware,P4 - Low,Closed,48,25.2,5.0,Phone,Operations,AGT-09
TKT-03174,2026-08-21 14:09:03,2026-08-23 03:27:03,Email & Collaboration,P3 - Medium,Closed,24,37.3,2.0,Chat,Sales,AGT-03
TKT-02944,2025-10-06 13:45:50,2025-10-06 20:21:50,Network,P3 - Medium,Closed,24,6.6,,Phone,IT,AGT-05
TKT-00846,2026-07-16 12:46:03,2026-07-18 14:46:03,Software,P3 - Medium,Closed,24,50.0,3.0,Email,IT,AGT-01
TKT-00543,2026-06-25 10:41:48,2026-06-26 02:05:48,network,P4 - Low,Resolved,48,15.4,4.0,Portal,IT,AGT-06
TKT-00092,2026-04-30 08:14:40,2026-05-01 17:50:40,Access & Accounts,P4 - Low,Resolved,48,33.6,4.0,Portal,Finance,AGT-02
TKT-03959,2025-09-11 13:35:50,2025-09-11 15:35:50,Access & Accounts,P3 - Medium,Resolved,24,2.0,4.0,Portal,Finance,AGT-02
TKT-01980,2025-10-24 08:38:37,2025-10-24 13:08:37,Email & Collaboration,P3 - Medium,Resolved,24,4.5,4.0,Email,Operations,AGT-01
TKT-02996,2026-02-03 13:46:42,2026-02-04 05:34:42,Network,P3 - Medium,Closed,24,15.8,4.0,Phone,Operations,AGT-04
TKT-04343,2026-03-12 11:58:10,2026-03-17 11:22:10,Software,P4 - Low,Closed,48,119.4,1.0,Email,Sales,AGT-03
TKT-02955,2026-02-20 15:56:55,2026-02-22 00:56:55,Email & Collaboration,P3 - Medium,Resolved,24,33.0,2.0,Portal,IT,AGT-03
TKT-02530,2026-04-06 14:28:58,2026-04-08 05:28:58,Software,P3 - Medium,Resolved,24,39.0,2.0,Email,Customer Support,AGT-02
TKT-01677,2026-05-13 15:44:11,2026-05-14 15:32:11,Security,P4 - Low,Resolved,48,23.8,3.0,Email,Finance,AGT-07
TKT-01049,2026-07-04 12:17:20,2026-07-04 14:59:20,Email & Collaboration,P2 - High,Closed,8,2.7,,Portal,Operations,AGT-02
TKT-01961,2026-03-30 12:39:44,2026-03-30 16:27:44,Email & Collaboration,P3 - Medium,Resolved,24,3.8,4.0,,Operations,AGT-03
TKT-02531,2026-04-01 16:05:29,,Access & Accounts,P4 - Low,In Progress,48,,,Portal,Operations,AGT-01
TKT-04253,2025-10-14 10:10:39,2025-10-14 17:34:39,Hardware,P3 - Medium,Closed,24,7.4,4.0,Email,Operations,AGT-10
TKT-00238,2026-06-04 14:03:07,2026-06-08 22:57:07,Access & Accounts,P4 - Low,Closed,48,104.9,1.0,Chat,Finance,AGT-11
TKT-03138,2025-08-22 09:53:21,2025-08-22 22:05:21,Email & Collaboration,P2 - High,Resolved,8,12.2,,,IT,AGT-02
TKT-03551,2026-07-06 10:58:25,2026-07-06 22:22:25,Access & Accounts,P3 - Medium,Resolved,24,11.4,5.0,Portal,HR,AGT-01
TKT-01134,2026-05-13 11:19:37,2026-05-14 05:07:37,Network,P3 - Medium,Resolved,24,17.8,3.0,Portal,R&D,AGT-04
TKT-01806,2026-04-26 10:11:43,2026-04-27 03:41:43,Email & Collaboration,P4 - Low,Closed,48,17.5,5.0,Email,Finance,AGT-11
TKT-04177,2026-03-29 14:47:44,2026-03-29 20:23:44,Access & Accounts,P2 - High,Closed,8,5.6,4.0,Portal,HR,AGT-01
TKT-00164,2025-08-15 13:15:55,2025-08-15 23:03:55,Software,P4 - Low,Closed,48,9.8,5.0,Phone,Finance,AGT-03
TKT-03555,2025-11-24 11:00:01,2025-11-26 09:24:01,Security,P3 - Medium,Closed,24,46.4,3.0,Portal,HR,AGT-07
TKT-04748,2026-03-31 11:25:38,2026-04-02 13:01:38,Software,P3 - Medium,Resolved,24,49.6,2.0,Phone,Finance,AGT-03
TKT-03404,2026-07-22 13:06:31,2026-07-23 01:24:31,Network,P4 - Low,Resolved,48,12.3,4.0,Portal,Sales,AGT-05
TKT-03514,2026-08-17 16:13:28,2026-08-17 19:25:28,Network,P2 - High,Closed,8,3.2,,Email,Operations,AGT-05
TKT-03258,2025-12-01 11:40:21,2025-12-02 04:28:21,Hardware,P4 - Low,Closed,48,16.8,,Email,HR,AGT-10
TKT-03700,2026-01-16 10:43:35,2026-01-16 22:01:35,Software,P3 - Medium,Resolved,24,11.3,3.0,Portal,Finance,AGT-11
TKT-04009,2025-10-03 14:31:26,2025-10-03 18:43:26,Network,P3 - Medium,Closed,24,4.2,4.0,Email,Operations,AGT-04
TKT-01812,2026-01-21 11:38:40,2026-01-21 13:32:40,Email & Collaboration,P2 - High,Closed,8,1.9,5.0,,Operations,AGT-01
TKT-03166,2026-04-29 13:55:57,2026-04-30 01:01:57,Network,P3 - Medium,Closed,24,11.1,4.0,Email,Finance,AGT-12
TKT-04167,2025-08-08 12:17:19,2025-08-09 01:11:19,Security,P4 - Low,Resolved,48,12.9,4.0,Portal,IT,AGT-08
TKT-01429,2026-06-03 11:17:14,2026-06-06 11:53:14,Network,P4 - Low,Closed,48,72.6,3.0,Portal,Sales,AGT-05
TKT-03679,2025-11-18 17:00:14,2025-11-18 18:54:14,Security,P2 - High,Closed,8,1.9,4.0,Portal,Operations,AGT-07
TKT-02851,2025-12-29 15:46:24,2025-12-29 20:58:24,Hardware,P3 - Medium,Resolved,24,5.2,4.0,Phone,IT,AGT-09
TKT-03457,2026-08-04 16:11:16,2026-08-04 20:35:16,Access & Accounts,P3 - Medium,Closed,24,4.4,4.0,Email,R&D,AGT-11
TKT-04713,2026-03-30 11:48:26,2026-03-30 17:30:26,Hardware ,P3 - Medium,Resolved,24,5.7,4.0,Phone,R&D,AGT-10
TKT-04687,2025-11-20 17:38:07,2025-11-21 14:50:07,Hardware,P4 - Low,Closed,48,21.2,5.0,Phone,Finance,AGT-09
TKT-04451,2026-06-26 12:04:41,2026-06-30 01:46:41,Security,P4 - Low,Closed,48,85.7,2.0,Email,Customer Support,AGT-08
TKT-01453,2026-07-06 17:21:11,2026-07-06 20:03:11,Network,P3 - Medium,Resolved,24,2.7,4.0,Portal,IT,AGT-06
TKT-00594,2026-03-24 14:07:15,2026-03-25 09:49:15,Hardware,P4 - Low,Closed,48,19.7,4.0,Email,Sales,AGT-09
TKT-02726,2026-05-19 12:41:53,2026-05-19 18:59:53,Access & Accounts,P3 - Medium,Closed,24,6.3,5.0,Phone,Sales,AGT-02
TKT-00042,2026-06-24 12:21:03,2026-06-24 15:21:03,Security,P2 - High,Resolved,8,3.0,5.0,Portal,IT,AGT-07
TKT-00561,2025-09-03 09:30:21,2025-09-04 01:48:21,Network,P4 - Low,Resolved,48,16.3,3.0,Email,Sales,AGT-05
TKT-02989,2025-10-02 12:56:13,2025-10-03 01:26:13,Access & Accounts,P3 - Medium,Closed,24,12.5,,Portal,R&D,AGT-02
TKT-03096,2025-08-20 12:35:07,2025-08-21 02:11:07,Network,P4 - Low,Resolved,48,13.6,4.0,Email,Sales,AGT-06
TKT-00244,2026-02-25 16:49:08,2026-02-26 02:55:08,EMAIL & COLLABORATION,P3 - Medium,Closed,24,10.1,4.0,Portal,Sales,AGT-02
TKT-01340,2025-12-25 16:31:58,2025-12-25 22:31:58,Network,P3 - Medium,Resolved,24,6.0,,Portal,Operations,AGT-12
TKT-02985,2025-08-27 13:24:24,2025-08-27 22:30:24,Access & Accounts,P4 - Low,Resolved,48,9.1,5.0,Email,Sales,AGT-11
TKT-03015,2025-11-18 13:07:56,2025-11-18 14:19:56,Network,P2 - High,Resolved,8,1.2,5.0,Email,Customer Support,AGT-05
TKT-03865,2026-08-07 12:55:38,2026-08-08 15:49:38,Access & Accounts,P4 - Low,Closed,48,26.9,5.0,Portal,Customer Support,AGT-11
TKT-01443,2025-09-30 09:39:21,2025-09-30 11:09:21,NetWork,P1 - Critical,Resolved,4,1.5,,Email,R&D,AGT-12
TKT-00262,2026-06-19 12:27:40,2026-06-19 23:09:40, Email & Collaboration ,P2 - High,Resolved,8,10.7,2.0,Phone,Finance,AGT-03
TKT-02814,2025-08-17 11:43:03,2025-08-17 19:25:03,Software,P3 - Medium,Closed,24,7.7,5.0,Email,Sales,AGT-03
TKT-01690,2026-01-02 12:23:25,2026-01-02 22:11:25,Access & Accounts,P3 - Medium,Resolved,24,9.8,5.0,Portal,Operations,AGT-02
TKT-01726,2025-08-22 17:35:05,2025-08-22 19:17:05,Software,P1 - Critical,Closed,4,1.7,4.0,Portal,Sales,AGT-03
TKT-01204,2026-05-06 17:44:34,2026-05-06 20:02:34,Access & Accounts,P3 - Medium,Closed,24,2.3,4.0,Portal,Finance,AGT-01
TKT-00835,2026-05-13 11:53:50,2026-05-14 06:17:50,Network,P2 - High,Resolved,8,18.4,2.0,Portal,Operations,AGT-05
TKT-01867,2026-08-02 12:44:28,2026-08-02 23:50:28,Software,P4 - Low,Closed,48,11.1,5.0,Email,Operations,AGT-03
TKT-02497,2026-03-05 12:29:08,2026-03-05 18:47:08,Email & Collaboration,P3 - Medium,Resolved,24,6.3,4.0,Portal,HR,AGT-02
TKT-02011,2025-08-20 11:15:59,2025-08-20 19:09:59,Network,P3 - Medium,Resolved,24,7.9,,Portal,Operations,AGT-04
TKT-00341,2025-09-24 16:31:22,2025-09-25 15:13:22,Network,P3 - Medium,Closed,24,22.7,,Chat,R&D,AGT-04
TKT-03756,2025-12-14 08:55:12,2025-12-14 17:37:12,Access & Accounts,P4 - Low,Resolved,48,8.7,3.0,Portal,Operations,AGT-01
TKT-01602,2025-09-25 11:42:35,2025-09-26 02:42:35,Network,P3 - Medium,Resolved,24,15.0,4.0,Email,Operations,AGT-06
TKT-04079,2025-10-01 12:27:26,2025-10-03 15:21:26,network,P3 - Medium,Resolved,24,50.9,2.0,Email,IT,AGT-04
TKT-04732,2026-07-27 14:24:15,2026-07-27 21:30:15,Network,P4 - Low,Closed,48,7.1,5.0,Portal,IT,AGT-12
TKT-00481,2026-01-08 08:04:09,2026-01-10 06:58:09,Network,P3 - Medium,Closed,24,46.9,2.0,Email,Sales,AGT-06
TKT-02877,2025-11-17 14:33:10,2025-11-17 16:03:10,Network,P2 - High,Resolved,8,1.5,4.0,Portal,IT,AGT-12
TKT-04613,2026-04-22 12:36:58,2026-04-22 15:54:58,Hardware,P2 - High,Closed,8,3.3,3.0,Portal,Sales,AGT-10
TKT-03455,2026-08-25 12:00:36,2026-08-25 16:06:36,Email & Collaboration,P3 - Medium,Closed,24,4.1,,Email,Finance,AGT-02
TKT-04676,2025-09-25 08:05:45,2025-09-25 09:41:45,Network,P2 - High,Closed,8,1.6,,Portal,Operations,AGT-04
TKT-03101,2026-08-10 14:13:07,2026-08-10 18:13:07,Software,P2 - High,Resolved,8,4.0,4.0,Email,Operations,AGT-11
TKT-04832,2025-11-26 15:11:30,2025-11-26 17:35:30,Email & Collaboration,P2 - High,Resolved,8,2.4,4.0,Email,Customer Support,AGT-11
TKT-01767,2026-08-24 11:58:55,2026-08-24 22:46:55,Network,P3 - Medium,Closed,24,10.8,5.0,Portal,Operations,AGT-05
TKT-04509,2026-05-25 12:37:17,2026-05-28 18:55:17,Network,P4 - Low,Resolved,48,78.3,1.0,Email,Operations,AGT-04
TKT-02454,2026-06-07 13:59:47,2026-06-07 18:53:47,Network,P3 - Medium,Resolved,24,4.9,5.0,Portal,HR,AGT-06
TKT-02930,2026-05-01 14:08:29,2026-05-03 22:44:29,Access & Accounts,P3 - Medium,Closed,24,56.6,,Email,Operations,AGT-03
TKT-03882,2026-07-25 12:49:43,2026-07-25 21:13:43,Access & Accounts,P2 - High,Closed,8,8.4,2.0,Portal,R&D,AGT-03
TKT-04088,2026-03-31 10:02:07,2026-03-31 21:32:07,Hardware,P4 - Low,Resolved,48,11.5,5.0,Chat,Finance,AGT-09
TKT-04715,2026-03-11 12:15:41,2026-03-11 16:27:41,Network,P3 - Medium,Resolved,24,4.2,,Email,Operations,AGT-05
TKT-04005,2026-02-27 15:36:23,2026-02-27 17:42:23,Hardware,P3 - Medium,Closed,24,2.1,4.0,Phone,Customer Support,AGT-10
TKT-01272,2025-12-29 14:15:58,2025-12-30 18:33:58,Email & Collaboration,P4 - Low,Closed,48,28.3,,Portal,Sales,AGT-11
TKT-03133,2025-09-09 09:21:08,2025-09-09 13:09:08,Network,P3 - Medium,Closed,24,3.8,4.0,Email,R&D,AGT-04
TKT-04537,2026-04-20 13:02:34,2026-04-20 19:38:34,Access & Accounts,P3 - Medium,Closed,24,6.6,5.0,Portal,R&D,AGT-03
TKT-04024,2026-07-21 14:02:36,2026-07-23 19:14:36,Hardware,P3 - Medium,Closed,24,53.2,1.0,Portal,Operations,AGT-10
TKT-04559,2025-08-11 16:32:01,2025-08-12 00:20:01,Security,P4 - Low,Resolved,48,7.8,4.0,Email,Sales,AGT-08
TKT-00348,2025-11-08 15:00:17,2025-11-09 08:36:17,Software,P4 - Low,Closed,48,17.6,,Chat,Customer Support,AGT-01
TKT-03950,2025-11-25 15:24:21,2025-11-25 20:54:21,Access & Accounts,P3 - Medium,Closed,24,5.5,5.0,Portal,R&D,AGT-03
TKT-04661,2026-04-27 13:55:41,2026-04-28 21:19:41,Software,P3 - Medium,Closed,24,31.4,1.0,Phone,Finance,AGT-11
TKT-02563,2026-05-21 10:13:18,2026-05-21 16:07:18,Security,P3 - Medium,Closed,24,5.9,4.0,Portal,Operations,AGT-07
TKT-04626,2026-04-02 14:03:14,2026-04-02 16:33:14,Network,P2 - High,Resolved,8,2.5,5.0,Phone,Finance,AGT-06
TKT-01424,2025-12-31 13:55:17,2026-01-04 22:01:17,Hardware,P4 - Low,Resolved,48,104.1,,Portal,IT,AGT-09
TKT-00657,2026-07-01 17:53:09,2026-07-02 08:11:09,Network,P4 - Low,Resolved,48,14.3,,Portal,Finance,AGT-12
TKT-02103,2026-06-13 09:46:50,2026-06-14 03:46:50,Security,P4 - Low,Closed,48,18.0,4.0,Portal,R&D,AGT-08
TKT-00633,2025-08-15 12:22:50,2025-08-15 15:46:50,Network,P3 - Medium,Closed,24,3.4,4.0,Portal,Sales,AGT-05
TKT-02945,2025-11-20 12:46:03,2025-11-22 14:40:03,Access & Accounts,P3 - Medium,Closed,24,49.9,1.0,Portal,Finance,AGT-02
TKT-02494,2026-07-29 15:30:48,2026-07-30 02:12:48,Network,P3 - Medium,Closed,24,10.7,,Email,Sales,AGT-06
TKT-02666,2026-06-12 12:03:50,2026-06-12 20:27:50,Network,P4 - Low,Closed,48,8.4,5.0,Portal,Customer Support,AGT-04
TKT-03274,2026-05-06 13:38:20,2026-05-11 09:56:20,Software,P4 - Low,Closed,48,116.3,,Email,R&D,AGT-03
TKT-03728,2025-11-06 13:56:52,2025-11-06 20:50:52,network,P2 - High,Closed,8,6.9,4.0,Email,IT,AGT-12
TKT-03366,2025-12-09 16:49:22,2025-12-10 10:19:22,Software,P4 - Low,Closed,48,17.5,5.0,Phone,Operations,AGT-03
TKT-03152,2026-03-24 17:48:50,2026-03-25 00:36:50,Network,P4 - Low,Resolved,48,6.8,,Portal,Sales,AGT-04
TKT-03660,2025-08-23 12:37:51,2025-08-23 20:55:51,Hardware,P3 - Medium,Resolved,24,8.3,4.0,Phone,R&D,AGT-10
TKT-02501,2025-08-14 14:12:42,2025-08-15 01:42:42,Software,P3 - Medium,Closed,24,11.5,5.0,Portal,Sales,AGT-03
TKT-01466,2026-04-22 11:04:33,2026-04-22 12:46:33,Access & Accounts,P2 - High,Resolved,8,1.7,5.0,Portal,Customer Support,AGT-02
TKT-03933,2026-02-17 13:39:52,2026-02-17 22:57:52,Hardware,P3 - Medium,Closed,24,9.3,5.0,Portal,Operations,AGT-09
TKT-00116,2026-07-02 15:01:54,2026-07-04 13:31:54,Hardware,P3 - Medium,Resolved,24,46.5,,Email,IT,AGT-10
TKT-01822,2026-02-10 09:11:19,2026-02-10 16:17:19,Email & Collaboration,P3 - Medium,Closed,24,7.1,4.0,Email,Operations,AGT-02
TKT-01495,2026-01-15 14:28:51,2026-01-15 18:16:51,Network,P2 - High,Closed,8,3.8,4.0,Portal,Customer Support,AGT-04
TKT-02402,2026-06-08 14:03:43,2026-06-09 05:09:43,Access & Accounts,P3 - Medium,Resolved,24,15.1,,Portal,Finance,AGT-01
TKT-01233,2025-10-16 17:21:00,,Network,P3 - Medium,In Progress,24,,,Portal,Operations,AGT-05
TKT-02662,2026-01-03 11:48:34,2026-01-04 03:06:34,network,P3 - Medium,Resolved,24,15.3,5.0,Email,IT,AGT-12
TKT-02818,2026-03-23 14:26:04,2026-03-24 01:02:04,Network,P3 - Medium,Resolved,24,10.6,,Email,Finance,AGT-12
TKT-02925,2025-08-25 15:26:30,2025-08-25 18:56:30,Email & Collaboration,P3 - Medium,Closed,24,3.5,3.0,Chat,Sales,AGT-01
TKT-04609,2025-09-11 16:06:39,2025-09-12 00:18:39,Network,P3 - Medium,Closed,24,8.2,5.0,Email,R&D,AGT-06
TKT-01154,2025-09-30 09:48:47,2025-09-30 19:24:47,Hardware,P3 - Medium,Resolved,24,9.6,4.0,Email,R&D,AGT-10
TKT-03916,2025-11-28 12:44:30,2025-11-29 11:50:30,Network,P4 - Low,Closed,48,23.1,5.0,Portal,Finance,AGT-05
TKT-00058,2026-03-12 10:01:55,2026-03-12 21:25:55,Security,P4 - Low,Closed,48,11.4,5.0,Portal,R&D,AGT-08
TKT-03456,2026-06-03 16:10:51,2026-06-03 22:10:51,Email & Collaboration,P3 - Medium,Closed,24,6.0,,,IT,AGT-03
TKT-04323,2026-04-01 11:09:47,2026-04-01 13:33:47,Hardware,P3 - Medium,Closed,24,2.4,4.0,Email,HR,AGT-09
TKT-04986,2025-12-10 14:29:42,2025-12-12 14:29:42,Software,P3 - Medium,Closed,24,48.0,2.0,Portal,Finance,AGT-11
TKT-01736,2026-05-20 12:13:48,2026-05-20 18:07:48,Email & Collaboration,P3 - Medium,Closed,24,5.9,4.0,Portal,R&D,AGT-03
TKT-02824,2026-08-11 13:30:48,2026-08-14 16:06:48,Security,P4 - Low,Closed,48,74.6,3.0,Phone,Customer Support,AGT-07
TKT-02197,2025-08-27 13:07:12,2025-08-27 17:13:12,hardware,P3 - Medium,Closed,24,4.1,4.0,,Sales,AGT-10
TKT-03616,2026-04-30 13:42:55,2026-05-03 05:48:55,Software,P4 - Low,Closed,48,64.1,1.0,Portal,Customer Support,AGT-02
TKT-02476,2025-08-21 08:34:59,2025-08-21 12:40:59,Access & Accounts,P3 - Medium,Closed,24,4.1,5.0,Portal,R&D,AGT-03
TKT-02565,2026-03-26 10:17:22,2026-03-26 14:11:22,Hardware,P3 - Medium,Closed,24,3.9,4.0,Chat,Sales,AGT-10
TKT-04087,2026-02-28 16:08:28,,Hardware,P3 - Medium,In Progress,24,,,Portal,Operations,AGT-10
TKT-02609,2026-04-20 14:31:00,2026-04-21 02:55:00,Access & Accounts,P3 - Medium,Closed,24,12.4,3.0,Phone,Finance,AGT-11
TKT-03721,2026-04-08 15:19:38,2026-04-11 01:01:38,Email & Collaboration,P3 - Medium,Closed,24,57.7,2.0,Portal,Sales,AGT-11
TKT-00708,2026-06-04 13:55:09,2026-06-04 16:13:09,EMAIL & COLLABORATION,P2 - High,Resolved,8,2.3,4.0,Portal,Finance,AGT-03
TKT-04315,2025-08-01 16:31:27,2025-08-02 04:19:27,Software,P3 - Medium,Resolved,24,11.8,5.0,Email,Customer Support,AGT-02
TKT-01094,2025-11-10 11:38:19,2025-11-14 19:02:19,Network,P4 - Low,Resolved,48,103.4,2.0,Portal,IT,AGT-05
TKT-03625,2026-04-20 13:39:25,2026-04-20 21:33:25,Software,P3 - Medium,Closed,24,7.9,,Email,Operations,AGT-01
TKT-01377,2026-04-14 16:35:50,2026-04-15 12:35:50,Network,P4 - Low,Resolved,48,20.0,,Chat,Sales,AGT-04
TKT-04954,2026-08-20 14:18:06,,Email & Collaboration,P4 - Low,In Progress,48,,,Email,R&D,AGT-02
TKT-00073,2026-07-01 11:19:50,2026-07-01 20:43:50,Network,P3 - Medium,Resolved,24,9.4,,Email,Finance,AGT-05
TKT-01923,2026-02-04 15:01:35,2026-02-05 03:25:35,Security,P4 - Low,Closed,48,12.4,4.0,Chat,IT,AGT-08
TKT-03231,2026-01-20 13:40:25,2026-01-20 15:52:25,Network,P2 - High,Closed,8,2.2,4.0,Email,Operations,AGT-06
TKT-01765,2025-09-17 15:43:15,2025-09-18 11:25:15,Email & Collaboration,P4 - Low,Resolved,48,19.7,5.0,Chat,HR,AGT-02
TKT-00744,2025-08-01 11:00:39,2025-08-01 12:42:39,Hardware,P2 - High,Closed,8,1.7,,Email,Sales,AGT-09
TKT-04462,2026-01-11 12:40:59,2026-01-11 13:34:59,Security,P1 - Critical,Resolved,4,0.9,4.0,Chat,Customer Support,AGT-08
TKT-01006,2026-01-02 09:55:58,2026-01-02 17:25:58,Email & Collaboration,P3 - Medium,Closed,24,7.5,4.0,Portal,HR,AGT-11
TKT-02669,2026-03-14 13:40:55,2026-03-14 19:34:55,hardware,P3 - Medium,Resolved,24,5.9,5.0,Email,Operations,AGT-10
TKT-01191,2026-01-23 12:36:22,2026-01-24 02:42:22,Software,P4 - Low,Closed,48,14.1,,Portal,Sales,AGT-01
TKT-03248,2026-06-11 14:50:21,2026-06-13 18:26:21,Hardware,P4 - Low,Closed,48,51.6,2.0,Chat,HR,AGT-09
TKT-02602,2026-04-20 12:30:29,2026-04-20 16:06:29,Network,P3 - Medium,Closed,24,3.6,3.0,Email,R&D,AGT-05
TKT-01126,2026-03-05 13:30:30,2026-03-05 22:18:30,ACCESS & ACCOUNTS,P4 - Low,Resolved,48,8.8,3.0,Phone,HR,AGT-02
TKT-01242,2025-12-04 13:10:46,2025-12-04 17:34:46,Email & Collaboration,P3 - Medium,Closed,24,4.4,4.0,Email,Customer Support,AGT-03
TKT-03968,2025-10-02 18:05:16,2025-10-03 08:53:16,Hardware,P3 - Medium,Closed,24,14.8,,Email,Operations,AGT-09
TKT-04164,2026-01-03 16:24:15,2026-01-05 14:24:15,Network,P3 - Medium,Closed,24,46.0,,,Operations,AGT-06
TKT-04129,2026-06-10 12:27:41,2026-06-10 18:27:41,Software,P3 - Medium,Resolved,24,6.0,5.0,Phone,Customer Support,AGT-03
TKT-00999,2026-08-25 14:31:23,,Access & Accounts,P4 - Low,In Progress,48,,,Portal,Sales,AGT-03
TKT-04893,2026-01-21 10:05:24,2026-01-21 20:17:24,Security,P3 - Medium,Resolved,24,10.2,,Phone,Operations,AGT-08
TKT-02685,2025-11-20 13:03:59,2025-11-20 20:57:59,HARDWARE,P3 - Medium,Closed,24,7.9,4.0,Email,IT,AGT-10
TKT-01578,2026-06-30 14:18:58,2026-07-01 13:48:58,Network,P4 - Low,Closed,48,23.5,5.0,Email,R&D,AGT-12
TKT-04830,2026-07-23 12:49:15,2026-07-27 09:07:15,Security,P4 - Low,Closed,48,92.3,1.0,Email,R&D,AGT-08
TKT-01827,2026-02-19 18:24:07,2026-02-20 00:24:07,ACCESS & ACCOUNTS,P2 - High,Closed,8,6.0,5.0,Email,R&D,AGT-11
TKT-03351,2025-08-14 12:38:46,2025-08-14 20:44:46,Software,P3 - Medium,Resolved,24,8.1,5.0,Email,Sales,AGT-03
TKT-00487,2026-02-03 13:28:59,2026-02-04 07:58:59,Network,P4 - Low,Resolved,48,18.5,4.0,Phone,R&D,AGT-12
TKT-03743,2026-07-02 13:53:39,2026-07-04 22:41:39,Software,P3 - Medium,Closed,24,56.8,3.0,Email,Finance,AGT-11
TKT-00441,2026-07-01 11:12:13,2026-07-05 06:54:13,Software,P4 - Low,Closed,48,91.7,,Portal,Finance,AGT-01
TKT-04992,2026-07-02 17:45:38,2026-07-03 19:03:38,Network,P4 - Low,Resolved,48,25.3,4.0,Portal,Customer Support,AGT-04
TKT-01101,2025-08-04 12:20:20,2025-08-04 15:32:20,Access & Accounts,P2 - High,Closed,8,3.2,5.0,Chat,Finance,AGT-03
TKT-04082,2025-11-17 15:07:09,2025-11-18 08:49:09,Network,P4 - Low,Closed,48,17.7,3.0,Portal,Sales,AGT-06
TKT-03114,2026-04-15 11:50:43,2026-04-17 13:56:43,Software,P3 - Medium,Closed,24,50.1,,Phone,Operations,AGT-02
TKT-00650,2025-08-13 11:26:57,2025-08-13 13:02:57,NETWORK,P1 - Critical,Closed,4,1.6,,Email,Sales,AGT-04
TKT-01547,2025-11-04 11:52:59,2025-11-04 20:04:59,Software,P4 - Low,Resolved,48,8.2,4.0,Email,IT,AGT-03
TKT-04117,2026-03-20 14:27:39,2026-03-20 15:39:39,Access & Accounts,P2 - High,Closed,8,1.2,3.0,Email,Operations,AGT-02
TKT-03623,2026-01-25 16:21:33,2026-01-26 05:39:33,Network,P3 - Medium,Closed,24,13.3,,Portal,Sales,AGT-06
TKT-03221,2025-11-17 11:03:16,2025-11-17 21:15:16,Access & Accounts,P2 - High,Resolved,8,10.2,3.0,Chat,Operations,AGT-11
TKT-03244,2025-11-26 17:59:52,2025-11-27 16:53:52,Software,P4 - Low,Closed,48,22.9,5.0,Phone,Operations,AGT-11
TKT-03807,2026-04-20 10:45:42,2026-04-21 17:27:42,Security,P4 - Low,Resolved,48,30.7,4.0,Email,Finance,AGT-08
TKT-00631,2026-07-29 16:26:08,2026-07-31 00:50:08,Access & Accounts,P3 - Medium,Resolved,24,32.4,2.0,Portal,HR,AGT-02
TKT-00673,2026-08-27 11:52:38,2026-08-27 20:34:38,Access & Accounts,P4 - Low,Closed,48,8.7,5.0,Portal,Finance,AGT-11
TKT-01250,2026-07-31 14:28:01,2026-08-02 22:34:01,Security,P4 - Low,Closed,48,56.1,2.0,Phone,Finance,AGT-08
TKT-00483,2026-03-19 14:13:14,2026-03-19 18:01:14,Hardware,P2 - High,Resolved,8,3.8,3.0,Email,Finance,AGT-10
TKT-01585,2026-03-26 11:09:23,2026-03-26 13:03:23,Email & Collaboration,P2 - High,Resolved,8,1.9,4.0,Email,HR,AGT-02
TKT-03130,2026-08-06 13:03:16,2026-08-08 14:57:16,Hardware,P3 - Medium,Closed,24,49.9,1.0,Portal,Operations,AGT-09
TKT-04665,2026-03-16 17:57:11,2026-03-17 19:21:11,Network,P4 - Low,Resolved,48,25.4,3.0,Phone,R&D,AGT-05
TKT-04316,2026-04-01 10:15:51,2026-04-01 17:09:51,Network,P4 - Low,Resolved,48,6.9,5.0,Email,Finance,AGT-06
TKT-01463,2025-10-12 15:04:11,2025-10-12 21:04:11,Network,P3 - Medium,Closed,24,6.0,3.0,Portal,HR,AGT-06
TKT-03999,2025-12-12 16:14:21,2025-12-12 20:50:21,Access & Accounts,P3 - Medium,Closed,24,4.6,3.0,Chat,Operations,AGT-11
TKT-03687,2025-12-16 10:26:00,2025-12-17 00:38:00,Network,P4 - Low,Resolved,48,14.2,3.0,Portal,Sales,AGT-06
TKT-02579,2025-09-18 13:04:47,2025-09-18 13:52:47,Hardware,P1 - Critical,Closed,4,0.8,,Email,Operations,AGT-10
TKT-03867,2026-03-10 11:38:51,2026-03-10 18:02:51,Network,P4 - Low,Closed,48,6.4,4.0,Email,Customer Support,AGT-12
TKT-00050,2025-09-25 15:58:51,2025-09-26 06:22:51,Email & Collaboration,P3 - Medium,Closed,24,14.4,,Portal,Operations,AGT-02
TKT-04324,2025-08-25 14:45:45,2025-08-25 23:57:45,Software,P2 - High,Resolved,8,9.2,2.0,Portal,IT,AGT-01
TKT-03560,2026-02-18 09:35:20,2026-02-18 12:41:20,Access & Accounts,P3 - Medium,Closed,24,3.1,,Portal,Customer Support,AGT-02
TKT-00859,2025-12-28 14:24:50,2025-12-28 18:54:50,Access & Accounts,P2 - High,Closed,8,4.5,4.0,Phone,IT,AGT-11
TKT-01073,2026-01-22 16:33:43,2026-01-25 01:51:43,Software,P4 - Low,Resolved,48,57.3,2.0,Email,Finance,AGT-01
TKT-00720,2026-08-11 16:14:34,2026-08-11 16:50:34,Access & Accounts,P1 - Critical,Closed,4,0.6,4.0,Portal,R&D,AGT-03
TKT-03215,2025-09-27 09:42:53,2025-09-27 14:54:53,Email & Collaboration,P3 - Medium,Resolved,24,5.2,5.0,Phone,Operations,AGT-01
TKT-02632,2026-02-11 09:01:14,2026-02-12 05:07:14,Security,P4 - Low,Resolved,48,20.1,,Portal,Sales,AGT-07
TKT-04914,2026-08-05 16:05:05,,Security,P3 - Medium,In Progress,24,,,Portal,HR,AGT-08
TKT-01661,2025-10-03 09:01:32,2025-10-03 15:19:32,Network,P3 - Medium,Closed,24,6.3,,,Sales,AGT-06
TKT-01657,2025-10-28 09:10:18,2025-10-28 13:34:18,Software,P2 - High,Closed,8,4.4,,Email,Customer Support,AGT-02
TKT-02426,2026-05-13 11:24:41,2026-05-14 02:12:41,Email & Collaboration,P4 - Low,Resolved,48,14.8,,Email,Sales,AGT-03
TKT-03587,2026-01-01 11:15:33,2026-01-01 14:03:33,Network,P2 - High,Closed,8,2.8,3.0,Chat,R&D,AGT-04
TKT-04263,2025-11-20 11:50:06,2025-11-22 04:14:06,Access & Accounts,P3 - Medium,Resolved,24,40.4,1.0,Portal,Customer Support,AGT-01
TKT-03022,2026-05-19 14:04:17,2026-05-19 21:46:17,Security,P3 - Medium,Resolved,24,7.7,3.0,Email,Sales,AGT-08
TKT-04352,2025-08-28 10:36:31,2025-08-28 14:48:31,Network,P3 - Medium,Resolved,24,4.2,5.0,Portal,HR,AGT-12
TKT-04512,2026-02-19 14:53:22,2026-02-19 21:47:22,Software,P4 - Low,Closed,48,6.9,5.0,Portal,Sales,AGT-03
TKT-03886,2025-08-16 13:08:16,2025-08-18 10:02:16,Access & Accounts,P3 - Medium,Resolved,24,44.9,2.0,Chat,Operations,AGT-02
TKT-04791,2026-02-10 15:19:19,2026-02-11 00:19:19,Network,P4 - Low,Closed,48,9.0,,Email,Sales,AGT-12
TKT-04160,2025-10-21 15:36:02,2025-10-22 04:30:02,Hardware,P4 - Low,Resolved,48,12.9,4.0,Phone,Customer Support,AGT-09
TKT-02607,2026-03-30 08:01:33,2026-03-30 17:31:33,Security,P3 - Medium,Closed,24,9.5,5.0,Email,IT,AGT-07
TKT-01386,2025-08-18 09:14:05,2025-08-18 21:50:05,Software,P3 - Medium,Resolved,24,12.6,3.0,Portal,Customer Support,AGT-03
TKT-03902,2026-06-15 10:36:08,2026-06-15 14:54:08,Software,P2 - High,Resolved,8,4.3,3.0,Email,Operations,AGT-11
TKT-01400,2026-01-04 12:05:16,2026-01-04 14:11:16,Hardware,P2 - High,Resolved,8,2.1,5.0,Phone,Sales,AGT-10
TKT-01196,2025-10-15 11:12:00,2025-10-16 10:48:00,Hardware,P3 - Medium,Resolved,24,23.6,5.0,Portal,Sales,AGT-09
TKT-01409,2026-07-07 13:20:39,2026-07-10 01:14:39,Access & Accounts,P3 - Medium,Resolved,24,59.9,1.0,Portal,Operations,AGT-11
TKT-00706,2026-03-09 08:23:45,2026-03-09 14:29:45,Network,P4 - Low,Closed,48,6.1,3.0,Chat,Customer Support,AGT-06
TKT-01799,2026-03-06 14:49:38,2026-03-06 20:43:38,Software,P2 - High,Resolved,8,5.9,4.0,Portal,Finance,AGT-01
TKT-01476,2026-02-17 14:41:36,2026-02-17 16:35:36,Access & Accounts,P2 - High,Closed,8,1.9,,,Sales,AGT-01
TKT-03275,2026-05-04 11:15:39,2026-05-05 15:51:39,Network,P3 - Medium,Resolved,24,28.6,3.0,Portal,Operations,AGT-05
TKT-00036,2025-10-14 11:24:20,2025-10-14 22:12:20,Network,P3 - Medium,Resolved,24,10.8,5.0,Chat,Operations,AGT-06
TKT-03604,2025-10-27 12:00:19,2025-10-27 15:12:19,Access & Accounts,P3 - Medium,Resolved,24,3.2,5.0,Email,Finance,AGT-02
TKT-02346,2025-08-27 12:03:11,2025-08-27 23:03:11,Software,P4 - Low,Resolved,48,11.0,5.0,Email,R&D,AGT-02
TKT-03407,2026-02-19 17:06:59,2026-02-20 12:12:59,Software,P4 - Low,Closed,48,19.1,4.0,Chat,R&D,AGT-01
TKT-02360,2025-09-29 16:05:00,2025-09-30 01:05:00, Security ,P3 - Medium,Resolved,24,9.0,,Phone,Finance,AGT-07
TKT-02207,2026-05-09 11:36:57,2026-05-10 23:36:57,email & collaboration,P3 - Medium,Closed,24,36.0,1.0,Email,HR,AGT-02
TKT-03833,2026-01-09 11:42:26,2026-01-10 03:12:26,Security,P3 - Medium,Resolved,24,15.5,,Email,Finance,AGT-08
TKT-01287,2026-01-01 09:12:21,2026-01-01 16:42:21,Software,P4 - Low,Resolved,48,7.5,4.0,Email,Sales,AGT-02
TKT-00350,2025-09-08 16:35:03,2025-09-08 19:11:03,Software,P2 - High,Closed,8,2.6,,Email,R&D,AGT-01
TKT-02138,2026-06-01 13:01:02,2026-06-02 05:49:02,Network,P2 - High,Resolved,8,16.8,2.0,Portal,Finance,AGT-04
TKT-02692,2025-12-29 08:54:49,2025-12-30 00:48:49,Network,P3 - Medium,Resolved,24,15.9,3.0,Portal,Customer Support,AGT-04
TKT-03748,2026-07-10 14:07:55,2026-07-10 16:07:55,Software,P2 - High,Resolved,8,2.0,3.0,Email,Sales,AGT-01
TKT-03182,2025-11-10 16:07:18,2025-11-12 15:49:18,Software,P3 - Medium,Closed,24,47.7,2.0,Email,HR,AGT-03
TKT-01682,2026-06-18 12:25:22,2026-06-19 05:43:22,Hardware,P4 - Low,Resolved,48,17.3,5.0,Email,IT,AGT-10
TKT-04093,2026-06-24 13:01:16,2026-06-24 16:07:16,Network,P3 - Medium,Resolved,24,3.1,5.0,Portal,HR,AGT-06
TKT-01444,2025-08-26 11:21:13,2025-08-27 05:33:13,Security,P4 - Low,Resolved,48,18.2,4.0,Email,Finance,AGT-07
TKT-04543,2026-08-24 14:24:19,2026-08-26 15:24:19,Access & Accounts,P3 - Medium,Closed,24,49.0,2.0,Chat,R&D,AGT-11
TKT-01672,2026-04-01 14:55:21,2026-04-01 19:37:21,Email & Collaboration,P3 - Medium,Resolved,24,4.7,4.0,Email,Operations,AGT-02
TKT-03007,2026-03-20 14:46:17,2026-03-20 20:28:17,Email & Collaboration,P4 - Low,Resolved,48,5.7,4.0,Portal,Operations,AGT-03
TKT-01180,2025-10-22 11:19:39,2025-10-23 02:43:39,Email & Collaboration,P4 - Low,Resolved,48,15.4,4.0,Email,Operations,AGT-02
TKT-02799,2026-04-24 11:18:28,2026-04-24 14:48:28,Network,P3 - Medium,Closed,24,3.5,4.0,Portal,Operations,AGT-04
TKT-01693,2025-11-06 10:20:23,2025-11-07 02:20:23,Hardware,P4 - Low,Resolved,48,16.0,5.0,Portal,Operations,AGT-10
TKT-04064,2026-03-19 14:51:38,2026-03-19 22:27:38,Email & Collaboration,P3 - Medium,Closed,24,7.6,5.0,Email,HR,AGT-02
TKT-00373,2025-12-22 14:30:04,2025-12-23 02:00:04,Email & Collaboration,P3 - Medium,Resolved,24,11.5,5.0,Phone,Finance,AGT-02
TKT-04031,2026-02-17 11:55:56,2026-02-17 13:31:56,Access & Accounts,P3 - Medium,Resolved,24,1.6,5.0,Email,Sales,AGT-02
TKT-01917,2026-04-16 10:34:34,2026-04-16 17:52:34,Software,P3 - Medium,Closed,24,7.3,4.0,Email,HR,AGT-02
TKT-01358,2026-01-29 11:45:02,2026-01-29 21:51:02,Software,P3 - Medium,Resolved,24,10.1,5.0,Email,IT,AGT-11
TKT-01826,2025-08-29 11:36:56,2025-08-30 00:00:56,Hardware,P2 - High,Closed,8,12.4,2.0,Phone,IT,AGT-10
TKT-00787,2026-06-16 14:16:36,2026-06-16 19:10:36,Email & Collaboration,P3 - Medium,Closed,24,4.9,5.0,Email,Customer Support,AGT-03
TKT-00470,2026-02-17 14:57:50,2026-02-17 17:39:50,Network,P2 - High,Closed,8,2.7,5.0,Email,R&D,AGT-04
TKT-00141,2026-02-08 17:19:18,2026-02-09 08:19:18,Hardware,P3 - Medium,Resolved,24,15.0,4.0,Phone,Sales,AGT-09
TKT-00789,2026-06-10 12:56:45,2026-06-11 16:38:45,Hardware,P4 - Low,Resolved,48,27.7,,Chat,R&D,AGT-10
TKT-00324,2026-02-26 13:49:04,2026-02-26 16:25:04,Network,P3 - Medium,Resolved,24,2.6,4.0,Email,Finance,AGT-05
TKT-00051,2025-10-18 13:49:17,2025-10-18 19:07:17,Security,P3 - Medium,Closed,24,5.3,,Portal,IT,AGT-07
TKT-00715,2026-06-05 12:55:08,2026-06-05 23:25:08,Hardware,P4 - Low,Closed,48,10.5,,Email,Operations,AGT-09
TKT-04524,2026-07-01 18:43:56,2026-07-02 06:31:56,Hardware,P4 - Low,Resolved,48,11.8,4.0,Portal,IT,AGT-09
TKT-02841,2026-06-05 13:27:49,2026-06-06 00:15:49,Network,P3 - Medium,Closed,24,10.8,5.0,Portal,R&D,AGT-06
TKT-02447,2025-08-20 08:40:53,2025-08-20 16:58:53,Software,P3 - Medium,Closed,24,8.3,4.0,Email,Sales,AGT-01
TKT-04853,2026-06-12 11:36:01,2026-06-12 15:42:01,Software,P2 - High,Closed,8,4.1,3.0,Portal,IT,AGT-02
TKT-04454,2026-04-16 12:32:26,2026-04-16 14:56:26,Network,P2 - High,Closed,8,2.4,4.0,Email,Finance,AGT-06
TKT-04632,2026-01-23 11:43:04,2026-01-24 02:37:04,Email & Collaboration,P4 - Low,Closed,48,14.9,4.0,Email,Sales,AGT-01
TKT-04604,2026-04-14 15:08:57,2026-04-14 19:08:57,Hardware,P3 - Medium,Closed,24,4.0,,Email,Operations,AGT-09
TKT-02667,2026-07-17 13:36:00,2026-07-17 17:24:00,Software,P3 - Medium,Closed,24,3.8,4.0,Portal,Operations,AGT-01
TKT-00407,2025-11-20 14:30:42,2025-11-21 00:06:42,Network,P3 - Medium,Resolved,24,9.6,4.0,Email,R&D,AGT-06
TKT-04424,2025-10-29 15:57:12,,Email & Collaboration,P3 - Medium,In Progress,24,,,Portal,R&D,AGT-01
TKT-01005,2026-04-06 08:34:31,2026-04-07 02:28:31,Network,P4 - Low,Resolved,48,17.9,,Portal,Operations,AGT-06
TKT-04653,2025-09-19 17:32:28,2025-09-19 20:32:28,Hardware,P2 - High,Resolved,8,3.0,,Email,Customer Support,AGT-09
TKT-00891,2025-12-12 12:04:23,2025-12-13 14:58:23,Software,P3 - Medium,Resolved,24,26.9,1.0,Portal,Customer Support,AGT-02
TKT-02412,2026-08-18 13:41:26,2026-08-19 03:59:26,Email & Collaboration,P4 - Low,Closed,48,14.3,5.0,Email,HR,AGT-02
TKT-02546,2025-12-26 14:47:06,,Network,P4 - Low,In Progress,48,,,Portal,Customer Support,AGT-05
TKT-03497,2026-05-08 16:40:21,2026-05-08 22:46:21,Network,P3 - Medium,Closed,24,6.1,5.0,Email,Operations,AGT-06
TKT-02391,2026-03-20 11:45:31,,Hardware,P3 - Medium,In Progress,24,,,Phone,R&D,AGT-10
TKT-04010,2026-03-30 12:23:12,2026-03-31 01:05:12,Access & Accounts,P4 - Low,Resolved,48,12.7,4.0,Phone,Operations,AGT-03
TKT-00043,2026-05-02 17:04:24,2026-05-06 09:40:24,Network,P4 - Low,Closed,48,88.6,1.0,Email,Operations,AGT-04
TKT-02831,2025-10-27 10:20:42,2025-10-27 19:44:42,Access & Accounts,P4 - Low,Resolved,48,9.4,3.0,Portal,Customer Support,AGT-01
TKT-04691,2026-02-02 13:48:25,2026-02-06 21:36:25,Access & Accounts,P4 - Low,Closed,48,103.8,,Portal,Finance,AGT-11
TKT-00304,2026-02-18 09:28:35,2026-02-18 15:40:35,Network,P4 - Low,Closed,48,6.2,,Portal,Finance,AGT-05
TKT-04652,2026-06-11 14:35:16,2026-06-11 22:59:16, Software ,P4 - Low,Closed,48,8.4,5.0,Email,Customer Support,AGT-11
TKT-04307,2026-03-05 13:17:41,2026-03-05 17:23:41,NETWORK,P3 - Medium,Resolved,24,4.1,4.0,Email,Operations,AGT-06
TKT-00665,2025-12-12 12:04:14,2025-12-12 21:34:14,Network,P4 - Low,Closed,48,9.5,4.0,Phone,Customer Support,AGT-12
TKT-01178,2025-12-23 13:53:23,2025-12-25 18:23:23,Access & Accounts,P4 - Low,Closed,48,52.5,4.0,Chat,Sales,AGT-03
TKT-02677,2026-02-02 13:51:44,2026-02-03 04:51:44,Security,P3 - Medium,Closed,24,15.0,,Portal,Customer Support,AGT-07
TKT-01948,2026-07-31 12:31:07,2026-07-31 20:43:07,Software,P3 - Medium,Resolved,24,8.2,4.0,Phone,Operations,AGT-11
TKT-02502,2026-04-26 11:28:02,2026-04-26 23:16:02,Email & Collaboration,P3 - Medium,Closed,24,11.8,,Chat,Finance,AGT-02
TKT-01474,2026-02-12 17:00:24,2026-02-15 03:54:24, Email & Collaboration ,P3 - Medium,Resolved,24,58.9,3.0,Portal,Sales,AGT-01
TKT-03546,2026-02-02 13:47:14,2026-02-06 06:11:14,Access & Accounts,P3 - Medium,Closed,24,88.4,,Chat,Operations,AGT-03
TKT-04856,2026-08-07 10:52:36,2026-08-08 01:04:36,Network,P4 - Low,Closed,48,14.2,4.0,Chat,R&D,AGT-12
TKT-02133,2026-08-25 10:10:42,2026-08-25 17:40:42,EMAIL & COLLABORATION,P3 - Medium,Closed,24,7.5,4.0,Email,R&D,AGT-11
TKT-01027,2026-08-07 12:59:25,2026-08-08 02:05:25,Security,P4 - Low,Closed,48,13.1,4.0,Chat,Operations,AGT-07
TKT-02990,2026-03-27 13:54:34,2026-03-29 09:06:34,security,P3 - Medium,Closed,24,43.2,1.0,Phone,R&D,AGT-07
TKT-00962,2026-01-19 12:27:30,2026-01-19 17:39:30,Hardware ,P3 - Medium,Closed,24,5.2,5.0,Email,Customer Support,AGT-09
TKT-02890,2025-09-19 15:12:29,,Software,P3 - Medium,In Progress,24,,,Chat,Sales,AGT-01
TKT-03983,2026-03-17 13:39:43,2026-03-17 18:39:43,Network,P3 - Medium,Closed,24,5.0,,Portal,Sales,AGT-12
TKT-02010,2026-04-28 14:52:48,2026-04-29 17:16:48,Software,P4 - Low,Closed,48,26.4,4.0,Portal,R&D,AGT-01
TKT-02150,2025-09-07 14:30:05,2025-09-08 00:18:05,Network,P4 - Low,Closed,48,9.8,,Portal,Operations,AGT-06
TKT-03383,2026-07-29 17:31:04,2026-07-29 22:37:04,software,P3 - Medium,Resolved,24,5.1,5.0,Email,Operations,AGT-01
TKT-02339,2026-03-11 13:14:42,2026-03-11 16:32:42, Access & Accounts ,P3 - Medium,Closed,24,3.3,4.0,Portal,Operations,AGT-02
TKT-03958,2026-08-07 10:12:56,2026-08-09 00:48:56,NetWork,P3 - Medium,Closed,24,38.6,2.0,Chat,Sales,AGT-04
TKT-00305,2026-07-03 12:17:42,2026-07-04 02:35:42,Network,P4 - Low,Closed,48,14.3,4.0,Phone,Finance,AGT-04
TKT-01441,2025-11-02 11:27:01,2025-11-02 14:27:01,Software,P1 - Critical,Closed,4,3.0,,Portal,HR,AGT-02
TKT-01497,2026-07-02 10:20:51,2026-07-02 18:02:51,Access & Accounts,P3 - Medium,Closed,24,7.7,5.0,Email,Customer Support,AGT-02
TKT-02653,2026-06-16 16:26:36,2026-06-17 01:44:36,Network,P3 - Medium,Resolved,24,9.3,5.0,Phone,Operations,AGT-05
TKT-02876,2025-10-24 11:14:15,2025-10-25 06:14:15,Network,P4 - Low,Resolved,48,19.0,4.0,Email,Operations,AGT-12
TKT-00917,2025-08-29 11:47:58,2025-08-30 07:35:58,Security,P4 - Low,Closed,48,19.8,5.0,Email,Operations,AGT-07
TKT-04216,2025-10-13 17:49:26,2025-10-13 19:07:26,Email & Collaboration,P1 - Critical,Closed,4,1.3,,Email,R&D,AGT-01
TKT-03787,2026-08-12 14:06:14,2026-08-13 02:18:14,access & accounts,P3 - Medium,Closed,24,12.2,4.0,Portal,Finance,AGT-01
TKT-02773,2026-07-15 11:49:50,2026-07-16 01:19:50,Access & Accounts,P3 - Medium,Closed,24,13.5,4.0,Portal,IT,AGT-02
TKT-01625,2026-01-02 12:02:03,2026-01-02 18:08:03,Network,P4 - Low,Closed,48,6.1,4.0,Portal,IT,AGT-04
TKT-03904,2026-02-25 17:13:55,2026-02-26 04:25:55,Security,P4 - Low,Resolved,48,11.2,4.0,Email,Sales,AGT-07
TKT-00822,2026-03-23 11:44:20,2026-03-23 12:56:20,Software,P2 - High,Closed,8,1.2,5.0,Chat,Sales,AGT-02
TKT-03913,2026-07-07 14:59:50,2026-07-11 16:17:50,Email & Collaboration,P4 - Low,Resolved,48,97.3,3.0,Portal,IT,AGT-01
TKT-01355,2026-07-09 12:20:39,2026-07-09 13:14:39, Access & Accounts ,P1 - Critical,Resolved,4,0.9,5.0,Chat,Sales,AGT-01
TKT-04533,2026-04-14 12:17:35,2026-04-16 14:47:35,Hardware,P3 - Medium,Closed,24,50.5,1.0,Email,Sales,AGT-10
TKT-00851,2025-10-09 11:17:37,2025-10-09 18:05:37,Software,P3 - Medium,Closed,24,6.8,4.0,Portal,Finance,AGT-01
TKT-01001,2025-08-26 14:05:54,2025-08-26 18:05:54,Access & Accounts,P3 - Medium,Resolved,24,4.0,,Portal,IT,AGT-03
TKT-03438,2025-12-05 13:30:22,2025-12-06 16:48:22,Email & Collaboration,P3 - Medium,Resolved,24,27.3,2.0,Email,Finance,AGT-02
TKT-00019,2026-06-22 16:46:11,2026-06-23 02:10:11,Network,P4 - Low,Closed,48,9.4,5.0,Portal,HR,AGT-06
TKT-01638,2026-07-29 11:39:22,2026-07-31 23:39:22,SECURITY,P4 - Low,Resolved,48,60.0,2.0,Chat,Customer Support,AGT-08
TKT-01668,2025-10-29 11:17:41,2025-10-30 03:35:41,Access & Accounts,P4 - Low,Resolved,48,16.3,5.0,Chat,R&D,AGT-02
TKT-00494,2025-12-03 09:24:22,2025-12-05 23:12:22,SOFTWARE,P4 - Low,Closed,48,61.8,2.0,Chat,IT,AGT-03
TKT-01348,2025-12-24 11:17:35,2025-12-29 09:17:35,Security,P4 - Low,Resolved,48,118.0,,Portal,HR,AGT-08
TKT-03019,2025-12-08 13:26:27,2025-12-08 20:14:27,access & accounts,P3 - Medium,Closed,24,6.8,4.0,Phone,Finance,AGT-11
TKT-03793,2025-08-11 14:05:19,2025-08-11 21:17:19,Access & Accounts,P3 - Medium,Resolved,24,7.2,4.0,Chat,Sales,AGT-01
TKT-03314,2026-03-31 11:56:58,2026-03-31 20:14:58,Network,P3 - Medium,Closed,24,8.3,5.0,Email,R&D,AGT-06
TKT-03680,2025-08-21 16:18:59,2025-08-21 21:36:59,Access & Accounts,P3 - Medium,Closed,24,5.3,,Portal,IT,AGT-01
TKT-03544,2025-10-28 14:42:09,2025-10-29 06:18:09,Hardware,P4 - Low,Closed,48,15.6,4.0,Portal,Customer Support,AGT-09
TKT-00688,2026-08-12 11:38:12,,Software,P3 - Medium,In Progress,24,,,Portal,Customer Support,AGT-02
TKT-03797,2026-04-13 15:48:21,2026-04-15 07:54:21,Network,P3 - Medium,Closed,24,40.1,2.0,Portal,Operations,AGT-05
TKT-01609,2026-01-16 16:09:34,2026-01-18 11:51:34,Network,P3 - Medium,Closed,24,43.7,2.0,Phone,Sales,AGT-05
TKT-04125,2026-08-26 16:33:08,2026-08-29 22:15:08,Network,P4 - Low,Closed,48,77.7,1.0,Portal,Sales,AGT-04
TKT-04050,2026-05-08 15:12:22,2026-05-08 23:24:22,Hardware,P3 - Medium,Resolved,24,8.2,5.0,Email,Operations,AGT-09
TKT-01010,2026-01-29 09:02:33,2026-01-29 15:14:33,Access & Accounts,P4 - Low,Resolved,48,6.2,,Phone,R&D,AGT-02
TKT-02409,2025-12-09 09:46:00,2025-12-10 01:52:00,Email & Collaboration,P3 - Medium,Closed,24,16.1,5.0,Phone,IT,AGT-11
TKT-01093,2025-11-22 09:02:24,2025-11-22 21:08:24,Network,P3 - Medium,Resolved,24,12.1,4.0,Portal,Customer Support,AGT-04
TKT-01328,2026-03-11 11:12:45,2026-03-12 02:18:45,Access & Accounts,P4 - Low,Closed,48,15.1,4.0,Chat,Sales,AGT-02
TKT-01678,2026-01-21 13:38:47,2026-01-21 16:08:47,Software,P2 - High,Closed,8,2.5,5.0,Portal,R&D,AGT-03
TKT-02000,2026-02-20 17:47:38,2026-02-20 23:11:38,Hardware,P3 - Medium,Closed,24,5.4,4.0,Portal,Customer Support,AGT-09
TKT-01311,2026-01-01 11:19:44,,Access & Accounts,P4 - Low,In Progress,48,,,Portal,Sales,AGT-02
TKT-03317,2026-05-18 11:46:08,2026-05-18 15:40:08,Network,P3 - Medium,Resolved,24,3.9,5.0,Chat,Operations,AGT-06
TKT-01988,2026-04-29 11:45:04,2026-04-30 02:33:04,Software,P2 - High,Resolved,8,14.8,2.0,Email,R&D,AGT-11
TKT-04258,2026-01-30 11:07:51,2026-02-03 16:49:51,Hardware,P4 - Low,Closed,48,101.7,2.0,Email,R&D,AGT-09
TKT-00345,2026-06-04 15:06:53,2026-06-04 20:18:53,Hardware,P4 - Low,Closed,48,5.2,4.0,Portal,Sales,AGT-10
TKT-04220,2026-04-27 11:40:07,2026-04-27 22:52:07, Software ,P3 - Medium,Closed,24,11.2,,Email,Customer Support,AGT-02
TKT-00987,2025-12-12 11:50:57,2025-12-12 22:20:57,Access & Accounts,P4 - Low,Resolved,48,10.5,5.0,,Sales,AGT-02
TKT-03919,2026-04-16 17:38:17,2026-04-17 06:26:17,Network,P3 - Medium,Closed,24,12.8,5.0,Portal,R&D,AGT-06
TKT-03873,2025-09-14 15:48:04,2025-09-15 05:12:04,Access & Accounts,P4 - Low,Closed,48,13.4,5.0,Email,Customer Support,AGT-01
TKT-04347,2026-05-28 10:33:13,2026-05-28 14:09:13,Access & Accounts,P3 - Medium,Closed,24,3.6,4.0,Portal,Sales,AGT-03
TKT-04074,2025-10-08 17:09:09,2025-10-09 16:15:09,Email & Collaboration,P4 - Low,Closed,48,23.1,,Portal,Finance,AGT-03
TKT-04596,2026-08-19 09:09:47,2026-08-19 16:39:47,Security,P3 - Medium,Closed,24,7.5,4.0,Phone,Operations,AGT-07
TKT-03085,2026-05-26 14:25:47,2026-05-26 16:37:47, Email & Collaboration ,P2 - High,Resolved,8,2.2,4.0,Email,Customer Support,AGT-01
TKT-01143,2026-06-23 17:10:54,2026-06-25 00:28:54,Network,P4 - Low,Closed,48,31.3,4.0,Email,Finance,AGT-04
TKT-02359,2026-08-24 11:38:05,2026-08-24 18:50:05,Access & Accounts,P3 - Medium,Resolved,24,7.2,4.0,Email,HR,AGT-03
TKT-01199,2025-11-22 12:38:19,2025-11-22 18:32:19,Network,P3 - Medium,Resolved,24,5.9,4.0,Phone,R&D,AGT-05
TKT-00086,2025-09-05 14:50:37,2025-09-05 20:44:37,Security,P3 - Medium,Resolved,24,5.9,4.0,Email,R&D,AGT-08
TKT-01519,2025-10-01 12:02:29,2025-10-01 15:02:29,Hardware,P3 - Medium,Closed,24,3.0,5.0,Portal,Customer Support,AGT-09
TKT-00517,2025-12-02 10:16:01,2025-12-02 13:34:01,Hardware,P2 - High,Resolved,8,3.3,,Portal,Customer Support,AGT-10
TKT-01382,2025-08-15 11:40:16,2025-08-15 21:10:16,Software,P3 - Medium,Resolved,24,9.5,4.0,Chat,IT,AGT-01
TKT-02717,2026-02-13 11:11:29,2026-02-13 22:41:29,Hardware,P3 - Medium,Closed,24,11.5,4.0,Chat,Customer Support,AGT-10
TKT-03140,2025-12-26 12:51:18,2025-12-26 14:27:18,Software,P2 - High,Resolved,8,1.6,4.0,Phone,R&D,AGT-03
TKT-01015,2025-12-13 13:59:53,2025-12-14 00:35:53,Hardware,P4 - Low,Closed,48,10.6,,,Sales,AGT-09
TKT-00129,2025-09-10 13:21:25,2025-09-10 14:15:25,Network,P1 - Critical,Closed,4,0.9,4.0,Phone,Operations,AGT-04
TKT-01365,2026-01-29 13:21:09,2026-01-31 23:45:09,Software,P3 - Medium,Closed,24,58.4,1.0,Portal,Operations,AGT-01
TKT-03689,2026-03-31 10:33:52,2026-03-31 23:57:52,Hardware,P4 - Low,Resolved,48,13.4,,Portal,Finance,AGT-10
TKT-03938,2026-04-13 12:23:23,2026-04-13 15:05:23,Security,P3 - Medium,Closed,24,2.7,5.0,Portal,R&D,AGT-08
TKT-00892,2026-08-11 14:17:03,2026-08-11 19:41:03,Access & Accounts,P3 - Medium,Closed,24,5.4,,,IT,AGT-01
TKT-02794,2026-08-24 13:07:58,2026-08-25 01:07:58,NETWORK,P3 - Medium,Resolved,24,12.0,,Phone,Operations,AGT-05
TKT-04242,2026-06-22 11:55:08,2026-06-22 14:49:08,Security,P2 - High,Closed,8,2.9,5.0,Portal,Customer Support,AGT-07
TKT-01360,2025-10-03 15:27:26,2025-10-03 20:09:26,Email & Collaboration,P2 - High,Resolved,8,4.7,3.0,Email,R&D,AGT-01
TKT-00308,2026-04-09 14:52:13,2026-04-10 05:16:13,Security,P3 - Medium,Closed,24,14.4,5.0,Portal,Operations,AGT-08
TKT-01662,2026-04-08 09:46:56,2026-04-13 07:46:56,Email & Collaboration,P4 - Low,Resolved,48,118.0,2.0,Chat,IT,AGT-01
TKT-02432,2026-05-10 09:25:55,2026-05-11 05:13:55,Network,P4 - Low,Closed,48,19.8,5.0,Email,Operations,AGT-12
TKT-04004,2025-11-04 13:13:25,2025-11-04 16:13:25,Software,P2 - High,Resolved,8,3.0,,Portal,Finance,AGT-01
TKT-01318,2025-08-12 10:42:00,2025-08-12 16:00:00,Hardware,P3 - Medium,Closed,24,5.3,4.0,Email,IT,AGT-09
TKT-04338,2025-08-11 13:52:59,2025-08-11 18:22:59,Email & Collaboration,P3 - Medium,Closed,24,4.5,,Email,Sales,AGT-03
TKT-02475,2025-12-23 14:11:32,2025-12-24 04:17:32,Hardware,P4 - Low,Closed,48,14.1,,Portal,Sales,AGT-10
TKT-02543,2025-12-12 14:30:48,2025-12-12 21:00:48,SOFTWARE,P3 - Medium,Resolved,24,6.5,5.0,Email,Operations,AGT-01
TKT-01247,2026-03-28 15:05:06,2026-03-30 17:41:06,Hardware,P4 - Low,Closed,48,50.6,2.0,Portal,IT,AGT-10
TKT-01209,2025-11-11 11:06:52,2025-11-11 23:06:52,Access & Accounts,P4 - Low,Closed,48,12.0,5.0,Email,Sales,AGT-01
TKT-00217,2025-09-22 14:19:25,2025-09-26 19:55:25,Software,P4 - Low,Closed,48,101.6,,,Operations,AGT-02
TKT-04327,2025-08-25 10:05:22,2025-08-25 16:53:22,Email & Collaboration,P2 - High,Closed,8,6.8,,Portal,Customer Support,AGT-01
TKT-04479,2026-06-22 11:13:23,2026-06-23 18:37:23,Network,P4 - Low,Closed,48,31.4,4.0,Portal,HR,AGT-05
TKT-01240,2025-09-23 12:21:54,2025-09-24 02:03:54,Email & Collaboration,P4 - Low,Resolved,48,13.7,,Phone,Operations,AGT-01
TKT-02290,2025-11-24 10:36:04,2025-11-25 05:18:04,Hardware,P4 - Low,Resolved,48,18.7,5.0,Chat,Finance,AGT-10
TKT-02741,2025-09-06 17:15:03,2025-09-06 22:03:03,Network,P3 - Medium,Closed,24,4.8,3.0,Email,Sales,AGT-05
TKT-00276,2026-01-02 11:58:03,2026-01-02 14:10:03,Email & Collaboration,P2 - High,Closed,8,2.2,3.0,Portal,R&D,AGT-01
TKT-00490,2026-03-11 10:00:39,2026-03-11 15:24:39,Email & Collaboration,P3 - Medium,Closed,24,5.4,,Phone,Operations,AGT-01
TKT-01036,2026-04-12 14:46:13,2026-04-12 16:22:13,Security,P2 - High,Closed,8,1.6,,Email,Finance,AGT-08
TKT-01230,2025-08-25 10:21:39,2025-08-25 15:39:39,Email & Collaboration,P3 - Medium,Resolved,24,5.3,4.0,Portal,Customer Support,AGT-02
TKT-04621,2025-10-24 09:12:04,2025-10-24 11:00:04,Access & Accounts,P3 - Medium,Resolved,24,1.8,4.0,Portal,HR,AGT-11
TKT-01009,2026-05-13 12:31:01,2026-05-13 17:31:01,Hardware,P3 - Medium,Closed,24,5.0,3.0,Chat,Operations,AGT-10
TKT-04896,2026-02-05 15:08:46,2026-02-05 22:44:46,Security,P3 - Medium,Resolved,24,7.6,4.0,Portal,IT,AGT-08
TKT-04941,2026-07-03 08:19:45,2026-07-04 08:37:45,Email & Collaboration,P4 - Low,Closed,48,24.3,,Portal,Finance,AGT-01
TKT-03826,2026-03-03 10:39:45,2026-03-03 13:21:45,Hardware,P3 - Medium,Closed,24,2.7,4.0,Phone,Operations,AGT-10
TKT-02533,2026-04-29 13:38:55,2026-04-30 03:32:55,Network,P4 - Low,Resolved,48,13.9,,Email,Operations,AGT-04
TKT-04354,2025-08-21 09:33:27,2025-08-21 17:03:27,Network,P3 - Medium,Closed,24,7.5,4.0,Phone,Customer Support,AGT-04
TKT-01059,2026-03-02 12:26:41,2026-03-02 22:50:41,Access & Accounts,P4 - Low,Closed,48,10.4,4.0,Email,Customer Support,AGT-03
TKT-02167,2026-07-17 12:01:36,2026-07-17 19:13:36,Network,P3 - Medium,Closed,24,7.2,5.0,Email,Sales,AGT-05
TKT-04581,2026-04-23 13:30:37,2026-04-23 20:18:37,Network,P3 - Medium,Resolved,24,6.8,5.0,Email,HR,AGT-06
TKT-03434,2025-11-06 12:44:47,2025-11-06 19:44:47,Hardware,P3 - Medium,Closed,24,7.0,4.0,Phone,Customer Support,AGT-10
TKT-00282,2025-10-10 10:16:10,,Network,P3 - Medium,In Progress,24,,,Portal,Customer Support,AGT-05
TKT-03629,2026-04-09 14:50:00,2026-04-09 18:14:00,Network,P3 - Medium,Closed,24,3.4,4.0,Phone,IT,AGT-05
TKT-01317,2026-03-10 16:37:34,2026-03-12 02:01:34,Access & Accounts,P3 - Medium,Closed,24,33.4,2.0,Portal,R&D,AGT-11
TKT-01745,2026-05-06 15:06:42,2026-05-06 21:00:42,Network,P3 - Medium,Resolved,24,5.9,4.0,Portal,Operations,AGT-04
TKT-00969,2026-03-06 16:52:33,2026-03-07 05:58:33,NETWORK,P3 - Medium,Resolved,24,13.1,5.0,Phone,IT,AGT-06
TKT-03183,2026-02-10 14:40:55,2026-02-11 11:46:55,Hardware,P3 - Medium,Resolved,24,21.1,5.0,Email,IT,AGT-09
TKT-03990,2026-08-26 10:07:48,2026-08-27 04:49:48,Network,P4 - Low,Closed,48,18.7,3.0,Portal,R&D,AGT-06
TKT-04178,2026-08-22 15:10:33,2026-08-23 00:40:33,Network,P3 - Medium,Closed,24,9.5,5.0,Email,Operations,AGT-05
TKT-04882,2026-03-23 13:21:13,2026-03-23 18:57:13,Software,P4 - Low,Resolved,48,5.6,4.0,Portal,Finance,AGT-03
TKT-00620,2025-08-18 15:29:33,2025-08-18 18:05:33,Software,P3 - Medium,Closed,24,2.6,5.0,Email,IT,AGT-02
TKT-03293,2026-03-16 16:09:58,2026-03-17 04:15:58,Email & Collaboration,P4 - Low,Resolved,48,12.1,,Phone,Operations,AGT-01
TKT-01743,2025-08-12 15:41:50,2025-08-12 16:23:50, Email & Collaboration ,P1 - Critical,Closed,4,0.7,,Email,Finance,AGT-01
TKT-01391,2026-08-03 15:12:17,2026-08-03 20:36:17,Security,P3 - Medium,Resolved,24,5.4,5.0,Portal,Customer Support,AGT-07
TKT-04111,2025-12-05 13:52:40,2025-12-05 21:58:40,Network,P3 - Medium,Closed,24,8.1,5.0,Email,Customer Support,AGT-04
TKT-01848,2026-04-09 15:34:29,2026-04-09 16:58:29,Network,P2 - High,Closed,8,1.4,,Portal,Customer Support,AGT-12
TKT-01580,2026-07-09 11:15:20,2026-07-09 12:51:20,Network,P2 - High,Closed,8,1.6,5.0,Email,R&D,AGT-05
TKT-01656,2026-01-06 16:17:18,2026-01-07 00:11:18,ACCESS & ACCOUNTS,P3 - Medium,Resolved,24,7.9,4.0,Email,Operations,AGT-03
TKT-02353,2025-10-31 11:19:07,2025-11-01 00:43:07,Hardware,P3 - Medium,Resolved,24,13.4,5.0,Chat,HR,AGT-09
TKT-02213,2026-07-09 13:57:46,2026-07-09 15:45:46,Hardware,P2 - High,Closed,8,1.8,4.0,Portal,Sales,AGT-10
TKT-02021,2026-04-14 10:12:08,2026-04-14 12:36:08,Access & Accounts,P1 - Critical,Closed,4,2.4,,Portal,Sales,AGT-01
TKT-00916,2026-08-10 13:34:37,2026-08-10 19:46:37,Network,P3 - Medium,Closed,24,6.2,4.0,Portal,Finance,AGT-05
TKT-01957,2026-03-05 14:44:24,2026-03-05 18:56:24,Network,P3 - Medium,Resolved,24,4.2,,Email,R&D,AGT-05
TKT-01308,2026-04-21 12:52:48,2026-04-22 21:46:48,Software,P3 - Medium,Resolved,24,32.9,3.0,Email,R&D,AGT-02
TKT-02004,2026-04-14 10:52:32,2026-04-14 11:10:32,Email & Collaboration,P1 - Critical,Closed,4,0.3,4.0,Chat,IT,AGT-11
TKT-04491,2026-02-23 13:09:16,2026-02-23 19:03:16,Software,P3 - Medium,Resolved,24,5.9,4.0,Email,Operations,AGT-03
TKT-00576,2026-02-16 15:17:43,2026-02-16 16:11:43,Software,P1 - Critical,Closed,4,0.9,4.0,Portal,HR,AGT-03
TKT-02361,2026-06-23 14:50:59,2026-06-24 01:50:59,Email & Collaboration,P3 - Medium,Closed,24,11.0,5.0,Chat,Operations,AGT-11
TKT-04236,2025-10-07 14:49:43,2025-10-07 23:55:43,Network,P3 - Medium,Closed,24,9.1,5.0,Phone,HR,AGT-05
TKT-04472,2025-11-18 14:31:12,2025-11-19 17:25:12,Access & Accounts,P4 - Low,Resolved,48,26.9,4.0,Email,HR,AGT-01
TKT-01707,2025-09-07 14:38:17,2025-09-07 18:32:17,Software,P3 - Medium,Resolved,24,3.9,4.0,Portal,Sales,AGT-03
TKT-03808,2026-04-05 10:57:47,2026-04-07 17:33:47,Network,P3 - Medium,Resolved,24,54.6,1.0,Portal,R&D,AGT-04
TKT-03533,2026-02-03 11:12:26,2026-02-03 22:42:26,Network,P3 - Medium,Closed,24,11.5,4.0,Email,IT,AGT-04
TKT-01281,2025-12-19 16:04:17,2025-12-20 00:04:17,Email & Collaboration,P3 - Medium,Closed,24,8.0,,Portal,Customer Support,AGT-02
TKT-00862,2026-05-14 12:04:07,2026-05-15 00:10:07,Email & Collaboration,P4 - Low,Resolved,48,12.1,4.0,Phone,R&D,AGT-03
TKT-04430,2025-08-13 13:12:51,2025-08-14 01:06:51,Email & Collaboration,P4 - Low,Closed,48,11.9,4.0,Email,IT,AGT-02
TKT-01802,2026-04-02 11:21:59,2026-04-03 00:09:59,Software,P4 - Low,Closed,48,12.8,5.0,Portal,IT,AGT-02
TKT-01629,2025-10-16 15:36:14,2025-10-16 20:48:14,Network,P3 - Medium,Closed,24,5.2,5.0,Email,Finance,AGT-05
TKT-01994,2025-08-28 11:54:58,2025-08-28 13:42:58,Access & Accounts,P1 - Critical,Resolved,4,1.8,4.0,Portal,Customer Support,AGT-11
TKT-02640,2025-10-17 09:49:59,2025-10-20 05:37:59,Security,P4 - Low,Closed,48,67.8,1.0,Chat,Customer Support,AGT-08
TKT-00270,2025-08-08 12:44:00,2025-08-08 22:44:00,Network,P3 - Medium,Resolved,24,10.0,5.0,Portal,Operations,AGT-04
TKT-00630,2026-06-11 12:42:14,2026-06-14 06:54:14,Software,P4 - Low,Resolved,48,66.2,,Portal,Operations,AGT-11
TKT-03082,2025-09-15 11:48:55,,Hardware,P3 - Medium,In Progress,24,,,Email,Operations,AGT-09
TKT-02335,2026-01-15 17:48:52,2026-01-16 02:42:52,NETWORK,P3 - Medium,Closed,24,8.9,,Portal,Customer Support,AGT-04
TKT-02967,2025-12-04 14:06:30,2025-12-05 16:00:30,Email & Collaboration,P3 - Medium,Closed,24,25.9,1.0,Phone,HR,AGT-11
TKT-00301,2026-06-02 13:24:04,2026-06-02 17:30:04,Network,P4 - Low,Closed,48,4.1,4.0,Chat,Operations,AGT-06
TKT-00460,2026-04-08 16:14:17,2026-04-09 00:56:17,Software,P4 - Low,Closed,48,8.7,4.0,Email,Customer Support,AGT-01
TKT-01448,2026-02-27 12:47:39,2026-02-27 22:11:39,NETWORK,P3 - Medium,Closed,24,9.4,4.0,Email,Operations,AGT-05
TKT-01473,2025-09-12 13:08:15,2025-09-14 13:50:15,Network,P4 - Low,Closed,48,48.7,,Email,IT,AGT-06
TKT-02047,2026-01-22 10:57:13,2026-01-23 03:45:13,Network,P3 - Medium,Resolved,24,16.8,5.0,Email,Sales,AGT-06
TKT-04397,2025-10-10 11:16:38,2025-10-11 05:52:38,Software,P3 - Medium,Resolved,24,18.6,,Portal,Customer Support,AGT-02
TKT-03830,2026-04-02 17:23:13,2026-04-02 18:23:13,Software,P1 - Critical,Closed,4,1.0,4.0,Email,HR,AGT-02
TKT-02114,2026-03-30 18:00:46,2026-03-30 23:42:46,Access & Accounts,P3 - Medium,Closed,24,5.7,5.0,Email,R&D,AGT-01
TKT-00028,2025-08-19 15:32:16,2025-08-20 08:56:16,Software,P2 - High,Resolved,8,17.4,,Portal,R&D,AGT-02
TKT-03906,2026-04-20 14:04:39,2026-04-20 18:34:39,Security,P3 - Medium,Resolved,24,4.5,5.0,Portal,R&D,AGT-08
TKT-04558,2026-05-12 12:05:03,2026-05-12 14:29:03,Email & Collaboration,P2 - High,Resolved,8,2.4,4.0,Email,Sales,AGT-03
TKT-00838,2026-08-21 14:02:08,2026-08-21 20:38:08,Security,P3 - Medium,Closed,24,6.6,5.0,Email,Operations,AGT-08
TKT-03893,2026-02-19 13:35:20,2026-02-20 23:59:20,Access & Accounts,P3 - Medium,Resolved,24,34.4,,Portal,Finance,AGT-01
TKT-03426,2026-02-24 10:19:15,2026-02-24 23:19:15,Network,P3 - Medium,Closed,24,13.0,5.0,Portal,HR,AGT-12
TKT-02009,2025-09-30 14:05:23,2025-10-01 03:35:23,Access & Accounts,P3 - Medium,Closed,24,13.5,5.0,Email,Operations,AGT-01
TKT-04948,2026-06-04 12:23:52,2026-06-05 02:41:52,Network,P3 - Medium,Closed,24,14.3,5.0,Email,Finance,AGT-06
TKT-00504,2026-02-14 14:58:51,2026-02-17 08:46:51,Email & Collaboration,P4 - Low,Closed,48,65.8,2.0,Email,Customer Support,AGT-02
TKT-03265,2025-12-11 15:31:36,2025-12-12 01:19:36,Software,P3 - Medium,Resolved,24,9.8,5.0,Email,Finance,AGT-02
TKT-04339,2026-02-18 13:36:19,2026-02-19 12:12:19,Security,P4 - Low,Closed,48,22.6,5.0,Portal,Finance,AGT-07
TKT-00381,2026-03-05 10:14:54,2026-03-05 15:08:54,Software,P3 - Medium,Closed,24,4.9,4.0,Email,Customer Support,AGT-03
TKT-01852,2026-07-22 11:41:20,2026-07-22 18:41:20,Hardware,P4 - Low,Closed,48,7.0,5.0,Email,Finance,AGT-09
TKT-01526,2025-10-08 12:23:45,2025-10-08 17:05:45,Hardware,P3 - Medium,Closed,24,4.7,,Portal,IT,AGT-09
TKT-02366,2026-04-27 11:11:22,2026-04-27 14:05:22,Network,P3 - Medium,Resolved,24,2.9,4.0,Email,Operations,AGT-06
TKT-03287,2026-04-04 11:11:54,2026-04-04 11:53:54,Software,P1 - Critical,Closed,4,0.7,4.0,Email,Operations,AGT-02
TKT-03053,2026-04-13 16:12:10,2026-04-13 23:30:10,Email & Collaboration,P4 - Low,Closed,48,7.3,,Email,Finance,AGT-02
TKT-02885,2026-03-04 15:09:47,2026-03-04 19:09:47,Software,P2 - High,Closed,8,4.0,,Portal,R&D,AGT-02
TKT-02341,2025-10-07 13:16:01,2025-10-07 16:16:01,Hardware,P2 - High,Closed,8,3.0,5.0,Portal,R&D,AGT-09
TKT-00375,2025-10-02 17:02:58,2025-10-02 21:14:58,Access & Accounts,P3 - Medium,Resolved,24,4.2,4.0,Email,Finance,AGT-01
TKT-03319,2025-09-03 15:22:42,2025-09-03 17:22:42,Software,P2 - High,Resolved,8,2.0,4.0,Portal,IT,AGT-02
TKT-02382,2025-11-03 14:55:17,2025-11-03 18:07:17,Hardware,P3 - Medium,Resolved,24,3.2,4.0,Phone,Customer Support,AGT-10
TKT-04344,2025-10-31 13:43:19,2025-11-01 20:31:19,Security,P4 - Low,Resolved,48,30.8,,Portal,IT,AGT-08
TKT-00940,2025-09-09 14:58:06,2025-09-09 17:22:06,Network,P3 - Medium,Closed,24,2.4,4.0,Email,Sales,AGT-04
TKT-03918,2026-03-03 11:38:07,2026-03-04 02:20:07,Access & Accounts,P3 - Medium,Resolved,24,14.7,5.0,Portal,Sales,AGT-02
TKT-04199,2025-10-08 10:29:23,2025-10-08 16:59:23,Access & Accounts,P1 - Critical,Closed,4,6.5,1.0,,Operations,AGT-11
TKT-02800,2026-05-29 09:15:53,2026-05-30 00:45:53,Access & Accounts,P3 - Medium,Closed,24,15.5,4.0,Portal,Operations,AGT-01
TKT-02148,2026-08-26 10:31:23,2026-08-26 12:37:23,Software,P1 - Critical,Closed,4,2.1,5.0,Email,Operations,AGT-01
TKT-03884,2026-01-29 10:37:19,2026-01-29 20:19:19,Hardware,P3 - Medium,Closed,24,9.7,5.0,Phone,Customer Support,AGT-10
TKT-04576,2025-10-15 11:26:26,,Network,P2 - High,In Progress,8,,,Portal,Customer Support,AGT-06
TKT-04662,2026-07-27 16:23:20,2026-07-27 23:59:20,Email & Collaboration,P3 - Medium,Closed,24,7.6,3.0,Portal,Operations,AGT-01
TKT-02069,2025-11-11 13:48:37,2025-11-12 01:54:37,Network,P2 - High,Resolved,8,12.1,3.0,,Sales,AGT-04
TKT-00530,2025-12-01 15:06:53,2025-12-02 02:30:53,Software,P4 - Low,Closed,48,11.4,4.0,Email,HR,AGT-02
TKT-03796,2026-04-14 14:54:52,2026-04-14 19:18:52,Email & Collaboration,P3 - Medium,Closed,24,4.4,,Portal,HR,AGT-01
TKT-00637,2026-04-23 13:49:01,2026-04-23 15:13:01,Access & Accounts,P2 - High,Resolved,8,1.4,5.0,Phone,Operations,AGT-11
TKT-01270,2026-02-11 10:12:16,,Security,P3 - Medium,In Progress,24,,,Phone,Finance,AGT-08
TKT-00186,2026-04-17 10:29:59,2026-04-17 22:53:59,Software,P4 - Low,Resolved,48,12.4,4.0,Email,R&D,AGT-11
TKT-04958,2025-11-04 09:56:13,2025-11-04 19:38:13,Network,P3 - Medium,Resolved,24,9.7,4.0,Email,Operations,AGT-06
TKT-04536,2025-09-05 14:03:41,2025-09-05 19:51:41, Security ,P3 - Medium,Resolved,24,5.8,4.0,Email,IT,AGT-08
TKT-04311,2026-02-20 13:36:33,2026-02-21 08:06:33,NetWork,P4 - Low,Resolved,48,18.5,4.0,Portal,R&D,AGT-06
TKT-01798,2025-11-23 10:19:46,2025-11-27 15:25:46,Software,P4 - Low,Resolved,48,101.1,2.0,Email,Finance,AGT-01
TKT-02980,2026-07-10 13:21:59,2026-07-10 14:27:59,Network,P1 - Critical,Resolved,4,1.1,5.0,Email,Customer Support,AGT-04
TKT-01442,2025-08-20 11:44:42,2025-08-20 19:14:42,Email & Collaboration,P3 - Medium,Resolved,24,7.5,4.0,Chat,Operations,AGT-03
TKT-03718,2026-06-11 14:04:30,2026-06-12 16:46:30,Network,P4 - Low,Closed,48,26.7,,Chat,Operations,AGT-12
TKT-04915,2025-12-05 12:03:53,2025-12-05 14:45:53,Network,P3 - Medium,Resolved,24,2.7,4.0,Email,R&D,AGT-04
TKT-01536,2026-02-05 12:11:32,2026-02-05 18:29:32,Network,P3 - Medium,Closed,24,6.3,,Email,Finance,AGT-04
TKT-03504,2026-04-10 11:23:54,2026-04-10 17:17:54,Network,P3 - Medium,Closed,24,5.9,5.0,Portal,R&D,AGT-12
TKT-03189,2025-09-26 16:07:18,2025-09-26 21:25:18,Hardware,P3 - Medium,Resolved,24,5.3,5.0,Email,R&D,AGT-09
TKT-01274,2026-03-18 13:16:03,2026-03-18 18:52:03,Access & Accounts,P3 - Medium,Closed,24,5.6,,Email,Customer Support,AGT-03
TKT-02468,2026-03-22 16:06:17,2026-03-22 17:36:17,Software,P1 - Critical,Closed,4,1.5,,Email,Finance,AGT-01
TKT-00608,2025-09-15 11:16:09,2025-09-15 23:16:09,Hardware,P3 - Medium,Resolved,24,12.0,4.0,Portal,Customer Support,AGT-09
TKT-03448,2026-05-25 09:41:09,2026-05-27 01:17:09,Network,P3 - Medium,Resolved,24,39.6,2.0,Portal,IT,AGT-04
TKT-01713,2026-08-20 12:18:33,,Software,P3 - Medium,In Progress,24,,,Portal,Operations,AGT-01
TKT-02200,2026-04-17 15:57:40,2026-04-20 13:27:40,Email & Collaboration,P4 - Low,Resolved,48,69.5,,Phone,HR,AGT-11
TKT-00956,2026-07-15 15:14:36,2026-07-19 21:20:36,Email & Collaboration,P4 - Low,Resolved,48,102.1,2.0,Email,Customer Support,AGT-11
TKT-02580,2026-07-30 11:54:44,2026-07-30 20:30:44,Software,P4 - Low,Resolved,48,8.6,4.0,Portal,R&D,AGT-01
TKT-03967,2026-02-12 12:40:44,2026-02-13 01:16:44,Access & Accounts,P3 - Medium,Closed,24,12.6,,Email,IT,AGT-11
TKT-04460,2026-06-19 11:00:57,2026-06-20 03:00:57,Software,P4 - Low,Resolved,48,16.0,5.0,Portal,HR,AGT-02
TKT-04499,2026-07-02 11:46:27,2026-07-02 13:04:27,Network,P3 - Medium,Closed,24,1.3,4.0,Email,Finance,AGT-12
TKT-03751,2025-09-03 14:24:04,2025-09-03 23:06:04, Software ,P4 - Low,Resolved,48,8.7,4.0,Portal,Sales,AGT-03
TKT-00404,2025-09-13 14:46:49,2025-09-13 22:46:49,Access & Accounts,P3 - Medium,Resolved,24,8.0,4.0,Portal,R&D,AGT-11
TKT-02072,2026-01-23 11:03:40,2026-01-23 13:45:40,NetWork,P2 - High,Closed,8,2.7,4.0,Portal,Customer Support,AGT-06
TKT-04795,2025-12-03 14:07:27,2025-12-06 04:55:27,Security,P4 - Low,Closed,48,62.8,2.0,Email,Sales,AGT-07
TKT-01978,2026-08-05 12:43:22,2026-08-05 16:25:22,Access & Accounts,P2 - High,Resolved,8,3.7,4.0,Chat,Operations,AGT-02
TKT-00159,2026-05-13 09:04:55,2026-05-13 11:58:55,Access & Accounts,P3 - Medium,Resolved,24,2.9,,Portal,Finance,AGT-01
TKT-01749,2026-02-04 10:08:54,2026-02-05 01:20:54,Access & Accounts,P3 - Medium,Resolved,24,15.2,4.0,Portal,Finance,AGT-11
TKT-02910,2026-03-11 11:42:21,2026-03-11 17:06:21,Email & Collaboration,P3 - Medium,Resolved,24,5.4,4.0,Chat,IT,AGT-03
TKT-04326,2026-03-05 15:29:15,2026-03-06 03:59:15,Network,P4 - Low,Resolved,48,12.5,5.0,Portal,Sales,AGT-05
TKT-00903,2025-08-19 16:16:46,2025-08-19 20:34:46,Security,P2 - High,Resolved,8,4.3,4.0,Chat,R&D,AGT-07
TKT-00353,2026-03-11 13:05:24,2026-03-12 08:11:24,Email & Collaboration,P3 - Medium,Resolved,24,19.1,4.0,Portal,R&D,AGT-11
TKT-01231,2025-10-24 12:10:34,2025-10-25 04:04:34,Network,P2 - High,Closed,8,15.9,1.0,Chat,HR,AGT-06
TKT-04708,2026-01-15 10:59:35,2026-01-15 23:29:35,Security,P3 - Medium,Resolved,24,12.5,5.0,Phone,Sales,AGT-07
TKT-02141,2026-07-17 17:13:59,2026-07-18 00:13:59,Security,P3 - Medium,Closed,24,7.0,4.0,Phone,R&D,AGT-07
TKT-00445,2025-11-14 15:57:05,2025-11-14 20:21:05,Email & Collaboration,P3 - Medium,Closed,24,4.4,5.0,Chat,Operations,AGT-02
TKT-04989,2026-07-28 12:44:33,2026-07-28 15:44:33,Hardware,P2 - High,Closed,8,3.0,4.0,Phone,Customer Support,AGT-10
TKT-00755,2026-04-27 13:53:34,2026-04-30 00:47:34,Software,P3 - Medium,Closed,24,58.9,2.0,Email,Operations,AGT-01
TKT-01738,2025-10-24 11:23:13,2025-10-24 12:23:13,Email & Collaboration,P2 - High,Resolved,8,1.0,5.0,Phone,R&D,AGT-02
TKT-02972,2026-04-14 12:31:27,2026-04-14 16:13:27,Access & Accounts,P3 - Medium,Closed,24,3.7,,Portal,Operations,AGT-02
TKT-01085,2026-08-19 13:27:01,2026-08-19 16:57:01,Access & Accounts,P3 - Medium,Closed,24,3.5,,Phone,Customer Support,AGT-03
TKT-02921,2026-08-27 15:25:38,2026-08-28 17:01:38,Network,P4 - Low,Closed,48,25.6,3.0,Portal,IT,AGT-05
TKT-00312,2026-01-12 14:09:36,2026-01-12 23:03:36,Security,P3 - Medium,Closed,24,8.9,4.0,Portal,Operations,AGT-08
TKT-00549,2026-05-25 09:03:32,2026-05-26 03:57:32,access & accounts,P3 - Medium,Resolved,24,18.9,5.0,Portal,Finance,AGT-11
TKT-00662,2026-07-15 16:16:06,2026-07-17 04:58:06,Hardware,P3 - Medium,Resolved,24,36.7,2.0,Email,R&D,AGT-09
TKT-04801,2026-01-20 14:54:52,2026-01-20 23:24:52,Hardware,P3 - Medium,Resolved,24,8.5,5.0,Portal,Sales,AGT-10
TKT-01990,2025-09-29 14:17:37,2025-09-30 00:11:37,Access & Accounts,P2 - High,Closed,8,9.9,2.0,Email,Operations,AGT-01
TKT-00307,2025-12-30 11:55:39,2025-12-30 18:55:39,Software,P3 - Medium,Closed,24,7.0,5.0,Chat,R&D,AGT-02
TKT-02336,2026-04-28 11:13:57,2026-04-28 18:55:57,Security,P3 - Medium,Resolved,24,7.7,5.0,Portal,Sales,AGT-08
TKT-00695,2026-07-23 18:23:12,2026-07-23 23:53:12,Email & Collaboration,P3 - Medium,Resolved,24,5.5,5.0,Email,IT,AGT-01
TKT-02357,2026-02-09 16:26:47,2026-02-10 02:20:47,hardware,P3 - Medium,Resolved,24,9.9,5.0,Email,R&D,AGT-10
TKT-01928,2026-05-07 13:36:11,2026-05-07 19:00:11,Software,P3 - Medium,Resolved,24,5.4,5.0,Portal,Finance,AGT-11
TKT-00685,2026-04-07 13:07:42,2026-04-07 16:19:42,Network,P2 - High,Closed,8,3.2,4.0,Email,HR,AGT-04
TKT-00750,2026-06-26 12:14:35,2026-06-27 01:44:35,Software,P4 - Low,Closed,48,13.5,4.0,Phone,Sales,AGT-01
TKT-03552,2026-03-05 12:24:36,2026-03-05 20:54:36,Software,P4 - Low,Closed,48,8.5,4.0,Portal,Finance,AGT-02
TKT-04887,2025-09-12 12:00:17,2025-09-12 16:24:17,Software,P3 - Medium,Closed,24,4.4,4.0,,Finance,AGT-01
TKT-01267,2025-10-07 12:41:02,2025-10-08 04:29:02,Access & Accounts,P4 - Low,Closed,48,15.8,3.0,Phone,Customer Support,AGT-02
TKT-04668,2025-12-12 09:26:07,2025-12-12 14:02:07,Software,P3 - Medium,Resolved,24,4.6,5.0,Phone,R&D,AGT-03
TKT-03592,2025-12-08 17:00:37,2025-12-08 23:24:37,Software,P3 - Medium,Closed,24,6.4,3.0,Portal,Operations,AGT-01
TKT-04458,2026-03-18 18:29:37,2026-03-19 07:53:37,Email & Collaboration,P3 - Medium,Resolved,24,13.4,4.0,Email,Customer Support,AGT-11
TKT-04055,2026-06-22 15:39:07,2026-06-23 04:45:07,Network,P4 - Low,Closed,48,13.1,4.0,Email,Customer Support,AGT-05
TKT-03084,2026-06-03 08:02:53,2026-06-03 10:32:53,Access & Accounts,P2 - High,Closed,8,2.5,5.0,Phone,Operations,AGT-02
TKT-03062,2026-01-21 14:51:04,2026-01-21 21:39:04,Network,P3 - Medium,Resolved,24,6.8,3.0,Portal,Operations,AGT-04
TKT-03026,2025-09-25 10:03:21,2025-09-25 14:09:21,Email & Collaboration,P3 - Medium,Resolved,24,4.1,,Phone,Operations,AGT-03
TKT-00971,2025-11-07 14:56:29,2025-11-09 18:02:29,Software,P4 - Low,Resolved,48,51.1,,Portal,IT,AGT-02
TKT-00014,2026-06-19 12:25:19,2026-06-19 19:49:19,Access & Accounts,P3 - Medium,Closed,24,7.4,5.0,Email,HR,AGT-03
TKT-00874,2025-12-26 13:05:31,2025-12-27 00:35:31,Access & Accounts,P3 - Medium,Closed,24,11.5,4.0,Phone,Customer Support,AGT-03
TKT-00809,2026-02-16 12:10:51,2026-02-16 13:22:51,Network,P1 - Critical,Resolved,4,1.2,3.0,Chat,Operations,AGT-06
TKT-03199,2025-10-01 15:16:42,2025-10-02 07:34:42,SECURITY,P4 - Low,Closed,48,16.3,,Portal,Customer Support,AGT-07
TKT-00515,2025-12-10 17:12:10,2025-12-13 06:48:10,Network,P4 - Low,Resolved,48,61.6,2.0,Portal,HR,AGT-06
TKT-04508,2025-10-14 15:34:24,2025-10-14 18:58:24,Hardware,P2 - High,Closed,8,3.4,5.0,Phone,IT,AGT-09
TKT-00410,2026-08-27 12:18:24,2026-08-28 20:18:24,Network,P3 - Medium,Closed,24,32.0,,Email,Customer Support,AGT-04
TKT-04705,2025-09-23 12:14:41,2025-09-23 18:32:41,Software,P4 - Low,Resolved,48,6.3,4.0,Portal,Operations,AGT-03
TKT-04377,2026-05-12 16:47:05,2026-05-12 18:47:05,Software,P2 - High,Resolved,8,2.0,4.0,Portal,Sales,AGT-11
TKT-00208,2026-04-23 14:17:28,2026-04-24 08:05:28,security,P3 - Medium,Closed,24,17.8,5.0,Phone,R&D,AGT-08
TKT-04120,2026-02-06 11:23:06,2026-02-08 00:05:06,software,P4 - Low,Closed,48,36.7,4.0,Phone,Customer Support,AGT-03
TKT-00459,2026-06-04 15:52:46,2026-06-05 12:10:46,Software,P4 - Low,Resolved,48,20.3,4.0,Email,Operations,AGT-11
TKT-04145,2026-02-03 13:52:59,2026-02-03 22:58:59,Access & Accounts,P3 - Medium,Closed,24,9.1,,Portal,Operations,AGT-03
TKT-02431,2026-06-22 10:35:30,2026-06-23 17:23:30,Network,P3 - Medium,Resolved,24,30.8,2.0,Portal,Sales,AGT-06
TKT-03723,2026-07-01 12:49:09,2026-07-01 16:37:09,Security,P3 - Medium,Resolved,24,3.8,,Chat,Sales,AGT-07
TKT-00111,2026-01-27 10:20:33,2026-01-28 02:02:33,Network,P4 - Low,Closed,48,15.7,4.0,Phone,R&D,AGT-04
TKT-03812,2025-09-24 15:19:35,2025-09-25 13:37:35,Access & Accounts,P4 - Low,Resolved,48,22.3,,Portal,Finance,AGT-11
TKT-01108,2026-01-01 15:52:04,2026-01-01 22:28:04,Access & Accounts,P3 - Medium,Closed,24,6.6,,Email,HR,AGT-11
TKT-01884,2026-05-21 15:55:59,2026-05-22 02:25:59,Software,P4 - Low,Resolved,48,10.5,,Email,R&D,AGT-11
TKT-01714,2026-07-14 15:33:14,2026-07-15 23:45:14,Hardware,P3 - Medium,Closed,24,32.2,1.0,Email,R&D,AGT-10
TKT-04029,2026-02-05 09:12:33,2026-02-06 23:54:33,Network,P3 - Medium,Resolved,24,38.7,,Chat,Sales,AGT-06
TKT-03460,2026-06-08 18:34:26,2026-06-09 09:10:26,Hardware,P4 - Low,Resolved,48,14.6,4.0,Chat,IT,AGT-09
TKT-00553,2025-10-10 12:52:58,2025-10-12 06:46:58,Hardware,P3 - Medium,Closed,24,41.9,2.0,Chat,Operations,AGT-10
TKT-01440,2026-08-19 17:31:56,2026-08-19 21:37:56,Software,P3 - Medium,Closed,24,4.1,5.0,Chat,Finance,AGT-01
TKT-02271,2026-04-04 18:52:57,2026-04-04 20:10:57,Network,P2 - High,Closed,8,1.3,4.0,Chat,IT,AGT-06
TKT-03145,2026-06-22 12:07:13,2026-06-22 21:01:13,Access & Accounts,P4 - Low,Closed,48,8.9,3.0,Portal,Finance,AGT-02
TKT-02822,2026-04-24 15:35:58,2026-04-24 19:11:58,Network,P3 - Medium,Closed,24,3.6,3.0,Email,Customer Support,AGT-04
TKT-04821,2026-05-08 14:06:43,2026-05-09 07:30:43,Email & Collaboration,P4 - Low,Resolved,48,17.4,,Email,Finance,AGT-01
TKT-01926,2025-08-19 12:11:08,2025-08-19 12:59:08,Email & Collaboration,P1 - Critical,Closed,4,0.8,4.0,Email,Operations,AGT-01
TKT-00635,2025-08-20 09:10:01,2025-08-22 18:34:01,Access & Accounts,P3 - Medium,Closed,24,57.4,,Phone,R&D,AGT-02
TKT-04845,2026-01-02 15:09:52,2026-01-04 21:21:52,email & collaboration,P4 - Low,Resolved,48,54.2,,Portal,Sales,AGT-11
TKT-00317,2025-12-28 12:09:04,2025-12-29 03:09:04,Access & Accounts,P4 - Low,Closed,48,15.0,4.0,Email,Finance,AGT-02
TKT-04251,2025-12-12 15:37:18,2025-12-13 01:31:18,Software,P3 - Medium,Resolved,24,9.9,5.0,Phone,Sales,AGT-02
TKT-04873,2026-04-30 17:49:49,2026-04-30 22:19:49,Access & Accounts,P4 - Low,Resolved,48,4.5,5.0,Portal,Sales,AGT-02
TKT-01329,2025-11-14 15:59:46,2025-11-15 03:05:46,Network,P3 - Medium,Closed,24,11.1,,Portal,R&D,AGT-04
TKT-00428,2026-06-30 09:37:49,2026-07-01 06:13:49,Access & Accounts,P4 - Low,Resolved,48,20.6,,Portal,Sales,AGT-03
TKT-03435,2025-08-31 10:51:13,2025-08-31 19:15:13,Security,P3 - Medium,Resolved,24,8.4,,Email,Finance,AGT-08
TKT-00106,2026-05-08 12:52:14,2026-05-08 19:34:14,Access & Accounts,P3 - Medium,Closed,24,6.7,5.0,Email,Operations,AGT-03
TKT-03042,2026-07-29 11:38:42,2026-07-29 18:02:42,Email & Collaboration,P3 - Medium,Closed,24,6.4,4.0,Portal,Customer Support,AGT-02
TKT-00143,2026-08-04 11:46:06,2026-08-05 17:52:06,Network,P3 - Medium,Closed,24,30.1,,Phone,R&D,AGT-04
TKT-02170,2026-02-13 13:38:18,2026-02-13 21:56:18,Network,P3 - Medium,Resolved,24,8.3,5.0,Phone,Sales,AGT-12
TKT-03389,2026-01-20 08:41:20,2026-01-20 14:41:20,Security,P3 - Medium,Closed,24,6.0,5.0,Portal,Operations,AGT-07
TKT-00090,2026-02-13 13:58:31,2026-02-13 19:46:31,Hardware,P3 - Medium,Closed,24,5.8,3.0,Portal,IT,AGT-09
TKT-02919,2025-08-14 12:06:42,2025-08-14 23:36:42,Hardware,P2 - High,Resolved,8,11.5,2.0,Portal,Operations,AGT-10
TKT-03238,2025-11-20 09:22:01,2025-11-20 15:28:01,Access & Accounts,P4 - Low,Closed,48,6.1,5.0,Portal,Customer Support,AGT-03
TKT-02242,2025-08-25 18:07:38,2025-08-26 00:01:38,Hardware ,P3 - Medium,Resolved,24,5.9,5.0,Email,HR,AGT-09
TKT-03175,2026-04-23 12:18:58,2026-04-24 01:30:58,Software,P3 - Medium,Closed,24,13.2,3.0,Email,Finance,AGT-11
TKT-04417,2026-02-26 12:48:50,2026-03-02 03:30:50,Hardware,P4 - Low,Closed,48,86.7,2.0,Email,R&D,AGT-09
TKT-02164,2026-01-14 13:57:03,2026-01-15 16:45:03,Network,P4 - Low,Closed,48,26.8,,Portal,Operations,AGT-05
TKT-02637,2026-01-30 13:17:21,2026-02-01 00:47:21,Network,P3 - Medium,Closed,24,35.5,3.0,Portal,HR,AGT-05
TKT-01950,2026-07-29 11:52:10,2026-07-29 22:46:10,NETWORK,P4 - Low,Resolved,48,10.9,4.0,Chat,Sales,AGT-04
TKT-01769,2025-09-22 10:14:56,2025-09-23 08:32:56,Software,P4 - Low,Closed,48,22.3,5.0,Phone,IT,AGT-11
TKT-03464,2025-11-21 12:27:44,2025-11-24 07:51:44,Software,P4 - Low,Closed,48,67.4,2.0,Email,Operations,AGT-11
TKT-02273,2026-05-24 13:02:16,2026-05-24 23:02:16,Software,P3 - Medium,Closed,24,10.0,,Portal,Sales,AGT-01
TKT-00002,2026-01-20 15:38:09,2026-01-20 19:14:09,Network,P4 - Low,Closed,48,3.6,4.0,Phone,Customer Support,AGT-04
TKT-03341,2025-12-12 12:56:27,2025-12-12 19:02:27,Software,P4 - Low,Resolved,48,6.1,3.0,Chat,Operations,AGT-11
TKT-04998,2026-02-02 15:02:52,2026-02-03 03:02:52,Security,P3 - Medium,Closed,24,12.0,,Phone,Operations,AGT-07
TKT-01952,2025-08-06 15:41:20,2025-08-09 00:53:20,Security,P3 - Medium,Resolved,24,57.2,2.0,Phone,IT,AGT-07
TKT-00936,2025-10-21 14:22:34,2025-10-21 21:10:34,Network,P3 - Medium,Resolved,24,6.8,,Portal,IT,AGT-06
TKT-04547,2026-08-20 17:59:39,2026-08-21 03:59:39,Hardware,P2 - High,Closed,8,10.0,1.0,Portal,Operations,AGT-10
TKT-02721,2026-02-18 11:32:22,2026-02-18 19:44:22, Access & Accounts ,P3 - Medium,Closed,24,8.2,5.0,Email,R&D,AGT-03
TKT-03549,2025-09-15 12:39:06,2025-09-15 19:03:06,Software,P3 - Medium,Closed,24,6.4,5.0,,Operations,AGT-01
TKT-01110,2025-10-15 11:11:11,2025-10-17 20:05:11,Email & Collaboration,P3 - Medium,Resolved,24,56.9,1.0,Email,HR,AGT-02
TKT-03652,2025-10-22 16:36:26,2025-10-22 23:54:26,Access & Accounts,P3 - Medium,Resolved,24,7.3,4.0,Chat,Operations,AGT-01
TKT-00592,2026-01-23 15:37:39,2026-01-24 04:25:39,Network,P3 - Medium,Resolved,24,12.8,4.0,Phone,Operations,AGT-04
TKT-01696,2026-02-23 14:06:26,2026-02-24 03:12:26,Software,P4 - Low,Closed,48,13.1,4.0,Portal,Customer Support,AGT-02
TKT-04867,2025-11-24 10:46:44,2025-11-26 22:34:44,Security,P3 - Medium,Closed,24,59.8,,Portal,Sales,AGT-08
TKT-02937,2025-12-05 15:30:15,2025-12-05 21:36:15,Network,P3 - Medium,Resolved,24,6.1,5.0,Email,HR,AGT-04
TKT-04238,2026-07-07 12:17:35,2026-07-08 13:11:35,Network,P4 - Low,Resolved,48,24.9,4.0,Email,Customer Support,AGT-05
TKT-03472,2026-01-23 11:24:14,2026-01-24 05:30:14,ACCESS & ACCOUNTS,P3 - Medium,Closed,24,18.1,3.0,Portal,Operations,AGT-02
TKT-01577,2026-06-08 13:31:53,2026-06-08 23:01:53,Network,P3 - Medium,Closed,24,9.5,5.0,Portal,Sales,AGT-05
TKT-04025,2026-06-09 18:20:04,2026-06-10 02:08:04,SECURITY,P3 - Medium,Closed,24,7.8,4.0,Email,Finance,AGT-08
TKT-00214,2026-06-12 17:17:49,2026-06-13 01:59:49,Access & Accounts,P4 - Low,Closed,48,8.7,,Portal,IT,AGT-01
TKT-00779,2026-06-01 16:41:08,2026-06-02 02:05:08,Hardware ,P3 - Medium,Resolved,24,9.4,4.0,Portal,Customer Support,AGT-10
TKT-01416,2026-06-09 17:26:41,2026-06-10 02:20:41,Access & Accounts,P3 - Medium,Resolved,24,8.9,4.0,Email,Customer Support,AGT-11
TKT-03825,2026-05-12 11:59:25,2026-05-12 23:05:25,Network,P4 - Low,Resolved,48,11.1,4.0,Portal,Customer Support,AGT-12
TKT-02044,2026-07-31 11:35:49,2026-07-31 12:35:49,Network,P1 - Critical,Resolved,4,1.0,5.0,Chat,Sales,AGT-12
TKT-02849,2026-05-28 12:00:36,2026-05-31 15:24:36,Network,P4 - Low,Closed,48,75.4,2.0,Email,Customer Support,AGT-06
TKT-04573,2025-10-03 13:51:50,2025-10-04 15:45:50,Security,P4 - Low,Closed,48,25.9,4.0,Email,HR,AGT-07
TKT-03568,2026-02-06 16:10:31,2026-02-07 04:16:31,Software,P3 - Medium,Resolved,24,12.1,4.0,Email,Customer Support,AGT-02
TKT-03879,2025-08-08 11:53:17,2025-08-08 17:53:17,Hardware ,P3 - Medium,Resolved,24,6.0,4.0,Email,Customer Support,AGT-10
TKT-01568,2025-08-07 11:03:25,2025-08-07 16:51:25,Hardware,P3 - Medium,Resolved,24,5.8,5.0,Email,Customer Support,AGT-10
TKT-00166,2025-12-24 15:15:44,2025-12-25 12:27:44,Network,P4 - Low,Resolved,48,21.2,4.0,Email,Sales,AGT-04
TKT-04753,2025-12-22 14:50:40,2025-12-23 10:56:40,Network,P4 - Low,Resolved,48,20.1,5.0,Email,Operations,AGT-04
TKT-03648,2025-12-31 14:24:45,2025-12-31 17:42:45,Email & Collaboration,P4 - Low,Closed,48,3.3,5.0,Portal,Sales,AGT-03
TKT-04967,2025-12-24 15:25:05,,Access & Accounts,P1 - Critical,In Progress,4,,,Chat,Sales,AGT-02
TKT-01344,2026-03-10 13:20:40,2026-03-10 19:20:40,Network,P3 - Medium,Resolved,24,6.0,5.0,Email,Operations,AGT-12
TKT-02014,2026-01-21 15:01:49,2026-01-21 22:31:49,Access & Accounts,P3 - Medium,Closed,24,7.5,5.0,Email,Operations,AGT-01
TKT-00274,2026-03-20 17:42:37,2026-03-20 23:30:37,Access & Accounts,P3 - Medium,Closed,24,5.8,4.0,Portal,Sales,AGT-02
TKT-00072,2026-01-08 11:44:55,2026-01-12 04:32:55,Email & Collaboration,P4 - Low,Closed,48,88.8,1.0,Email,IT,AGT-01
TKT-03957,2026-08-24 11:54:55,2026-08-24 17:06:55,Software,P3 - Medium,Resolved,24,5.2,4.0,Phone,Customer Support,AGT-11
TKT-01088,2026-05-27 12:08:00,2026-05-27 22:20:00,network,P3 - Medium,Closed,24,10.2,5.0,Portal,HR,AGT-05
TKT-00395,2025-08-06 15:59:27,2025-08-09 19:29:27,Network,P4 - Low,Closed,48,75.5,1.0,Email,Sales,AGT-12
TKT-00584,2026-01-05 13:44:27,2026-01-05 15:14:27,Network,P2 - High,Resolved,8,1.5,5.0,Portal,Finance,AGT-05
TKT-01368,2025-09-25 15:31:23,2025-09-25 18:31:23,Hardware,P3 - Medium,Resolved,24,3.0,,Email,Sales,AGT-10
TKT-00334,2026-07-04 11:35:53,2026-07-06 07:17:53,Hardware,P3 - Medium,Resolved,24,43.7,3.0,Portal,Sales,AGT-10
TKT-04680,2026-07-09 10:20:27,2026-07-11 21:20:27,Software,P4 - Low,Resolved,48,59.0,,Portal,Operations,AGT-11
TKT-02549,2025-12-04 09:51:58,2025-12-04 18:33:58,Hardware,P4 - Low,Closed,48,8.7,5.0,Portal,Sales,AGT-09
TKT-01014,2026-08-08 13:04:15,2026-08-08 22:46:15,Network,P3 - Medium,Resolved,24,9.7,5.0,Email,Customer Support,AGT-04
TKT-04938,2026-05-12 12:02:41,2026-05-15 00:50:41,Network,P4 - Low,Resolved,48,60.8,,Email,Operations,AGT-04
TKT-03004,2026-05-20 15:35:38,2026-05-21 10:41:38,Software,P2 - High,Resolved,8,19.1,3.0,Phone,Sales,AGT-01
TKT-04828,2026-01-09 10:02:06,,NETWORK,P3 - Medium,In Progress,24,,,Portal,Customer Support,AGT-06
TKT-04072,2026-04-12 11:41:45,2026-04-12 15:47:45,Email & Collaboration,P3 - Medium,Resolved,24,4.1,4.0,Portal,R&D,AGT-02
TKT-03989,2026-08-25 14:49:29,2026-08-25 18:13:29,Hardware,P3 - Medium,Closed,24,3.4,5.0,Email,Finance,AGT-10
TKT-01764,2025-09-05 15:14:41,2025-09-05 17:08:41,Network,P2 - High,Closed,8,1.9,,Portal,Operations,AGT-05
TKT-01876,2026-06-10 14:27:24,2026-06-11 07:03:24,Network,P4 - Low,Resolved,48,16.6,3.0,Email,R&D,AGT-05
TKT-01260,2026-08-26 12:37:01,2026-08-26 19:19:01,Security,P3 - Medium,Closed,24,6.7,5.0,Phone,Operations,AGT-08
TKT-03345,2026-02-13 13:24:39,2026-02-13 20:36:39,Access & Accounts,P1 - Critical,Resolved,4,7.2,3.0,Portal,Finance,AGT-02
TKT-04781,2025-12-01 13:41:55,2025-12-01 22:17:55, Security ,P3 - Medium,Closed,24,8.6,4.0,Portal,Operations,AGT-08
TKT-02254,2026-03-19 13:41:11,2026-03-20 04:05:11,Network,P4 - Low,Resolved,48,14.4,4.0,Portal,Customer Support,AGT-05
TKT-02782,2025-09-10 15:42:11,2025-09-10 16:54:11,Email & Collaboration,P1 - Critical,Closed,4,1.2,5.0,Email,R&D,AGT-02
TKT-03658,2026-01-12 14:48:22,2026-01-12 23:42:22,Network,P3 - Medium,Closed,24,8.9,4.0,Email,Operations,AGT-05
TKT-00527,2026-08-12 16:46:13,2026-08-13 04:34:13,Software,P4 - Low,Closed,48,11.8,5.0,Portal,Customer Support,AGT-02
TKT-03482,2026-05-05 15:46:14,2026-05-10 12:40:14,Software,P4 - Low,Closed,48,116.9,2.0,Chat,R&D,AGT-02
TKT-02947,2025-12-05 16:04:27,2025-12-05 22:58:27,Software,P3 - Medium,Resolved,24,6.9,,Chat,Operations,AGT-01
TKT-00378,2026-01-20 10:19:36,,Network,P4 - Low,In Progress,48,,,,Customer Support,AGT-12
TKT-01560,2026-07-07 12:20:43,2026-07-09 13:14:43,Network,P3 - Medium,Closed,24,48.9,1.0,Email,R&D,AGT-12
TKT-03887,2026-08-24 14:14:01,2026-08-25 09:14:01,Hardware,P3 - Medium,Closed,24,19.0,4.0,Portal,Sales,AGT-10
TKT-01964,2025-09-30 15:43:57,2025-09-30 16:49:57,Email & Collaboration,P1 - Critical,Resolved,4,1.1,4.0,Portal,Operations,AGT-01
TKT-04772,2026-01-04 13:42:52,2026-01-04 14:48:52,Network,P2 - High,Resolved,8,1.1,5.0,Portal,Finance,AGT-04
TKT-00349,2026-03-20 10:35:54,,Software,P3 - Medium,In Progress,24,,,Phone,Sales,AGT-01
TKT-02435,2026-05-01 10:05:55,2026-05-01 14:29:55,Software,P3 - Medium,Resolved,24,4.4,4.0,Portal,Sales,AGT-01
TKT-02247,2025-11-12 16:25:35,2025-11-12 19:43:35,Network,P2 - High,Resolved,8,3.3,5.0,Email,HR,AGT-05
TKT-04808,2026-03-23 15:22:02,2026-03-23 19:40:02,access & accounts,P3 - Medium,Closed,24,4.3,5.0,Portal,Sales,AGT-01
TKT-01710,2025-11-20 12:03:05,2025-11-24 13:33:05,Hardware,P4 - Low,Closed,48,97.5,1.0,Email,R&D,AGT-10
TKT-01051,2026-04-20 12:48:15,2026-04-20 21:24:15,Access & Accounts,P3 - Medium,Resolved,24,8.6,3.0,Email,IT,AGT-03
TKT-00591,2026-07-30 09:58:31,2026-07-30 16:40:31,Hardware,P3 - Medium,Resolved,24,6.7,4.0,Chat,Customer Support,AGT-09
TKT-00520,2026-06-22 11:49:25,2026-06-22 17:07:25,Access & Accounts,P3 - Medium,Resolved,24,5.3,,Portal,HR,AGT-11
TKT-03381,2025-11-21 12:55:28,2025-11-23 03:55:28,Network,P3 - Medium,Resolved,24,39.0,,Email,Operations,AGT-12
TKT-04529,2025-10-31 13:21:22,2025-10-31 22:21:22,Access & Accounts,P3 - Medium,Resolved,24,9.0,,Portal,Customer Support,AGT-03
TKT-04366,2025-09-16 14:18:25,2025-09-16 16:06:25,Security,P2 - High,Closed,8,1.8,4.0,Chat,Finance,AGT-07
TKT-02478,2025-10-15 14:37:28,2025-10-15 18:07:28,Hardware,P3 - Medium,Resolved,24,3.5,,Email,Sales,AGT-09
TKT-01084,2026-06-28 14:39:11,2026-06-29 06:39:11,Security,P4 - Low,Resolved,48,16.0,4.0,Email,IT,AGT-08
TKT-03654,2025-10-20 11:00:50,2025-10-22 03:06:50,Network,P3 - Medium,Closed,24,40.1,3.0,Email,Finance,AGT-04
TKT-04818,2026-02-13 10:32:38,2026-02-13 21:14:38,Software,P3 - Medium,Closed,24,10.7,,Portal,Sales,AGT-02
TKT-04545,2025-12-18 13:17:11,,Network,P3 - Medium,In Progress,24,,,Phone,Customer Support,AGT-06
TKT-01295,2025-12-15 14:19:26,2025-12-15 19:31:26,Software,P3 - Medium,Resolved,24,5.2,5.0,Portal,Customer Support,AGT-01
TKT-01810,2025-09-04 10:52:43,2025-09-06 21:28:43,Software,P3 - Medium,Closed,24,58.6,2.0,Chat,Operations,AGT-01
TKT-00792,2026-01-10 15:14:10,2026-01-11 02:02:10,Email & Collaboration,P3 - Medium,Closed,24,10.8,5.0,Phone,R&D,AGT-01
TKT-00793,2025-12-03 12:44:15,2025-12-03 21:32:15,Email & Collaboration,P4 - Low,Closed,48,8.8,4.0,Portal,Sales,AGT-11
TKT-04148,2026-04-29 08:56:15,2026-04-29 15:38:15,Security,P3 - Medium,Closed,24,6.7,4.0,Chat,Finance,AGT-08
TKT-01856,2026-08-27 14:28:07,2026-08-27 22:22:07,Software,P4 - Low,Closed,48,7.9,4.0,Email,IT,AGT-01
TKT-04797,2025-10-14 15:14:54,2025-10-14 21:20:54,Access & Accounts,P3 - Medium,Resolved,24,6.1,5.0,Portal,Operations,AGT-01
TKT-01981,2026-07-03 11:58:22,2026-07-03 21:22:22,Security,P3 - Medium,Closed,24,9.4,5.0,Portal,Finance,AGT-07
TKT-03234,2025-09-09 12:45:21,2025-09-09 17:51:21,Access & Accounts,P3 - Medium,Closed,24,5.1,5.0,Email,Customer Support,AGT-11
TKT-03978,2025-09-24 16:48:18,2025-09-24 19:24:18,Security,P2 - High,Closed,8,2.6,5.0,Portal,Finance,AGT-07
TKT-04378,2025-10-16 11:09:51,2025-10-20 17:03:51,Email & Collaboration,P4 - Low,Closed,48,101.9,2.0,Email,Operations,AGT-03
TKT-03329,2026-02-16 12:30:39,2026-02-16 13:48:39,Software,P2 - High,Closed,8,1.3,5.0,Portal,Customer Support,AGT-03
TKT-01531,2025-12-01 14:09:13,2025-12-01 21:45:13,Hardware,P4 - Low,Resolved,48,7.6,,Portal,R&D,AGT-10
TKT-01411,2026-06-23 14:37:34,2026-06-23 19:25:34,Network,P4 - Low,Closed,48,4.8,5.0,Portal,IT,AGT-06
TKT-04329,2026-06-26 17:18:28,2026-06-27 02:24:28,Network,P3 - Medium,Closed,24,9.1,4.0,Portal,IT,AGT-04
TKT-04686,2025-12-16 14:53:20,2025-12-16 22:29:20,Network,P3 - Medium,Resolved,24,7.6,5.0,Email,Finance,AGT-06
TKT-00084,2025-10-06 12:17:44,2025-10-06 20:29:44,Access & Accounts,P3 - Medium,Resolved,24,8.2,3.0,Portal,R&D,AGT-11
TKT-00869,2025-09-09 08:54:35,2025-09-09 10:36:35,Software,P3 - Medium,Resolved,24,1.7,5.0,Email,Sales,AGT-02
TKT-02351,2025-08-22 09:36:06,2025-08-22 12:06:06,Software,P2 - High,Resolved,8,2.5,4.0,Portal,Operations,AGT-01
TKT-00021,2026-05-26 11:13:09,2026-05-26 20:25:09,Security,P4 - Low,Resolved,48,9.2,4.0,Portal,Customer Support,AGT-08
TKT-03485,2026-05-02 13:11:19,2026-05-03 04:53:19,Access & Accounts,P3 - Medium,Closed,24,15.7,5.0,Email,IT,AGT-02
TKT-02796,2026-03-17 09:11:48,2026-03-17 13:41:48,Hardware,P1 - Critical,Closed,4,4.5,2.0,,Customer Support,AGT-09
TKT-04608,2025-10-25 11:17:19,2025-10-26 16:41:19,Email & Collaboration,P3 - Medium,Resolved,24,29.4,1.0,Email,Finance,AGT-01
TKT-01563,2026-07-16 17:02:21,2026-07-16 23:50:21,Network,P2 - High,Resolved,8,6.8,4.0,Portal,IT,AGT-12
TKT-03094,2026-08-14 17:21:30,2026-08-15 02:15:30,Software,P3 - Medium,Closed,24,8.9,,Chat,Sales,AGT-03
TKT-03156,2025-12-09 12:02:35,2025-12-10 04:14:35,Software,P4 - Low,Closed,48,16.2,5.0,Email,Customer Support,AGT-11
TKT-00974,2026-07-27 14:55:42,2026-07-27 20:55:42,Software,P3 - Medium,Closed,24,6.0,5.0,Portal,Operations,AGT-11
TKT-01711,2026-06-05 11:00:50,2026-06-05 21:54:50,Network,P4 - Low,Closed,48,10.9,5.0,Email,HR,AGT-05
TKT-03202,2026-07-29 10:17:10,2026-07-31 19:35:10,Software,P3 - Medium,Resolved,24,57.3,2.0,Phone,Finance,AGT-11
TKT-04052,2026-04-21 12:00:43,2026-04-21 18:36:43,Network,P4 - Low,Resolved,48,6.6,4.0,Portal,IT,AGT-05
TKT-04859,2025-08-11 13:58:44,2025-08-11 20:34:44,Email & Collaboration,P3 - Medium,Resolved,24,6.6,5.0,Phone,R&D,AGT-02
TKT-01099,2026-07-04 10:24:53,2026-07-05 17:48:53,Software,P4 - Low,Closed,48,31.4,5.0,Email,Operations,AGT-01
TKT-04195,2025-11-19 13:20:59,2025-11-20 03:20:59,Email & Collaboration,P3 - Medium,Closed,24,14.0,4.0,Email,Customer Support,AGT-01
TKT-02845,2025-10-22 12:17:59,2025-10-22 21:59:59,Access & Accounts,P3 - Medium,Closed,24,9.7,,Email,Sales,AGT-02
TKT-00887,2026-01-02 12:54:58,2026-01-02 21:06:58,Email & Collaboration,P3 - Medium,Resolved,24,8.2,4.0,Chat,Sales,AGT-01
TKT-04972,2025-08-28 14:47:10,2025-08-30 16:41:10,Security,P3 - Medium,Closed,24,49.9,1.0,Chat,Operations,AGT-07
TKT-04889,2026-01-02 15:21:14,2026-01-05 02:51:14,Software,P3 - Medium,Resolved,24,59.5,,Chat,R&D,AGT-01
TKT-04616,2025-11-21 16:36:13,2025-11-22 00:12:13,Software,P3 - Medium,Closed,24,7.6,5.0,Chat,Operations,AGT-01
TKT-03895,2026-07-29 15:01:16,2026-07-29 21:19:16,Email & Collaboration,P3 - Medium,Closed,24,6.3,4.0,Portal,Operations,AGT-02
TKT-04436,2026-03-11 12:23:25,2026-03-12 20:17:25,Access & Accounts,P4 - Low,Closed,48,31.9,4.0,Portal,Customer Support,AGT-11
TKT-00516,2025-10-08 12:02:27,2025-10-08 16:14:27,Software,P3 - Medium,Resolved,24,4.2,4.0,Portal,IT,AGT-03
TKT-04658,2025-09-12 17:26:05,2025-09-13 09:44:05,NetWork,P4 - Low,Closed,48,16.3,5.0,Chat,Sales,AGT-05
TKT-00738,2025-11-27 10:00:02,2025-11-27 18:06:02,Email & Collaboration,P3 - Medium,Closed,24,8.1,4.0,Portal,Sales,AGT-02
TKT-01454,2026-08-07 14:57:49,2026-08-07 20:39:49,Hardware,P3 - Medium,Closed,24,5.7,4.0,Chat,Finance,AGT-10
TKT-04042,2026-05-23 11:45:37,2026-05-23 18:15:37,Software,P3 - Medium,Closed,24,6.5,3.0,Chat,Operations,AGT-11
TKT-04739,2025-09-22 12:28:50,2025-09-22 20:22:50,Software,P3 - Medium,Resolved,24,7.9,4.0,Portal,Sales,AGT-01
TKT-02507,2026-08-05 09:05:09,2026-08-05 16:05:09,Access & Accounts,P3 - Medium,Closed,24,7.0,5.0,Chat,R&D,AGT-11
TKT-02995,2026-03-10 11:23:53,2026-03-10 22:29:53,Network,P4 - Low,Resolved,48,11.1,,Phone,R&D,AGT-04
TKT-02127,2025-12-11 14:53:46,2025-12-11 15:59:46,Software,P2 - High,Resolved,8,1.1,,Portal,R&D,AGT-01
TKT-02927,2026-04-27 13:14:43,2026-04-27 15:14:43,Software,P2 - High,Closed,8,2.0,5.0,Email,Finance,AGT-11
TKT-04785,2026-08-14 11:57:59,2026-08-16 04:39:59,Network,P3 - Medium,Closed,24,40.7,2.0,Phone,R&D,AGT-04
TKT-00907,2026-02-11 12:06:06,2026-02-11 20:30:06,Hardware,P4 - Low,Closed,48,8.4,5.0,Email,Finance,AGT-10
TKT-03713,2026-08-25 11:46:01,2026-08-26 02:16:01,Network,P3 - Medium,Closed,24,14.5,3.0,,Operations,AGT-04
TKT-01031,2026-03-10 10:52:00,2026-03-10 15:46:00,Email & Collaboration,P4 - Low,Resolved,48,4.9,5.0,Portal,Operations,AGT-01
TKT-02508,2026-08-04 17:54:06,2026-08-05 07:48:06,Network,P4 - Low,Resolved,48,13.9,4.0,Portal,R&D,AGT-06
TKT-02429,2026-04-06 14:14:36,2026-04-06 18:14:36,Hardware,P3 - Medium,Resolved,24,4.0,5.0,Email,R&D,AGT-09
TKT-00948,2026-07-01 10:06:07,2026-07-01 20:06:07,Software,P4 - Low,Resolved,48,10.0,5.0,Email,Operations,AGT-02
TKT-03872,2025-10-20 11:37:34,2025-10-21 13:01:34,Network,P4 - Low,Closed,48,25.4,5.0,Portal,Sales,AGT-05
TKT-00763,2025-08-20 12:08:59,2025-08-20 20:08:59,Software,P3 - Medium,Closed,24,8.0,,Email,Sales,AGT-03
TKT-00716,2025-10-13 12:35:26,2025-10-13 17:47:26,Software,P2 - High,Closed,8,5.2,4.0,Email,IT,AGT-02
TKT-00285,2026-03-12 11:34:52,2026-03-12 23:58:52,Network,P3 - Medium,Resolved,24,12.4,4.0,Email,Sales,AGT-12
TKT-00687,2026-01-13 17:19:42,2026-01-15 11:31:42,Email & Collaboration,P4 - Low,Closed,48,42.2,,Email,Customer Support,AGT-03
TKT-00704,2026-07-09 17:06:12,2026-07-09 20:30:12,Security,P3 - Medium,Closed,24,3.4,5.0,Email,IT,AGT-08
TKT-03342,2026-06-19 16:51:57,2026-06-19 18:15:57,Access & Accounts,P2 - High,Closed,8,1.4,5.0,Email,R&D,AGT-02
TKT-02354,2026-03-04 15:35:55,2026-03-04 23:23:55,Network,P4 - Low,Resolved,48,7.8,4.0,Portal,Sales,AGT-06
TKT-02258,2026-06-09 10:31:55,2026-06-09 16:55:55,Software,P3 - Medium,Resolved,24,6.4,4.0,Portal,Sales,AGT-03
TKT-03614,2026-07-16 08:43:30,2026-07-17 11:07:30,Email & Collaboration,P4 - Low,Resolved,48,26.4,5.0,Chat,IT,AGT-11
TKT-00474,2025-09-23 09:32:40,,Email & Collaboration,P4 - Low,In Progress,48,,,Email,IT,AGT-01
TKT-00022,2025-12-18 11:33:23,2025-12-19 02:45:23,Email & Collaboration,P4 - Low,Resolved,48,15.2,4.0,Email,Sales,AGT-01
TKT-02753,2026-06-25 15:30:45,2026-06-25 21:06:45,Email & Collaboration,P3 - Medium,Closed,24,5.6,4.0,Phone,Finance,AGT-11
TKT-00886,2025-12-26 12:05:34,2025-12-26 15:53:34,Hardware,P3 - Medium,Closed,24,3.8,4.0,Portal,IT,AGT-10
TKT-02449,2026-03-18 14:57:47,2026-03-19 00:03:47,Hardware,P2 - High,Closed,8,9.1,3.0,Portal,Finance,AGT-10
TKT-00918,2025-09-24 12:54:09,2025-09-24 13:42:09,Network,P1 - Critical,Closed,4,0.8,4.0,Phone,IT,AGT-04
TKT-03823,2026-02-27 12:42:53,2026-02-27 20:42:53,Security,P3 - Medium,Closed,24,8.0,,Chat,Customer Support,AGT-07
TKT-03817,2026-01-15 17:51:26,2026-01-16 05:21:26,Access & Accounts,P4 - Low,Closed,48,11.5,5.0,Chat,IT,AGT-02
TKT-02240,2026-02-27 11:59:43,2026-02-27 13:29:43, Network ,P2 - High,Resolved,8,1.5,4.0,Email,IT,AGT-06
TKT-03911,2026-02-18 11:42:16,2026-02-19 09:30:16,Network,P4 - Low,Resolved,48,21.8,5.0,Email,Finance,AGT-04
TKT-03396,2026-07-30 14:59:37,2026-07-30 19:11:37,Security,P3 - Medium,Resolved,24,4.2,4.0,,Operations,AGT-07
TKT-01266,2026-06-12 10:45:05,2026-06-12 16:03:05,Software,P3 - Medium,Closed,24,5.3,4.0,Portal,Customer Support,AGT-01
TKT-00484,2025-12-03 15:08:17,2025-12-03 23:26:17,Network,P3 - Medium,Resolved,24,8.3,3.0,Portal,Finance,AGT-12
TKT-04372,2025-09-17 14:54:42,2025-09-17 18:24:42,Email & Collaboration,P3 - Medium,Resolved,24,3.5,5.0,Email,Sales,AGT-01
TKT-02964,2026-03-20 13:37:55,2026-03-20 15:49:55,Email & Collaboration,P2 - High,Closed,8,2.2,,Portal,Sales,AGT-11
TKT-01220,2025-08-27 11:25:54,2025-08-27 14:55:54,Hardware,P3 - Medium,Closed,24,3.5,5.0,Chat,Customer Support,AGT-10
TKT-00278,2026-02-15 14:17:52,2026-02-15 16:41:52,Access & Accounts,P2 - High,Resolved,8,2.4,,Email,Customer Support,AGT-02
TKT-00989,2025-12-12 15:52:11,2025-12-13 06:46:11,Network,P3 - Medium,Closed,24,14.9,3.0,Phone,Sales,AGT-05
TKT-02085,2026-04-22 10:43:18,2026-04-22 17:37:18,Email & Collaboration,P3 - Medium,Closed,24,6.9,4.0,Portal,IT,AGT-11
TKT-01246,2025-11-13 17:26:59,2025-11-14 10:38:59,Software,P4 - Low,Closed,48,17.2,4.0,Chat,IT,AGT-02
TKT-02383,2025-09-29 12:03:31,2025-09-29 17:21:31,Email & Collaboration,P3 - Medium,Closed,24,5.3,5.0,Phone,Operations,AGT-03
TKT-00572,2026-06-29 10:27:38,2026-06-29 12:09:38,Email & Collaboration,P2 - High,Closed,8,1.7,4.0,Portal,IT,AGT-01
TKT-01436,2026-08-19 09:59:02,2026-08-19 18:17:02,Access & Accounts,P4 - Low,Resolved,48,8.3,4.0,Portal,Sales,AGT-11
TKT-00994,2025-10-23 13:48:03,2025-10-24 15:12:03,Hardware,P4 - Low,Closed,48,25.4,4.0,Email,Customer Support,AGT-09
TKT-04486,2025-11-19 15:06:17,2025-11-19 23:36:17,Security,P3 - Medium,Resolved,24,8.5,4.0,Email,R&D,AGT-07
TKT-04126,2025-09-30 15:33:00,2025-09-30 23:57:00,Security,P3 - Medium,Closed,24,8.4,5.0,Phone,Sales,AGT-07
TKT-00586,2026-04-06 18:23:25,2026-04-07 04:17:25,Access & Accounts,P2 - High,Resolved,8,9.9,2.0,Email,Customer Support,AGT-02
TKT-04825,2026-01-09 16:59:39,2026-01-12 15:35:39,Software,P4 - Low,Closed,48,70.6,2.0,Email,Operations,AGT-03
TKT-02515,2025-10-31 16:12:39,2025-11-01 03:06:39,Hardware,P3 - Medium,Closed,24,10.9,4.0,Email,Sales,AGT-10
TKT-01350,2025-09-17 10:14:34,2025-09-17 12:08:34,Software,P3 - Medium,Resolved,24,1.9,4.0,Email,Finance,AGT-01
TKT-01008,2025-12-04 11:49:58,2025-12-05 08:19:58,Network,P4 - Low,Closed,48,20.5,5.0,Portal,HR,AGT-06
TKT-00675,2026-03-23 13:44:41,2026-03-24 17:44:41,Network,P3 - Medium,Closed,24,28.0,2.0,Phone,IT,AGT-06
TKT-02413,2026-01-12 12:28:02,2026-01-12 21:40:02,Network,P4 - Low,Closed,48,9.2,5.0,Portal,Customer Support,AGT-05
TKT-02904,2026-08-27 11:20:17,2026-08-27 21:44:17,Network,P4 - Low,Closed,48,10.4,4.0,Phone,Customer Support,AGT-04
TKT-00448,2026-03-29 09:41:46,2026-03-29 15:47:46,Hardware,P3 - Medium,Closed,24,6.1,,Chat,Sales,AGT-09
TKT-03535,2026-05-05 10:57:38,2026-05-08 00:09:38,Software,P4 - Low,Resolved,48,61.2,,Phone,Customer Support,AGT-01
TKT-04382,2025-12-04 11:24:18,2025-12-04 13:00:18,Security,P2 - High,Closed,8,1.6,5.0,Chat,Customer Support,AGT-08
TKT-03769,2026-04-17 11:07:32,2026-04-18 13:49:32,Access & Accounts,P3 - Medium,Closed,24,26.7,1.0,,Operations,AGT-01
TKT-00360,2026-03-24 10:58:06,2026-03-25 00:04:06,Software,P4 - Low,Closed,48,13.1,5.0,Portal,Finance,AGT-01
TKT-02065,2026-01-14 11:12:38,2026-01-14 19:36:38,EMAIL & COLLABORATION,P4 - Low,Closed,48,8.4,4.0,Phone,Customer Support,AGT-11
TKT-04485,2026-07-06 11:14:48,2026-07-06 18:26:48,Software,P3 - Medium,Closed,24,7.2,5.0,Email,Customer Support,AGT-03
TKT-03876,2026-01-09 16:10:07,2026-01-10 11:58:07,Hardware,P4 - Low,Resolved,48,19.8,5.0,Portal,Operations,AGT-10
TKT-01691,2026-06-05 13:07:33,2026-06-05 16:55:33,Network,P2 - High,Resolved,8,3.8,4.0,Email,Sales,AGT-06
TKT-04567,2026-05-25 16:32:34,2026-05-25 20:44:34,Email & Collaboration,P3 - Medium,Resolved,24,4.2,,,Operations,AGT-11
TKT-01549,2025-12-02 10:50:31,2025-12-02 22:02:31,Network,P3 - Medium,Closed,24,11.2,4.0,Email,Sales,AGT-05
TKT-01248,2025-10-21 16:40:44,2025-10-22 01:22:44,NETWORK,P3 - Medium,Closed,24,8.7,4.0,Phone,Sales,AGT-06
TKT-01986,2026-07-30 16:51:23,2026-07-30 18:45:23,Hardware,P2 - High,Closed,8,1.9,4.0,Email,HR,AGT-10
TKT-00295,2026-06-28 13:56:36,,Email & Collaboration,P2 - High,In Progress,8,,,Chat,R&D,AGT-03
TKT-01548,2026-05-22 09:00:51,2026-05-22 14:36:51,Hardware,P3 - Medium,Closed,24,5.6,,Phone,R&D,AGT-10
TKT-02013,2025-09-25 14:12:31,2025-09-25 18:06:31,Email & Collaboration,P3 - Medium,Closed,24,3.9,4.0,Email,Sales,AGT-03
TKT-00589,2025-10-15 14:35:21,2025-10-15 21:29:21,Network,P1 - Critical,Resolved,4,6.9,,Email,Operations,AGT-04
TKT-03330,2025-10-28 10:23:59,,Software,P4 - Low,In Progress,48,,,Portal,Operations,AGT-11
TKT-02404,2026-07-16 14:12:03,2026-07-17 05:00:03,Network,P3 - Medium,Resolved,24,14.8,5.0,Email,R&D,AGT-12
TKT-02130,2025-08-11 12:36:25,2025-08-12 02:12:25,Network,P4 - Low,Resolved,48,13.6,4.0,Phone,IT,AGT-04
TKT-04423,2026-03-30 15:22:07,2026-04-01 17:22:07,Email & Collaboration,P3 - Medium,Resolved,24,50.0,3.0,Phone,Sales,AGT-01
TKT-03509,2026-04-24 18:02:54,2026-04-25 05:32:54,Software,P3 - Medium,Closed,24,11.5,4.0,Portal,Customer Support,AGT-01
TKT-02411,2026-04-25 15:56:54,2026-04-25 18:02:54,Access & Accounts,P3 - Medium,Closed,24,2.1,3.0,Chat,IT,AGT-02
TKT-02720,2026-03-06 16:56:25,2026-03-07 02:20:25,Software,P3 - Medium,Resolved,24,9.4,,Chat,Operations,AGT-02
TKT-04590,2026-07-14 12:27:04,2026-07-14 23:15:04,Software,P3 - Medium,Resolved,24,10.8,4.0,Email,IT,AGT-03
TKT-00426,2026-06-11 18:50:51,2026-06-12 04:14:51,Software,P3 - Medium,Closed,24,9.4,4.0,Email,IT,AGT-01
TKT-02583,2025-09-01 10:47:57,2025-09-05 09:47:57,Software,P4 - Low,Closed,48,95.0,2.0,Chat,Sales,AGT-11
TKT-01055,2025-11-20 12:26:08,2025-11-20 14:08:08,Software,P2 - High,Resolved,8,1.7,,,Sales,AGT-11
TKT-04037,2025-12-02 13:56:14,2025-12-02 14:56:14,Software,P1 - Critical,Resolved,4,1.0,5.0,Portal,Customer Support,AGT-01
TKT-04598,2025-10-10 16:15:46,2025-10-14 05:39:46,Network,P4 - Low,Resolved,48,85.4,2.0,Email,Customer Support,AGT-06
TKT-00557,2025-11-24 11:12:57,2025-11-24 20:12:57,Security,P1 - Critical,Closed,4,9.0,2.0,Email,R&D,AGT-08
TKT-04393,2026-02-20 15:30:42,2026-02-20 16:30:42,Software,P1 - Critical,Closed,4,1.0,4.0,Portal,Customer Support,AGT-02
TKT-04316,2026-04-01 10:15:51,2026-04-01 17:09:51,Network,P4 - Low,Resolved,48,6.9,5.0,Email,Finance,AGT-06
TKT-04751,2025-10-17 10:31:55,2025-10-18 13:19:55,network,P3 - Medium,Resolved,24,26.8,1.0,Chat,Customer Support,AGT-06
TKT-02470,2025-12-11 15:22:42,2025-12-11 19:52:42,Network,P3 - Medium,Closed,24,4.5,4.0,Portal,Operations,AGT-06
TKT-04749,2026-07-08 18:11:14,2026-07-10 17:53:14,software,P3 - Medium,Closed,24,47.7,2.0,Portal,Customer Support,AGT-01
TKT-00356,2026-02-23 15:53:33,2026-02-23 18:17:33,Software,P2 - High,Closed,8,2.4,4.0,Portal,Customer Support,AGT-03
TKT-01194,2026-08-19 13:46:07,2026-08-19 22:22:07,Access & Accounts,P3 - Medium,Closed,24,8.6,5.0,Chat,HR,AGT-01
TKT-01717,2025-12-11 16:26:38,2025-12-11 22:14:38,Hardware,P3 - Medium,Closed,24,5.8,5.0,Portal,R&D,AGT-09
TKT-03417,2026-04-01 13:05:26,2026-04-01 14:05:26,Software,P1 - Critical,Closed,4,1.0,5.0,Portal,Operations,AGT-03
TKT-02605,2025-08-13 11:03:21,2025-08-13 14:39:21,Network,P3 - Medium,Resolved,24,3.6,3.0,Chat,R&D,AGT-06
TKT-04163,2026-07-03 14:08:35,2026-07-04 00:26:35,Software,P2 - High,Closed,8,10.3,2.0,Phone,Operations,AGT-01
TKT-02829,2026-06-16 14:08:45,2026-06-16 16:26:45,Hardware,P3 - Medium,Closed,24,2.3,5.0,Phone,Finance,AGT-09
TKT-01705,2026-02-03 16:41:40,2026-02-03 18:53:40,Software,P2 - High,Closed,8,2.2,4.0,Phone,Operations,AGT-01
TKT-02864,2025-09-11 14:04:36,2025-09-11 14:52:36,Hardware,P1 - Critical,Resolved,4,0.8,4.0,Email,Operations,AGT-09
TKT-02619,2026-06-19 15:04:10,2026-06-19 17:04:10,Email & Collaboration,P1 - Critical,Resolved,4,2.0,5.0,Portal,Finance,AGT-02
TKT-02401,2026-03-23 09:32:36,2026-03-23 13:02:36,Security,P3 - Medium,Closed,24,3.5,5.0,Email,Sales,AGT-07
TKT-02140,2026-06-29 11:58:55,,NETWORK,P3 - Medium,In Progress,24,,,Phone,Operations,AGT-04
TKT-03240,2025-12-05 15:46:50,2025-12-05 19:40:50,Network,P3 - Medium,Closed,24,3.9,5.0,Email,Operations,AGT-12
TKT-02384,2025-08-05 11:57:39,2025-08-05 22:57:39,Security,P4 - Low,Resolved,48,11.0,5.0,Email,Customer Support,AGT-07
TKT-03219,2025-11-19 12:25:14,2025-11-20 08:01:14,Software,P4 - Low,Closed,48,19.6,,Portal,Sales,AGT-01
TKT-03810,2026-06-10 11:30:59,2026-06-15 02:12:59,Hardware,P4 - Low,Resolved,48,110.7,3.0,Email,IT,AGT-09
TKT-01286,2026-08-02 14:07:56,2026-08-02 19:13:56,Access & Accounts,P2 - High,Closed,8,5.1,5.0,Portal,Finance,AGT-11
TKT-03862,2025-08-12 08:48:58,2025-08-12 14:24:58,Network,P3 - Medium,Closed,24,5.6,4.0,Phone,Operations,AGT-05
TKT-03907,2026-06-16 09:52:15,2026-06-17 20:46:15,Network,P4 - Low,Closed,48,34.9,5.0,Portal,HR,AGT-05
TKT-04504,2026-01-28 16:39:58,2026-01-29 15:09:58,Email & Collaboration,P4 - Low,Closed,48,22.5,4.0,Email,Sales,AGT-02
TKT-02088,2025-12-16 16:57:59,2025-12-16 21:27:59,Software,P2 - High,Resolved,8,4.5,4.0,Portal,Finance,AGT-03
TKT-01890,2026-01-22 16:00:14,2026-01-23 13:18:14,Access & Accounts,P4 - Low,Resolved,48,21.3,5.0,Chat,R&D,AGT-11
TKT-03569,2026-06-25 12:25:45,2026-06-25 16:13:45,SECURITY,P2 - High,Resolved,8,3.8,4.0,Email,Finance,AGT-08
TKT-01592,2025-08-24 13:13:02,2025-08-25 00:55:02,Access & Accounts,P3 - Medium,Closed,24,11.7,5.0,Email,HR,AGT-11
TKT-01347,2026-01-14 12:57:13,2026-01-14 21:57:13,Software,P3 - Medium,Closed,24,9.0,5.0,Portal,Sales,AGT-03
TKT-04689,2026-07-02 11:09:36,2026-07-02 20:03:36,Network,P4 - Low,Resolved,48,8.9,3.0,Email,Operations,AGT-12
TKT-02163,2026-01-01 12:44:31,2026-01-01 16:44:31,Software,P2 - High,Closed,8,4.0,4.0,Phone,Finance,AGT-02
TKT-02397,2025-11-10 09:50:02,2025-11-10 18:26:02,Network,P4 - Low,Resolved,48,8.6,4.0,Portal,Customer Support,AGT-04
TKT-03709,2026-01-20 16:52:00,2026-01-20 20:58:00,Email & Collaboration,P4 - Low,Resolved,48,4.1,5.0,Email,HR,AGT-11
TKT-02272,2026-03-30 12:29:31,2026-03-30 16:05:31,Hardware,P3 - Medium,Resolved,24,3.6,,Portal,HR,AGT-09
TKT-04526,2026-03-08 11:22:50,2026-03-08 16:58:50,access & accounts,P3 - Medium,Closed,24,5.6,,Phone,Operations,AGT-02
TKT-03112,2025-11-10 09:46:28,2025-11-10 16:40:28, Email & Collaboration ,P3 - Medium,Closed,24,6.9,4.0,Portal,Sales,AGT-11
TKT-01138,2026-01-14 14:13:45,2026-01-15 04:49:45,Network,P4 - Low,Closed,48,14.6,,Chat,HR,AGT-06
TKT-03965,2025-12-15 10:36:35,2025-12-15 16:12:35,Hardware,P3 - Medium,Resolved,24,5.6,5.0,Portal,Operations,AGT-10
TKT-00973,2025-09-17 12:46:46,2025-09-17 21:58:46,Access & Accounts,P3 - Medium,Resolved,24,9.2,,Portal,HR,AGT-11
TKT-00796,2025-12-15 11:44:41,2025-12-15 16:38:41,Access & Accounts,P3 - Medium,Closed,24,4.9,4.0,Portal,R&D,AGT-11
TKT-03021,2026-01-02 17:17:19,2026-01-03 07:23:19,Email & Collaboration,P4 - Low,Closed,48,14.1,5.0,Portal,R&D,AGT-03
TKT-01712,2025-12-29 14:39:58,2025-12-30 19:51:58,Hardware,P4 - Low,Closed,48,29.2,5.0,Phone,R&D,AGT-10
TKT-03388,2026-08-06 11:34:01,2026-08-06 17:04:01,Software,P3 - Medium,Closed,24,5.5,4.0,Chat,Sales,AGT-01
TKT-00037,2025-09-22 12:56:30,2025-09-22 22:20:30,SECURITY,P3 - Medium,Resolved,24,9.4,5.0,Email,Sales,AGT-07
TKT-00454,2025-10-08 14:08:37,2025-10-10 01:14:37,Network,P3 - Medium,Closed,24,35.1,3.0,Phone,HR,AGT-04
TKT-00914,2026-08-21 08:38:51,,Access & Accounts,P4 - Low,In Progress,48,,,Email,Operations,AGT-03
TKT-04123,2026-07-15 11:38:55,2026-07-15 16:02:55,Email & Collaboration,P3 - Medium,Resolved,24,4.4,5.0,,Customer Support,AGT-01
TKT-01200,2026-05-15 18:11:46,2026-05-15 23:17:46,software,P3 - Medium,Closed,24,5.1,4.0,Portal,Sales,AGT-11
TKT-01275,2025-09-19 10:40:00,2025-09-19 18:22:00,Software,P3 - Medium,Closed,24,7.7,4.0,Phone,Customer Support,AGT-01
TKT-02376,2025-09-29 17:54:53,2025-09-30 01:48:53,Access & Accounts,P3 - Medium,Resolved,24,7.9,3.0,Email,Finance,AGT-02
TKT-00038,2026-02-04 18:36:13,2026-02-04 21:36:13,Network,P3 - Medium,Resolved,24,3.0,,Phone,Customer Support,AGT-04
TKT-00975,2025-12-05 14:50:53,2025-12-06 06:56:53,Hardware,P4 - Low,Closed,48,16.1,4.0,Email,Finance,AGT-10
TKT-03196,2025-12-31 12:24:27,2025-12-31 14:48:27,SOFTWARE,P2 - High,Closed,8,2.4,4.0,Portal,Finance,AGT-11
TKT-00984,2026-02-01 13:51:10,2026-02-02 02:09:10,Network,P3 - Medium,Resolved,24,12.3,,Email,Operations,AGT-04
TKT-03974,2025-10-17 11:46:30,2025-10-17 15:04:30,Network,P3 - Medium,Closed,24,3.3,4.0,Portal,HR,AGT-12
TKT-04716,2025-10-16 12:43:41,2025-10-17 17:25:41,Software,P3 - Medium,Closed,24,28.7,,Portal,Sales,AGT-01
TKT-01419,2026-07-20 11:15:43,2026-07-21 21:33:43,Software,P3 - Medium,Resolved,24,34.3,3.0,Portal,R&D,AGT-03
TKT-03333,2025-08-12 14:45:39,2025-08-12 21:33:39,Software,P3 - Medium,Closed,24,6.8,,Portal,Customer Support,AGT-02
TKT-01561,2026-08-27 12:56:34,2026-08-28 02:20:34,access & accounts,P3 - Medium,Closed,24,13.4,5.0,Phone,Customer Support,AGT-02
TKT-00040,2026-04-21 12:54:43,2026-04-21 18:06:43, Security ,P3 - Medium,Resolved,24,5.2,5.0,Portal,Finance,AGT-07
TKT-01487,2026-08-20 13:42:00,2026-08-21 06:54:00,Hardware,P4 - Low,Closed,48,17.2,4.0,Phone,R&D,AGT-10
TKT-03952,2026-08-12 15:33:57,2026-08-12 17:15:57,Software,P2 - High,Closed,8,1.7,5.0,Portal,Sales,AGT-03
TKT-00170,2026-08-10 15:14:16,,Access & Accounts,P3 - Medium,In Progress,24,,,Portal,IT,AGT-03
TKT-01356,2025-08-11 12:22:46,2025-08-11 13:58:46,Software,P1 - Critical,Resolved,4,1.6,5.0,,Sales,AGT-03
TKT-02786,2026-04-29 13:30:30,2026-04-29 22:18:30,Network,P3 - Medium,Closed,24,8.8,5.0,Portal,R&D,AGT-06
TKT-03698,2025-08-20 09:11:22,2025-08-21 03:23:22,Access & Accounts,P4 - Low,Closed,48,18.2,3.0,Portal,Customer Support,AGT-11
TKT-04788,2026-05-21 12:08:13,2026-05-21 15:26:13,Email & Collaboration,P2 - High,Resolved,8,3.3,,Portal,R&D,AGT-01
TKT-04076,2026-01-07 14:21:46,2026-01-07 22:45:46,Network,P3 - Medium,Closed,24,8.4,4.0,Phone,Operations,AGT-04
TKT-02683,2025-09-30 10:45:13,2025-09-30 13:33:13,Software,P3 - Medium,Closed,24,2.8,5.0,Email,Customer Support,AGT-02
TKT-04743,2026-06-03 13:20:40,2026-06-04 05:38:40,network,P4 - Low,Resolved,48,16.3,5.0,Portal,Operations,AGT-12
TKT-04097,2026-03-20 11:01:21,2026-03-21 05:55:21,Software,P4 - Low,Closed,48,18.9,4.0,Email,Finance,AGT-01
TKT-01641,2026-05-24 12:03:35,2026-05-25 00:21:35,Software,P4 - Low,Resolved,48,12.3,5.0,Email,Operations,AGT-03
TKT-01291,2026-01-29 11:41:50,2026-01-30 23:59:50,Software,P4 - Low,Resolved,48,36.3,3.0,Phone,Sales,AGT-01
TKT-01381,2026-01-16 12:44:56,2026-01-16 23:26:56,Email & Collaboration,P4 - Low,Resolved,48,10.7,5.0,Email,Sales,AGT-02
TKT-01934,2026-06-15 10:50:24,2026-06-17 05:02:24,Hardware,P3 - Medium,Closed,24,42.2,2.0,Portal,Finance,AGT-10
TKT-00580,2025-12-12 08:18:55,2025-12-13 22:48:55,Software,P3 - Medium,Closed,24,38.5,2.0,Phone,Customer Support,AGT-11
TKT-04254,2026-02-25 10:23:46,2026-02-27 10:47:46,Software,P3 - Medium,Closed,24,48.4,,Email,Customer Support,AGT-02
TKT-03161,2026-08-21 12:25:20,2026-08-22 02:37:20,Access & Accounts,P3 - Medium,Closed,24,14.2,,Portal,Finance,AGT-02
TKT-02031,2025-08-10 16:33:55,2025-08-11 10:33:55,Access & Accounts,P4 - Low,Closed,48,18.0,4.0,Email,R&D,AGT-03
TKT-00893,2025-11-05 14:05:30,2025-11-05 15:41:30,Software,P1 - Critical,Resolved,4,1.6,4.0,Email,Customer Support,AGT-03
TKT-04131,2026-05-14 12:37:09,2026-05-16 23:13:09,Software,P4 - Low,Resolved,48,58.6,2.0,Email,Operations,AGT-01
TKT-00781,2025-11-09 12:28:21,2025-11-09 20:22:21,Network,P3 - Medium,Closed,24,7.9,5.0,Email,R&D,AGT-12
TKT-00160,2026-05-29 12:45:19,2026-06-01 21:09:19,Network,P4 - Low,Resolved,48,80.4,2.0,Portal,R&D,AGT-05
TKT-00003,2026-07-03 09:39:26,2026-07-03 11:33:26,Software,P1 - Critical,Closed,4,1.9,4.0,Chat,Customer Support,AGT-01
TKT-02264,2025-09-06 13:02:04,2025-09-07 03:26:04,HARDWARE,P4 - Low,Closed,48,14.4,3.0,Portal,HR,AGT-10
TKT-03217,2025-12-18 14:09:50,2025-12-18 22:33:50,Access & Accounts,P3 - Medium,Resolved,24,8.4,5.0,Email,Customer Support,AGT-11
TKT-02110,2025-10-03 15:43:09,2025-10-04 04:31:09,Hardware,P4 - Low,Resolved,48,12.8,5.0,Email,Sales,AGT-09
TKT-00850,2026-08-13 14:34:33,2026-08-14 23:28:33,Email & Collaboration,P3 - Medium,Closed,24,32.9,2.0,Portal,Customer Support,AGT-01
TKT-02738,2026-02-25 12:53:04,2026-02-25 13:11:04,Access & Accounts,P1 - Critical,Resolved,4,0.3,5.0,Phone,Sales,AGT-01
TKT-02467,2026-06-22 13:04:12,2026-06-23 06:34:12,Network,P4 - Low,Resolved,48,17.5,4.0,Portal,Finance,AGT-06
TKT-03762,2025-12-08 17:41:14,2025-12-09 00:35:14,Network,P3 - Medium,Resolved,24,6.9,5.0,Portal,Operations,AGT-04
TKT-04069,2026-07-23 10:22:12,,Email & Collaboration,P1 - Critical,In Progress,4,,,Portal,Customer Support,AGT-11
TKT-01597,2025-10-15 10:37:55,2025-10-15 20:19:55,Software,P3 - Medium,Closed,24,9.7,3.0,Portal,Operations,AGT-01
TKT-01777,2026-05-07 15:34:42,2026-05-07 20:16:42,Access & Accounts,P1 - Critical,Closed,4,4.7,3.0,Email,Operations,AGT-02
TKT-01914,2026-03-04 14:31:57,2026-03-05 15:49:57,Access & Accounts,P4 - Low,Closed,48,25.3,4.0,Portal,HR,AGT-01
TKT-01044,2026-04-17 15:12:16,2026-04-17 16:30:16,Software,P2 - High,Resolved,8,1.3,,Portal,Customer Support,AGT-01
TKT-04752,2026-02-25 13:54:53,2026-02-25 15:24:53,Access & Accounts,P2 - High,Resolved,8,1.5,5.0,Portal,Finance,AGT-03
TKT-01545,2026-01-30 12:14:06,2026-01-30 15:14:06,Email & Collaboration,P2 - High,Closed,8,3.0,4.0,Email,Sales,AGT-03
TKT-02737,2025-10-10 15:40:50,2025-10-11 22:40:50,NETWORK,P3 - Medium,Closed,24,31.0,,Portal,Operations,AGT-04
TKT-03772,2026-08-13 10:30:32,2026-08-14 04:12:32,Software,P2 - High,Resolved,8,17.7,2.0,Chat,Customer Support,AGT-03
TKT-04655,2026-01-12 12:56:22,2026-01-13 01:26:22,Hardware,P4 - Low,Closed,48,12.5,4.0,Portal,Customer Support,AGT-10
TKT-00054,2026-04-19 10:49:17,2026-04-19 12:31:17,Hardware,P2 - High,Closed,8,1.7,5.0,Portal,Finance,AGT-09
TKT-01797,2026-03-12 16:21:27,2026-03-12 22:51:27,Hardware,P4 - Low,Closed,48,6.5,,Email,HR,AGT-09
TKT-03589,2026-06-03 12:02:53,2026-06-03 16:20:53,Network,P3 - Medium,Closed,24,4.3,5.0,Portal,Operations,AGT-04
TKT-01912,2025-10-10 14:45:44,2025-10-10 17:09:44,Software,P3 - Medium,Resolved,24,2.4,5.0,Portal,Customer Support,AGT-03
TKT-02307,2026-02-21 14:25:14,2026-02-21 17:01:14,Software,P2 - High,Closed,8,2.6,,Portal,Operations,AGT-03
TKT-02554,2026-08-08 11:10:56,2026-08-12 18:22:56,Software,P4 - Low,Closed,48,103.2,2.0,Email,Operations,AGT-01
TKT-02801,2026-08-27 14:25:45,2026-08-29 07:43:45,Hardware,P3 - Medium,Closed,24,41.3,,Portal,IT,AGT-10
TKT-00937,2026-08-05 12:07:21,2026-08-05 14:49:21,Email & Collaboration,P2 - High,Closed,8,2.7,5.0,Email,Sales,AGT-01
TKT-04161,2026-02-23 11:52:01,2026-02-23 17:46:01,Hardware,P3 - Medium,Resolved,24,5.9,4.0,Phone,Sales,AGT-09
TKT-00825,2026-06-25 16:10:18,2026-06-25 18:34:18,Software,P3 - Medium,Closed,24,2.4,4.0,Email,HR,AGT-01
TKT-04773,2025-08-03 09:59:33,2025-08-03 11:35:33,Hardware,P2 - High,Resolved,8,1.6,,Phone,IT,AGT-09
TKT-03179,2025-08-03 13:28:55,2025-08-03 22:58:55,Security,P4 - Low,Closed,48,9.5,5.0,Email,HR,AGT-08
TKT-03402,2026-06-24 14:55:44,2026-06-25 03:55:44,Software,P4 - Low,Resolved,48,13.0,5.0,Portal,IT,AGT-03
TKT-01390,2025-08-19 11:31:42,2025-08-19 14:01:42,Hardware,P2 - High,Closed,8,2.5,4.0,Portal,Customer Support,AGT-09
TKT-03565,2026-08-18 10:38:52,2026-08-18 18:14:52,hardware,P4 - Low,Closed,48,7.6,3.0,Portal,Sales,AGT-09
TKT-04917,2026-05-21 16:05:13,2026-05-22 17:23:13, Network ,P3 - Medium,Closed,24,25.3,,,Operations,AGT-06
TKT-00885,2025-10-17 15:16:23,2025-10-17 17:40:23,Access & Accounts,P3 - Medium,Resolved,24,2.4,3.0,Portal,R&D,AGT-01
TKT-03871,2025-12-24 16:52:10,2025-12-26 16:22:10,Software,P3 - Medium,Resolved,24,47.5,1.0,Email,Customer Support,AGT-01
TKT-03647,2025-12-16 11:53:37,2025-12-16 17:35:37,Software,P3 - Medium,Closed,24,5.7,4.0,Phone,Operations,AGT-11
TKT-01608,2025-11-13 11:04:03,2025-11-15 06:04:03, Software ,P4 - Low,Resolved,48,43.0,5.0,Email,Operations,AGT-02
TKT-01595,2026-06-24 14:24:48,2026-06-26 17:42:48,HARDWARE,P3 - Medium,Closed,24,51.3,2.0,Email,Sales,AGT-10
TKT-00772,2026-03-12 16:43:31,2026-03-12 22:13:31,Network,P3 - Medium,Closed,24,5.5,5.0,Chat,R&D,AGT-05
TKT-02612,2026-06-18 14:49:42,2026-06-18 18:01:42,Hardware,P2 - High,Resolved,8,3.2,3.0,Portal,HR,AGT-10
TKT-03922,2026-07-07 17:43:13,2026-07-08 15:19:13,NetWork,P4 - Low,Closed,48,21.6,,Portal,Sales,AGT-06
TKT-02274,2026-06-26 14:53:41,2026-06-26 15:59:41,Access & Accounts,P2 - High,Closed,8,1.1,,Chat,HR,AGT-11
TKT-01869,2026-02-24 13:45:20,2026-02-24 23:45:20,Network,P3 - Medium,Resolved,24,10.0,,,Sales,AGT-05
TKT-01086,2026-05-20 13:15:32,2026-05-20 23:45:32,Hardware,P3 - Medium,Resolved,24,10.5,5.0,Phone,IT,AGT-10
TKT-00011,2025-12-24 16:22:50,2025-12-24 21:52:50,Network,P3 - Medium,Closed,24,5.5,,Portal,HR,AGT-05
TKT-03677,2025-12-05 12:46:37,2025-12-05 18:34:37,Access & Accounts,P3 - Medium,Resolved,24,5.8,4.0,Chat,Customer Support,AGT-03
TKT-01326,2026-07-11 15:50:13,2026-07-12 08:32:13,Hardware,P4 - Low,Closed,48,16.7,3.0,Portal,Sales,AGT-09
TKT-03391,2025-09-24 09:01:31,2025-09-24 17:25:31,Network,P3 - Medium,Closed,24,8.4,3.0,Email,Customer Support,AGT-12
TKT-01464,2025-12-04 11:43:26,2025-12-04 21:37:26,Network,P4 - Low,Resolved,48,9.9,4.0,Email,Customer Support,AGT-05
TKT-00807,2026-04-29 13:09:06,2026-04-29 22:27:06,Security,P3 - Medium,Closed,24,9.3,5.0,Portal,Customer Support,AGT-08
TKT-03801,2025-08-07 14:57:54,2025-08-07 20:39:54,Network,P4 - Low,Resolved,48,5.7,,Phone,Sales,AGT-06
TKT-04056,2026-06-30 12:20:05,2026-06-30 19:26:05,Hardware,P3 - Medium,Closed,24,7.1,,Portal,Sales,AGT-10
TKT-03837,2026-04-27 10:17:36,2026-04-27 16:29:36,Network,P3 - Medium,Closed,24,6.2,,Email,Operations,AGT-06
TKT-02109,2025-12-12 18:57:59,2025-12-13 05:03:59,Software,P4 - Low,Closed,48,10.1,5.0,Portal,Customer Support,AGT-11
TKT-04270,2026-05-25 11:53:54,2026-05-25 14:23:54,Network,P3 - Medium,Closed,24,2.5,5.0,Chat,Customer Support,AGT-05
TKT-04997,2025-10-06 11:31:20,2025-10-08 06:19:20,Hardware,P3 - Medium,Closed,24,42.8,,Portal,Operations,AGT-09
TKT-02235,2026-05-21 13:35:13,2026-05-22 19:35:13,Hardware,P3 - Medium,Resolved,24,30.0,1.0,Portal,Sales,AGT-09
TKT-03212,2026-05-04 14:55:07,,Access & Accounts,P3 - Medium,In Progress,24,,,Portal,Finance,AGT-01
TKT-00964,2025-09-19 11:30:54,2025-09-19 12:12:54,Email & Collaboration,P2 - High,Closed,8,0.7,5.0,Portal,HR,AGT-01
TKT-03416,2025-10-30 10:56:12,2025-10-30 12:44:12,Hardware,P2 - High,Closed,8,1.8,4.0,Portal,Finance,AGT-09
TKT-04384,2026-02-02 14:06:22,2026-02-02 20:18:22,Access & Accounts,P3 - Medium,Closed,24,6.2,4.0,Email,IT,AGT-11
TKT-00399,2026-01-28 13:36:54,2026-01-28 14:48:54,Email & Collaboration,P2 - High,Resolved,8,1.2,4.0,Email,Sales,AGT-02
TKT-02633,2026-07-15 11:47:25,2026-07-16 05:17:25,Network,P3 - Medium,Resolved,24,17.5,,Email,Operations,AGT-05
TKT-04891,2025-10-28 13:50:37,2025-10-28 16:02:37,Hardware,P2 - High,Closed,8,2.2,4.0,Email,R&D,AGT-09
TKT-02997,2026-04-15 13:31:10,2026-04-15 14:25:10,Access & Accounts,P1 - Critical,Resolved,4,0.9,5.0,Phone,Finance,AGT-03
TKT-00705,2025-11-20 14:07:12,2025-11-22 18:37:12,Access & Accounts,P3 - Medium,Resolved,24,52.5,2.0,Email,Finance,AGT-02
TKT-00432,2026-05-31 14:41:44,2026-06-01 09:53:44,Access & Accounts,P4 - Low,Closed,48,19.2,4.0,Portal,IT,AGT-01
TKT-00293,2026-07-29 14:26:57,2026-07-31 11:14:57,Access & Accounts,P3 - Medium,Closed,24,44.8,,Portal,Sales,AGT-03
TKT-04907,2026-07-12 16:35:00,2026-07-12 22:59:00,Hardware,P3 - Medium,Closed,24,6.4,4.0,Portal,Customer Support,AGT-10
TKT-00146,2025-11-13 11:38:26,2025-11-14 03:38:26,Network,P4 - Low,Resolved,48,16.0,4.0,Chat,Sales,AGT-12
TKT-04180,2026-07-20 12:24:05,2026-07-21 02:12:05,Network,P3 - Medium,Resolved,24,13.8,5.0,Chat,Operations,AGT-04
TKT-02034,2026-01-13 12:19:35,2026-01-13 19:25:35,Hardware,P3 - Medium,Closed,24,7.1,4.0,Email,Customer Support,AGT-09
TKT-04240,2026-04-15 15:09:56,2026-04-18 01:21:56,Access & Accounts,P3 - Medium,Resolved,24,58.2,2.0,Email,Sales,AGT-01
TKT-01166,2026-07-04 11:04:53,2026-07-04 22:04:53,Network,P3 - Medium,Closed,24,11.0,4.0,Portal,Customer Support,AGT-12
TKT-03501,2026-01-10 13:36:21,2026-01-10 22:48:21,Software,P3 - Medium,Resolved,24,9.2,4.0,Portal,Finance,AGT-11
TKT-02051,2026-08-24 11:59:31,2026-08-24 23:47:31,Hardware,P4 - Low,Closed,48,11.8,4.0,Chat,Operations,AGT-10
TKT-02625,2026-03-12 09:37:55,2026-03-13 00:55:55,Email & Collaboration,P3 - Medium,Resolved,24,15.3,5.0,Chat,HR,AGT-03
TKT-04413,2026-05-19 10:47:40,2026-05-20 03:11:40,Software,P4 - Low,Resolved,48,16.4,4.0,Portal,Operations,AGT-01
TKT-00340,2026-08-03 15:23:22,2026-08-03 17:17:22,Hardware,P2 - High,Resolved,8,1.9,4.0,Portal,Sales,AGT-09
TKT-03948,2025-09-05 14:51:35,2025-09-05 23:03:35,Network,P4 - Low,Closed,48,8.2,4.0,Email,Sales,AGT-06
TKT-03738,2026-05-12 13:22:41,2026-05-12 18:52:41,Access & Accounts,P3 - Medium,Resolved,24,5.5,3.0,Portal,Sales,AGT-11
TKT-02974,2026-07-31 17:36:49,2026-08-01 00:06:49, Security ,P2 - High,Resolved,8,6.5,3.0,Portal,Finance,AGT-08
TKT-00266,2025-10-06 12:28:50,2025-10-10 04:10:50,Network,P4 - Low,Closed,48,87.7,1.0,Email,R&D,AGT-04
TKT-02425,2026-07-20 12:00:02,2026-07-21 04:00:02,Email & Collaboration,P4 - Low,Closed,48,16.0,5.0,Email,IT,AGT-01
TKT-01263,2025-12-05 11:07:13,2025-12-05 12:37:13,Email & Collaboration,P2 - High,Resolved,8,1.5,4.0,Phone,Sales,AGT-01
TKT-01772,2026-06-01 11:58:58,2026-06-01 18:22:58,Email & Collaboration,P3 - Medium,Resolved,24,6.4,5.0,Email,IT,AGT-01
TKT-03512,2026-05-05 11:47:01,2026-05-05 23:05:01,Hardware,P4 - Low,Resolved,48,11.3,4.0,Email,HR,AGT-09
TKT-00272,2025-10-08 13:26:35,2025-10-12 05:32:35,Access & Accounts,P4 - Low,Resolved,48,88.1,,Portal,IT,AGT-11
TKT-00697,2026-05-19 11:11:08,2026-05-20 00:17:08,Email & Collaboration,P3 - Medium,Closed,24,13.1,4.0,Chat,Customer Support,AGT-11
TKT-00748,2026-01-16 16:05:00,2026-01-16 17:29:00,Access & Accounts,P2 - High,Resolved,8,1.4,,Chat,Customer Support,AGT-02
TKT-00245,2026-03-26 12:37:44,2026-03-26 19:49:44,Email & Collaboration,P4 - Low,Closed,48,7.2,5.0,Chat,HR,AGT-11
TKT-00318,2026-04-27 10:25:40,2026-04-27 20:31:40,Network,P3 - Medium,Closed,24,10.1,3.0,Email,HR,AGT-04
TKT-00477,2026-01-15 12:49:02,2026-01-15 17:37:02,Software,P4 - Low,Closed,48,4.8,4.0,Phone,IT,AGT-02
TKT-02033,2025-12-15 11:22:36,2025-12-16 02:52:36,Hardware,P4 - Low,Closed,48,15.5,4.0,Phone,Operations,AGT-10
TKT-00958,2026-02-19 15:48:53,2026-02-20 03:42:53,access & accounts,P3 - Medium,Resolved,24,11.9,4.0,Portal,Operations,AGT-11
TKT-03883,2026-05-07 12:33:07,2026-05-07 14:57:07,Software,P2 - High,Closed,8,2.4,5.0,Portal,IT,AGT-02
TKT-00814,2026-03-18 14:31:34,2026-03-18 21:19:34,Email & Collaboration,P3 - Medium,Closed,24,6.8,5.0,Phone,R&D,AGT-03
TKT-04205,2026-05-20 10:23:11,,Software,P1 - Critical,In Progress,4,,,Email,R&D,AGT-01
TKT-01915,2025-09-29 10:43:57,2025-09-29 14:01:57,Access & Accounts,P2 - High,Resolved,8,3.3,4.0,Portal,Customer Support,AGT-11
TKT-04639,2025-10-09 14:36:10,2025-10-09 23:30:10,Software,P4 - Low,Resolved,48,8.9,,Chat,Sales,AGT-01
TKT-03488,2026-05-20 10:59:14,2026-05-21 09:11:14,Network,P4 - Low,Closed,48,22.2,4.0,Email,R&D,AGT-04
TKT-01298,2025-10-06 14:56:53,2025-10-07 00:02:53,Email & Collaboration,P3 - Medium,Resolved,24,9.1,4.0,Portal,Sales,AGT-01
TKT-04101,2025-11-25 15:08:00,2025-11-27 05:20:00,Network,P3 - Medium,Closed,24,38.2,2.0,Email,R&D,AGT-04
TKT-01805,2026-04-22 11:52:09,2026-04-23 07:28:09,Network,P3 - Medium,Closed,24,19.6,,Phone,IT,AGT-05
TKT-00759,2025-08-20 14:54:39,2025-08-20 20:54:39,Access & Accounts,P3 - Medium,Closed,24,6.0,4.0,Portal,Finance,AGT-01
TKT-00251,2026-04-14 10:38:30,,Access & Accounts,P3 - Medium,In Progress,24,,,Chat,Customer Support,AGT-03
TKT-02462,2026-04-24 13:43:02,,Software,P3 - Medium,In Progress,24,,,Portal,Finance,AGT-01
TKT-00546,2026-01-23 09:03:06,2026-01-23 15:27:06,NETWORK,P3 - Medium,Resolved,24,6.4,,Portal,Operations,AGT-05
TKT-03242,2026-03-10 10:55:41,2026-03-10 15:13:41,Network,P3 - Medium,Resolved,24,4.3,4.0,Portal,Finance,AGT-04
TKT-00739,2026-01-02 15:15:25,2026-01-05 11:51:25,Network,P4 - Low,Closed,48,68.6,2.0,Email,R&D,AGT-04
TKT-00311,2026-02-04 12:16:18,2026-02-04 13:22:18,Hardware,P1 - Critical,Closed,4,1.1,4.0,Email,Customer Support,AGT-10
TKT-03846,2026-02-17 11:55:34,2026-02-17 22:01:34,software,P3 - Medium,Resolved,24,10.1,4.0,Portal,Customer Support,AGT-02
TKT-02942,2025-10-28 15:42:51,2025-10-28 16:36:51,Network,P1 - Critical,Resolved,4,0.9,5.0,Chat,Sales,AGT-05
TKT-01132,2026-02-19 13:12:01,2026-02-19 22:06:01,Security,P3 - Medium,Closed,24,8.9,4.0,Email,Customer Support,AGT-08
TKT-01450,2025-10-20 17:51:18,2025-10-20 22:15:18, Software ,P3 - Medium,Resolved,24,4.4,5.0,Portal,Customer Support,AGT-02
TKT-04960,2026-05-08 15:38:28,2026-05-08 16:44:28,Security,P1 - Critical,Closed,4,1.1,5.0,Phone,Customer Support,AGT-08
TKT-00016,2025-10-29 08:51:51,2025-10-29 18:57:51,Email & Collaboration,P3 - Medium,Resolved,24,10.1,,Portal,Operations,AGT-01
TKT-03233,2026-02-20 16:02:44,2026-02-20 23:50:44,Access & Accounts,P4 - Low,Closed,48,7.8,4.0,Chat,IT,AGT-02
TKT-02770,2026-08-25 13:24:57,,Hardware,P3 - Medium,In Progress,24,,,Email,HR,AGT-10
TKT-03469,2025-12-01 16:52:59,2025-12-02 02:58:59,Security,P4 - Low,Closed,48,10.1,,,Sales,AGT-08
TKT-00921,2025-09-08 14:30:59,2025-09-10 09:30:59,Network,P3 - Medium,Closed,24,43.0,2.0,Phone,Operations,AGT-04
TKT-03030,2025-12-26 17:28:04,2025-12-28 21:34:04,Access & Accounts,P3 - Medium,Resolved,24,52.1,2.0,Chat,Customer Support,AGT-02
TKT-01373,2026-01-07 15:41:34,2026-01-07 22:53:34,Email & Collaboration,P4 - Low,Resolved,48,7.2,5.0,Portal,Operations,AGT-03
TKT-03588,2026-02-06 17:55:19,2026-02-08 03:01:19,Network,P3 - Medium,Closed,24,33.1,2.0,Portal,IT,AGT-12
TKT-02545,2026-02-24 10:10:29,2026-02-24 13:10:29,Access & Accounts,P3 - Medium,Resolved,24,3.0,5.0,Portal,Finance,AGT-03
TKT-03599,2026-08-10 10:40:15,2026-08-10 23:10:15,Network,P4 - Low,Closed,48,12.5,,Portal,Sales,AGT-04
TKT-00039,2025-10-29 13:28:08,2025-10-29 16:10:08,Software,P2 - High,Resolved,8,2.7,4.0,Phone,HR,AGT-02
TKT-00364,2025-09-04 14:59:19,2025-09-04 16:47:19,Email & Collaboration,P2 - High,Resolved,8,1.8,3.0,Portal,Sales,AGT-03
TKT-04951,2025-10-29 15:58:24,2025-10-30 02:16:24,Security,P3 - Medium,Resolved,24,10.3,5.0,Portal,Operations,AGT-08
TKT-00183,2026-02-20 16:25:57,2026-02-20 23:07:57, Access & Accounts ,P4 - Low,Resolved,48,6.7,3.0,Portal,Finance,AGT-02
TKT-03034,2025-10-30 16:53:25,2025-10-30 18:17:25,Email & Collaboration,P2 - High,Resolved,8,1.4,4.0,Portal,Customer Support,AGT-02
TKT-02984,2026-03-26 13:33:56,2026-03-26 18:39:56,Access & Accounts,P3 - Medium,Resolved,24,5.1,5.0,Portal,Customer Support,AGT-03
TKT-01195,2026-07-09 09:29:13,2026-07-09 18:17:13,Hardware,P3 - Medium,Closed,24,8.8,4.0,Email,R&D,AGT-10
TKT-02853,2026-06-17 11:00:33,2026-06-17 20:30:33,Network,P3 - Medium,Closed,24,9.5,5.0,Portal,Operations,AGT-05
TKT-03832,2026-04-01 13:06:42,2026-04-01 18:12:42,Access & Accounts,P3 - Medium,Closed,24,5.1,5.0,Email,Customer Support,AGT-01
TKT-01122,2025-09-15 14:40:49,2025-09-15 18:22:49,email & collaboration,P3 - Medium,Closed,24,3.7,4.0,Chat,Sales,AGT-11
TKT-02236,2026-07-10 14:59:05,2026-07-11 00:53:05,Network,P3 - Medium,Resolved,24,9.9,4.0,Portal,R&D,AGT-04
TKT-02668,2025-08-28 11:39:55,2025-08-29 01:57:55,Software,P4 - Low,Closed,48,14.3,4.0,Phone,Customer Support,AGT-03
TKT-03765,2025-08-25 14:43:09,2025-08-25 21:43:09,Software,P3 - Medium,Closed,24,7.0,5.0,Portal,HR,AGT-03
TKT-03224,2026-04-30 15:51:15,2026-05-01 00:57:15,Email & Collaboration,P4 - Low,Closed,48,9.1,3.0,Portal,Operations,AGT-02
TKT-01183,2025-09-04 11:08:05,2025-09-04 20:50:05,Software,P4 - Low,Resolved,48,9.7,5.0,Portal,Operations,AGT-02
TKT-04218,2025-08-28 15:09:29,2025-08-29 08:51:29,Access & Accounts,P3 - Medium,Closed,24,17.7,4.0,Email,Finance,AGT-02
TKT-04328,2026-05-19 12:35:11,2026-05-20 01:35:11,Network,P4 - Low,Resolved,48,13.0,4.0,Email,Customer Support,AGT-04
TKT-00615,2025-11-21 12:28:26,2025-11-22 21:10:26,Hardware,P3 - Medium,Resolved,24,32.7,2.0,Email,Customer Support,AGT-09
TKT-04949,2026-04-15 09:04:06,2026-04-16 05:40:06,Software,P4 - Low,Closed,48,20.6,4.0,Email,Finance,AGT-02
TKT-01467,2026-01-19 09:47:10,2026-01-19 19:59:10,Access & Accounts,P4 - Low,Closed,48,10.2,5.0,Phone,R&D,AGT-02
TKT-00402,2026-07-27 15:44:33,2026-07-27 19:02:33,Software,P3 - Medium,Resolved,24,3.3,,Portal,Customer Support,AGT-01
TKT-03043,2026-05-28 11:52:59,2026-05-28 21:04:59,Hardware,P3 - Medium,Closed,24,9.2,4.0,Email,Operations,AGT-09
TKT-00935,2026-05-31 14:40:33,2026-06-01 07:34:33,Software,P3 - Medium,Resolved,24,16.9,5.0,Chat,Customer Support,AGT-02
TKT-02420,2026-07-31 16:30:57,2026-07-31 17:18:57,Hardware,P2 - High,Resolved,8,0.8,4.0,,HR,AGT-10
TKT-04100,2026-07-22 08:18:24,2026-07-22 12:36:24,Software,P4 - Low,Resolved,48,4.3,4.0,Email,IT,AGT-01
TKT-04550,2025-11-20 17:30:31,2025-11-21 03:12:31, Network ,P4 - Low,Resolved,48,9.7,4.0,Portal,Operations,AGT-04
TKT-02642,2026-05-26 12:42:57,2026-05-26 17:12:57,Email & Collaboration,P3 - Medium,Closed,24,4.5,5.0,Chat,R&D,AGT-01
TKT-04089,2025-08-29 13:56:21,2025-08-29 16:14:21,Software,P2 - High,Resolved,8,2.3,5.0,Phone,Operations,AGT-01
TKT-00727,2025-11-05 13:26:16,2025-11-05 20:14:16,Software,P3 - Medium,Closed,24,6.8,4.0,Email,IT,AGT-11
TKT-00827,2026-03-23 14:30:31,2026-03-28 03:00:31,Software,P4 - Low,Closed,48,108.5,2.0,Email,Finance,AGT-01
TKT-01522,2026-02-25 15:53:27,2026-02-26 03:47:27,Network,P4 - Low,Closed,48,11.9,4.0,Phone,R&D,AGT-05
TKT-04784,2026-03-18 14:12:08,2026-03-18 18:12:08,Software,P3 - Medium,Resolved,24,4.0,4.0,Portal,Finance,AGT-03
TKT-02931,2026-03-23 12:27:45,2026-03-23 15:57:45,Software,P2 - High,Resolved,8,3.5,5.0,Portal,Operations,AGT-03
TKT-00137,2026-08-12 15:51:51,2026-08-12 16:45:51,Network,P1 - Critical,Closed,4,0.9,4.0,Portal,R&D,AGT-06
TKT-03591,2026-06-12 11:06:48,2026-06-14 00:12:48,Software,P3 - Medium,Closed,24,37.1,2.0,Email,Operations,AGT-01
TKT-00629,2026-03-06 14:49:06,2026-03-06 22:31:06,Access & Accounts,P4 - Low,Resolved,48,7.7,5.0,Phone,Finance,AGT-01
TKT-00335,2025-09-22 14:41:49,2025-09-22 18:47:49,Network,P2 - High,Closed,8,4.1,,Phone,Customer Support,AGT-06
TKT-00391,2026-04-08 18:51:59,2026-04-08 23:03:59,Software,P3 - Medium,Closed,24,4.2,,Email,R&D,AGT-03
TKT-04422,2025-10-10 14:00:36,2025-10-11 09:18:36,Security,P4 - Low,Closed,48,19.3,4.0,Email,Sales,AGT-07
TKT-04916,2026-06-17 12:46:33,,Security,P3 - Medium,In Progress,24,,,Phone,Sales,AGT-07
TKT-03899,2025-09-23 16:00:02,2025-09-24 09:06:02,EMAIL & COLLABORATION,P3 - Medium,Resolved,24,17.1,,Email,IT,AGT-11
TKT-01818,2026-02-03 10:04:28,2026-02-06 20:22:28,Network,P4 - Low,Resolved,48,82.3,2.0,Email,Finance,AGT-05
TKT-00401,2025-11-27 12:47:36,2025-11-27 17:47:36,Software,P3 - Medium,Resolved,24,5.0,3.0,Email,Sales,AGT-11
TKT-00711,2026-08-26 12:37:31,2026-08-31 09:55:31,Email & Collaboration,P4 - Low,Closed,48,117.3,2.0,Email,Customer Support,AGT-11
TKT-01040,2025-09-19 10:17:57,2025-09-19 21:05:57,Network,P3 - Medium,Closed,24,10.8,,Email,Customer Support,AGT-05
TKT-04061,2026-08-14 11:27:32,2026-08-14 12:33:32,Software,P1 - Critical,Closed,4,1.1,,Chat,Customer Support,AGT-03
TKT-03360,2026-04-20 13:31:59,2026-04-20 19:19:59,Network,P3 - Medium,Resolved,24,5.8,,Email,Customer Support,AGT-06
TKT-00047,2025-12-31 12:27:21,2026-01-01 15:15:21,Network,P4 - Low,Closed,48,26.8,5.0,Email,Finance,AGT-04
TKT-01562,2026-03-30 14:53:11,2026-03-31 06:23:11,Software,P4 - Low,Closed,48,15.5,4.0,Portal,IT,AGT-01
TKT-04839,2025-09-18 13:28:43,2025-09-18 19:16:43,Hardware,P3 - Medium,Resolved,24,5.8,4.0,Email,Customer Support,AGT-09
TKT-03643,2026-06-17 14:08:12,2026-06-18 01:14:12,ACCESS & ACCOUNTS,P4 - Low,Closed,48,11.1,,Portal,R&D,AGT-01
TKT-03727,2026-08-13 14:25:42,2026-08-13 22:01:42,Access & Accounts,P3 - Medium,Closed,24,7.6,4.0,Portal,Finance,AGT-11
TKT-04883,2026-03-25 11:54:48,2026-03-25 23:06:48,Network,P4 - Low,Closed,48,11.2,5.0,Portal,HR,AGT-04
TKT-01113,2026-04-01 14:42:06,2026-04-01 20:00:06,Access & Accounts,P3 - Medium,Resolved,24,5.3,4.0,Chat,Customer Support,AGT-02
TKT-02514,2025-09-08 17:10:09,2025-09-09 04:28:09,Software,P4 - Low,Closed,48,11.3,,Chat,Operations,AGT-01
TKT-03609,2025-10-17 12:29:20,2025-10-17 17:59:20,EMAIL & COLLABORATION,P3 - Medium,Closed,24,5.5,5.0,Chat,Sales,AGT-03
TKT-01224,2026-04-11 14:22:22,2026-04-16 05:10:22,Security,P4 - Low,Resolved,48,110.8,2.0,Email,HR,AGT-07
TKT-04897,2025-10-27 16:58:50,2025-10-27 17:52:50,access & accounts,P1 - Critical,Resolved,4,0.9,4.0,Portal,Sales,AGT-02
TKT-03024,2026-03-12 16:39:26,2026-03-13 02:39:26,Access & Accounts,P3 - Medium,Closed,24,10.0,5.0,Portal,Finance,AGT-03
TKT-02422,2025-10-17 11:59:38,2025-10-17 17:47:38,Access & Accounts,P3 - Medium,Closed,24,5.8,,Email,Sales,AGT-11
TKT-01509,2025-10-24 15:10:42,2025-10-24 22:46:42,Hardware,P4 - Low,Resolved,48,7.6,4.0,Portal,Operations,AGT-10
TKT-01751,2026-04-09 08:51:46,2026-04-10 01:57:46,Network,P4 - Low,Resolved,48,17.1,4.0,Chat,R&D,AGT-04
TKT-04877,2025-10-27 12:39:52,2025-10-27 14:21:52,Email & Collaboration,P2 - High,Resolved,8,1.7,4.0,Phone,Operations,AGT-01
TKT-04130,2026-07-23 09:40:53,2026-07-23 18:10:53,Access & Accounts,P3 - Medium,Resolved,24,8.5,4.0,Portal,HR,AGT-01
TKT-01800,2026-04-02 12:03:24,2026-04-04 21:33:24,Hardware,P3 - Medium,Closed,24,57.5,2.0,Portal,Customer Support,AGT-10
TKT-00339,2025-09-03 10:59:34,2025-09-03 17:41:34,email & collaboration,P3 - Medium,Closed,24,6.7,,Portal,Customer Support,AGT-01
TKT-00216,2026-05-18 12:00:26,2026-05-19 00:24:26,Software,P3 - Medium,Closed,24,12.4,5.0,Portal,Finance,AGT-11
TKT-03664,2026-04-24 13:48:08,2026-04-24 19:06:08,Access & Accounts,P3 - Medium,Resolved,24,5.3,5.0,Email,HR,AGT-11
TKT-01342,2026-06-15 12:31:51,2026-06-15 20:01:51,Access & Accounts,P3 - Medium,Resolved,24,7.5,,,Customer Support,AGT-01
TKT-00012,2026-07-30 16:28:37,2026-07-31 04:22:37,Software,P4 - Low,Resolved,48,11.9,,Phone,HR,AGT-03
TKT-01521,2025-11-24 10:01:24,2025-11-28 23:25:24,Security,P4 - Low,Resolved,48,109.4,1.0,Portal,R&D,AGT-07
TKT-03641,2025-11-18 09:51:57,2025-11-18 10:33:57,NETWORK,P1 - Critical,Closed,4,0.7,4.0,Phone,R&D,AGT-04
TKT-04007,2026-02-11 18:19:15,2026-02-11 20:13:15,Email & Collaboration,P2 - High,Resolved,8,1.9,4.0,Email,Customer Support,AGT-11
TKT-04935,2026-04-06 13:14:17,2026-04-07 01:44:17,Access & Accounts,P4 - Low,Closed,48,12.5,5.0,Email,Finance,AGT-03
TKT-03005,2025-09-03 12:02:53,2025-09-03 14:44:53,Security,P2 - High,Resolved,8,2.7,3.0,Chat,Customer Support,AGT-08
TKT-02865,2026-01-11 15:07:53,2026-01-11 21:55:53,Email & Collaboration,P3 - Medium,Resolved,24,6.8,4.0,Portal,HR,AGT-02
TKT-03116,2026-04-06 09:18:59,2026-04-07 22:00:59,Network,P4 - Low,Resolved,48,36.7,5.0,Portal,Finance,AGT-05
TKT-04880,2025-12-22 09:03:25,2025-12-22 12:57:25,Access & Accounts,P3 - Medium,Closed,24,3.9,5.0,Portal,Finance,AGT-11
TKT-02323,2026-01-06 16:46:29,2026-01-07 04:28:29,Email & Collaboration,P4 - Low,Closed,48,11.7,4.0,Portal,R&D,AGT-03
TKT-02572,2026-03-08 11:53:08,2026-03-08 19:17:08,Network,P3 - Medium,Resolved,24,7.4,4.0,Phone,IT,AGT-12
TKT-02914,2026-04-22 14:18:31,2026-04-23 01:48:31,Email & Collaboration,P4 - Low,Closed,48,11.5,5.0,Chat,R&D,AGT-01
TKT-00102,2026-05-01 10:17:27,2026-05-01 19:35:27,Software,P4 - Low,Closed,48,9.3,4.0,Portal,Sales,AGT-11
TKT-03550,2026-07-01 16:27:36,2026-07-02 01:15:36,Access & Accounts,P3 - Medium,Resolved,24,8.8,4.0,Chat,Customer Support,AGT-02
TKT-01459,2026-08-06 16:32:03,2026-08-06 21:56:03,Email & Collaboration,P3 - Medium,Closed,24,5.4,,Email,IT,AGT-03
TKT-00172,2026-02-19 16:42:34,2026-02-20 10:36:34,Access & Accounts,P4 - Low,Closed,48,17.9,5.0,Chat,Sales,AGT-11
TKT-00108,2025-11-16 12:34:26,2025-11-16 18:52:26,Network,P3 - Medium,Resolved,24,6.3,,Chat,Customer Support,AGT-04
TKT-04230,2025-11-10 13:02:28,2025-11-11 03:44:28,Network,P4 - Low,Resolved,48,14.7,5.0,Portal,R&D,AGT-12
TKT-03570,2025-11-28 15:41:45,2025-11-28 18:53:45,Hardware,P2 - High,Resolved,8,3.2,5.0,Portal,Customer Support,AGT-10
TKT-00394,2026-04-27 16:58:48,2026-04-27 21:34:48,Hardware,P3 - Medium,Closed,24,4.6,5.0,Chat,Sales,AGT-10
TKT-04330,2026-07-28 13:23:07,2026-07-30 03:47:07,Email & Collaboration,P3 - Medium,Closed,24,38.4,2.0,Portal,HR,AGT-03
TKT-00025,2026-06-02 10:38:58,2026-06-02 21:08:58,Security,P4 - Low,Closed,48,10.5,4.0,Email,Operations,AGT-08
TKT-03929,2025-09-24 09:13:04,2025-09-24 15:19:04,Access & Accounts,P4 - Low,Closed,48,6.1,5.0,Phone,Sales,AGT-03
TKT-04156,2025-08-04 13:29:40,2025-08-04 15:11:40,Email & Collaboration,P2 - High,Closed,8,1.7,4.0,Portal,Sales,AGT-11
TKT-00939,2026-07-17 09:53:19,2026-07-17 13:29:19,Access & Accounts,P3 - Medium,Closed,24,3.6,,Portal,R&D,AGT-02
TKT-00061,2026-04-20 14:33:18,2026-04-21 02:39:18,Software,P4 - Low,Resolved,48,12.1,4.0,Portal,Customer Support,AGT-02
TKT-01241,2026-07-03 13:15:54,2026-07-03 14:27:54,Hardware,P2 - High,Closed,8,1.2,3.0,Chat,Sales,AGT-09
TKT-04675,2026-04-16 18:03:51,2026-04-18 13:21:51,Access & Accounts,P3 - Medium,Closed,24,43.3,2.0,Email,R&D,AGT-02
TKT-01041,2025-09-05 15:15:50,2025-09-06 00:45:50,Email & Collaboration,P3 - Medium,Closed,24,9.5,5.0,Phone,HR,AGT-11
TKT-04221,2025-10-10 15:12:06,2025-10-11 02:24:06,Network,P2 - High,Closed,8,11.2,,Chat,Finance,AGT-04
TKT-02761,2026-04-14 16:37:44,,Access & Accounts,P4 - Low,In Progress,48,,,Email,Finance,AGT-01
TKT-02121,2025-11-17 11:53:29,2025-11-18 13:53:29,Software,P3 - Medium,Resolved,24,26.0,3.0,Email,IT,AGT-03
TKT-01525,2026-05-06 13:29:41,2026-05-06 19:53:41,Hardware,P4 - Low,Closed,48,6.4,3.0,Portal,Finance,AGT-09
TKT-03522,2026-07-07 16:19:03,2026-07-09 07:25:03,Network,P3 - Medium,Closed,24,39.1,2.0,Email,IT,AGT-05
TKT-00154,2026-03-06 18:35:17,2026-03-07 02:41:17,Network,P4 - Low,Resolved,48,8.1,4.0,Portal,IT,AGT-04
TKT-02249,2025-12-31 09:36:06,2026-01-02 00:24:06,software,P4 - Low,Closed,48,38.8,,Portal,Finance,AGT-11
TKT-00482,2025-10-25 13:09:18,2025-10-26 20:39:18,Network,P3 - Medium,Resolved,24,31.5,1.0,Email,Finance,AGT-04
TKT-04267,2026-01-14 11:59:54,2026-01-14 19:53:54,Email & Collaboration,P3 - Medium,Closed,24,7.9,4.0,Portal,IT,AGT-03
TKT-04340,2026-06-16 13:49:03,2026-06-17 16:07:03,Access & Accounts,P3 - Medium,Closed,24,26.3,2.0,Email,Finance,AGT-03
TKT-03579,2026-05-20 15:02:42,2026-05-21 06:44:42, Email & Collaboration ,P3 - Medium,Resolved,24,15.7,,Email,Sales,AGT-01
TKT-04444,2026-07-24 18:30:53,2026-07-25 00:12:53,Hardware,P3 - Medium,Closed,24,5.7,4.0,Portal,HR,AGT-10
TKT-03563,2026-07-22 18:11:49,2026-07-23 19:41:49,Software,P3 - Medium,Closed,24,25.5,4.0,Portal,Operations,AGT-02
TKT-03316,2025-08-26 14:01:30,2025-08-27 01:01:30,Access & Accounts,P3 - Medium,Closed,24,11.0,4.0,Email,Finance,AGT-03
TKT-01763,2025-10-23 10:03:50,2025-10-23 16:51:50, Software ,P3 - Medium,Resolved,24,6.8,4.0,Email,Customer Support,AGT-03
TKT-03539,2025-10-01 12:16:59,2025-10-02 05:22:59,Access & Accounts,P4 - Low,Closed,48,17.1,4.0,Chat,Sales,AGT-11
TKT-04843,2025-11-17 12:22:55,2025-11-18 15:10:55,Email & Collaboration,P3 - Medium,Closed,24,26.8,,Portal,Customer Support,AGT-01
TKT-00751,2025-11-11 16:04:19,2025-11-11 23:46:19,Network,P3 - Medium,Closed,24,7.7,5.0,Email,Finance,AGT-06
TKT-03620,2026-08-13 17:06:45,,Security,P4 - Low,Open,48,,,,HR,AGT-07
TKT-01786,2026-06-26 14:43:56,2026-06-27 02:25:56,Hardware,P4 - Low,Closed,48,11.7,4.0,Phone,Operations,AGT-10
TKT-04305,2025-08-06 12:36:17,2025-08-06 14:36:17,Email & Collaboration,P2 - High,Closed,8,2.0,4.0,Portal,Finance,AGT-01
TKT-03384,2026-03-06 13:00:45,2026-03-06 15:54:45,Hardware,P1 - Critical,Closed,4,2.9,4.0,Email,R&D,AGT-10
TKT-04568,2025-08-15 14:38:28,2025-08-15 22:44:28,Network,P3 - Medium,Resolved,24,8.1,4.0,Phone,Customer Support,AGT-05
TKT-00406,2026-07-12 13:46:04,2026-07-12 20:58:04,Email & Collaboration,P4 - Low,Resolved,48,7.2,5.0,,Sales,AGT-01
TKT-00758,2026-07-31 10:00:28,2026-07-31 19:06:28,Network,P3 - Medium,Resolved,24,9.1,4.0,Phone,Customer Support,AGT-05
TKT-02712,2025-11-06 12:34:15,2025-11-07 06:16:15,Hardware,P4 - Low,Resolved,48,17.7,5.0,Portal,Sales,AGT-09
TKT-02671,2026-03-30 15:28:58,2026-03-30 21:10:58,Hardware,P3 - Medium,Resolved,24,5.7,,Portal,Sales,AGT-10
TKT-04054,2026-01-23 16:28:20,2026-01-23 18:10:20,Access & Accounts,P2 - High,Resolved,8,1.7,4.0,Chat,Customer Support,AGT-01
TKT-00098,2025-09-04 16:06:58,2025-09-05 00:06:58,Hardware,P3 - Medium,Closed,24,8.0,,Phone,Sales,AGT-10
TKT-01334,2026-08-14 15:28:22,2026-08-16 05:16:22,Access & Accounts,P4 - Low,Closed,48,37.8,4.0,Portal,Customer Support,AGT-03
TKT-04487,2026-06-02 08:15:25,2026-06-03 07:09:25,ACCESS & ACCOUNTS,P4 - Low,Closed,48,22.9,4.0,Phone,Sales,AGT-02
TKT-02792,2025-08-30 13:46:28,2025-08-31 10:58:28,Network,P4 - Low,Resolved,48,21.2,4.0,,Sales,AGT-05
TKT-02855,2026-05-26 14:27:40,2026-05-27 00:09:40,Access & Accounts,P3 - Medium,Closed,24,9.7,3.0,Email,Operations,AGT-03
TKT-00187,2025-12-25 09:35:35,2025-12-25 12:23:35,Network,P2 - High,Closed,8,2.8,,Email,HR,AGT-06
TKT-04075,2025-08-12 13:27:14,2025-08-12 14:51:14,Network,P2 - High,Closed,8,1.4,4.0,Chat,Customer Support,AGT-05
TKT-02724,2026-01-08 16:55:05,2026-01-09 02:19:05,software,P3 - Medium,Closed,24,9.4,,Portal,Finance,AGT-11
TKT-03584,2026-05-12 12:48:59,2026-05-12 16:36:59,Email & Collaboration,P3 - Medium,Closed,24,3.8,4.0,Email,Sales,AGT-03
TKT-02059,2025-09-22 10:08:34,2025-09-23 16:08:34,software,P4 - Low,Resolved,48,30.0,4.0,Phone,R&D,AGT-02
TKT-01320,2026-07-01 13:29:22,2026-07-02 03:41:22,Software,P4 - Low,Closed,48,14.2,3.0,Email,HR,AGT-01
TKT-04232,2025-08-14 13:41:15,2025-08-16 21:59:15,ACCESS & ACCOUNTS,P3 - Medium,Closed,24,56.3,2.0,Portal,Operations,AGT-02
TKT-00149,2026-01-20 18:38:14,2026-01-20 20:50:14,Software,P1 - Critical,Closed,4,2.2,4.0,Portal,Customer Support,AGT-11
TKT-00029,2025-10-01 13:42:32,2025-10-01 20:24:32,Access & Accounts,P3 - Medium,Resolved,24,6.7,5.0,Email,IT,AGT-03
TKT-04174,2025-11-25 15:17:46,2025-11-25 17:05:46,Software,P2 - High,Closed,8,1.8,5.0,Email,Finance,AGT-03
TKT-04081,2025-12-24 08:41:12,2025-12-24 20:17:12,Hardware ,P3 - Medium,Resolved,24,11.6,4.0,Email,Operations,AGT-09
TKT-03364,2026-03-23 12:59:41,2026-03-23 21:17:41,Hardware,P4 - Low,Closed,48,8.3,4.0,Email,Finance,AGT-10
TKT-00693,2025-10-31 10:11:52,2025-10-31 20:35:52,Software,P3 - Medium,Resolved,24,10.4,4.0,Email,Sales,AGT-03
TKT-02867,2026-01-08 14:57:59,2026-01-10 14:45:59,Software,P4 - Low,Closed,48,47.8,4.0,Phone,Sales,AGT-02
TKT-03777,2026-05-05 14:34:30,2026-05-05 17:04:30,Network,P2 - High,Closed,8,2.5,4.0,Email,Sales,AGT-05
TKT-01387,2026-05-05 10:40:57,2026-05-06 05:22:57,Network,P4 - Low,Closed,48,18.7,4.0,Portal,R&D,AGT-05
TKT-01846,2026-04-03 13:34:19,2026-04-04 10:46:19,Network,P4 - Low,Closed,48,21.2,5.0,Email,Sales,AGT-04
TKT-04770,2026-05-06 17:49:46,2026-05-06 19:55:46,Network,P2 - High,Closed,8,2.1,5.0,Portal,IT,AGT-06
TKT-00130,2026-03-19 12:31:11,2026-03-19 14:31:11,Software,P2 - High,Closed,8,2.0,5.0,Portal,R&D,AGT-02
TKT-01600,2025-11-13 12:56:12,2025-11-17 04:44:12, Access & Accounts ,P4 - Low,Resolved,48,87.8,3.0,Chat,R&D,AGT-11
TKT-03630,2025-10-14 11:41:45,2025-10-14 14:29:45,Security,P2 - High,Closed,8,2.8,4.0,,Operations,AGT-08
TKT-04539,2025-09-25 11:31:21,2025-09-25 21:43:21,Network,P3 - Medium,Closed,24,10.2,,Portal,HR,AGT-12
TKT-00702,2025-12-05 08:04:31,2025-12-08 19:40:31,Email & Collaboration,P4 - Low,Closed,48,83.6,2.0,Portal,Finance,AGT-01
TKT-04053,2026-03-04 12:30:44,2026-03-04 17:42:44,Hardware,P3 - Medium,Resolved,24,5.2,5.0,Email,Finance,AGT-10
TKT-03029,2026-03-25 11:04:15,2026-03-26 02:04:15,Hardware,P3 - Medium,Resolved,24,15.0,4.0,Chat,Sales,AGT-10
TKT-02970,2025-10-13 12:09:55,2025-10-14 15:33:55, Network ,P3 - Medium,Resolved,24,27.4,5.0,Portal,HR,AGT-05
TKT-04391,2025-10-19 12:15:59,2025-10-19 20:57:59,Software,P3 - Medium,Resolved,24,8.7,4.0,Portal,Operations,AGT-01
TKT-01709,2026-07-10 17:55:51,2026-07-11 04:37:51,Access & Accounts,P2 - High,Closed,8,10.7,1.0,Email,Customer Support,AGT-03
TKT-02954,2026-07-24 14:36:01,2026-07-25 03:18:01,Software,P4 - Low,Closed,48,12.7,5.0,Portal,R&D,AGT-01
TKT-00455,2025-09-05 11:46:08,2025-09-05 12:40:08,Network,P2 - High,Resolved,8,0.9,4.0,Chat,Finance,AGT-05
TKT-02869,2026-07-31 12:52:23,2026-07-31 17:34:23,Access & Accounts,P3 - Medium,Resolved,24,4.7,,Phone,Customer Support,AGT-01
TKT-02041,2025-11-20 12:34:21,2025-11-20 14:40:21,Software,P3 - Medium,Closed,24,2.1,5.0,,Customer Support,AGT-01
TKT-01773,2026-04-06 12:31:30,2026-04-06 20:13:30,Email & Collaboration,P3 - Medium,Resolved,24,7.7,,Portal,IT,AGT-02
TKT-02316,2025-11-21 15:44:58,2025-11-22 00:02:58,Email & Collaboration,P3 - Medium,Closed,24,8.3,,Portal,HR,AGT-11
TKT-00610,2026-01-21 11:32:26,2026-01-22 19:50:26,Hardware,P4 - Low,Closed,48,32.3,,Email,Sales,AGT-10
TKT-00168,2026-06-15 12:16:46,2026-06-15 15:28:46,Access & Accounts,P2 - High,Closed,8,3.2,,Email,Operations,AGT-11
TKT-00731,2025-12-02 11:09:44,2025-12-02 18:33:44,Software,P4 - Low,Resolved,48,7.4,4.0,Phone,Sales,AGT-11
TKT-04852,2026-05-14 13:05:01,2026-05-14 20:05:01,Security,P3 - Medium,Resolved,24,7.0,4.0,Phone,IT,AGT-08
TKT-03359,2026-04-23 11:27:43,2026-04-23 17:39:43,NetWork,P3 - Medium,Resolved,24,6.2,,Portal,Operations,AGT-04
TKT-03897,2025-12-01 13:58:00,2025-12-02 21:52:00,Access & Accounts,P4 - Low,Resolved,48,31.9,5.0,Email,Sales,AGT-03
TKT-02075,2026-01-01 12:13:06,2026-01-02 05:31:06,software,P4 - Low,Closed,48,17.3,4.0,Phone,Customer Support,AGT-01
TKT-04105,2026-07-23 13:42:54,2026-07-25 17:00:54,Network,P4 - Low,Closed,48,51.3,,Phone,Customer Support,AGT-04
TKT-03701,2026-07-14 14:03:47,2026-07-14 22:39:47,Hardware,P3 - Medium,Closed,24,8.6,,Portal,HR,AGT-10
TKT-01623,2026-06-15 17:21:10,2026-06-15 18:51:10,Access & Accounts,P2 - High,Closed,8,1.5,,Email,Customer Support,AGT-01
TKT-00588,2025-12-11 12:13:59,2025-12-11 15:19:59,Software,P3 - Medium,Closed,24,3.1,,Phone,Customer Support,AGT-01
TKT-01402,2025-08-26 12:41:29,2025-08-26 21:41:29,Software,P3 - Medium,Resolved,24,9.0,5.0,Email,Customer Support,AGT-01
TKT-03046,2026-08-18 13:52:14,2026-08-19 02:40:14,Network,P4 - Low,Closed,48,12.8,3.0,Portal,Operations,AGT-06
TKT-03225,2025-09-24 14:27:32,2025-09-24 16:33:32,Software,P1 - Critical,Closed,4,2.1,,Portal,Finance,AGT-01
TKT-01701,2026-07-27 13:36:10,2026-07-28 03:42:10,Software,P2 - High,Resolved,8,14.1,2.0,Email,Finance,AGT-01
TKT-03089,2026-03-03 12:49:42,2026-03-07 18:01:42,Software,P4 - Low,Closed,48,101.2,1.0,,Sales,AGT-03
TKT-04425,2026-03-20 16:18:14,2026-03-20 20:30:14,Hardware,P3 - Medium,Resolved,24,4.2,4.0,Email,Customer Support,AGT-09
TKT-02982,2025-11-18 17:18:41,2025-11-18 23:48:41,Hardware,P3 - Medium,Closed,24,6.5,5.0,Email,Sales,AGT-10
TKT-00041,2026-01-20 10:24:34,2026-01-20 21:24:34,Software,P4 - Low,Resolved,48,11.0,5.0,Portal,Finance,AGT-03
TKT-01380,2026-01-16 12:27:33,2026-01-20 22:09:33,Software,P4 - Low,Closed,48,105.7,2.0,Portal,Customer Support,AGT-11
TKT-02090,2026-01-30 15:20:02,2026-02-02 19:38:02,access & accounts,P4 - Low,Closed,48,76.3,3.0,Email,Operations,AGT-11
TKT-03925,2025-10-21 09:44:37,2025-10-22 21:32:37,Network,P3 - Medium,Closed,24,35.8,1.0,,Sales,AGT-06
TKT-02176,2026-03-11 15:25:30,2026-03-11 17:31:30,Software,P2 - High,Closed,8,2.1,5.0,Portal,Sales,AGT-11
TKT-03218,2025-08-06 13:40:32,2025-08-06 17:34:32,Network,P4 - Low,Closed,48,3.9,4.0,Portal,Sales,AGT-04
TKT-02886,2025-10-27 09:26:18,2025-10-27 14:32:18,Hardware,P3 - Medium,Resolved,24,5.1,4.0,Email,Operations,AGT-09
TKT-00075,2025-08-25 16:46:16,2025-08-25 19:52:16,Hardware,P2 - High,Closed,8,3.1,5.0,Phone,Sales,AGT-10
TKT-03979,2026-02-11 11:22:24,2026-02-11 14:34:24,Network,P2 - High,Resolved,8,3.2,5.0,Portal,IT,AGT-05
TKT-03960,2026-01-02 11:30:38,2026-01-02 22:30:38,Software,P3 - Medium,Closed,24,11.0,4.0,Portal,Operations,AGT-02
TKT-02658,2026-03-11 14:04:50,2026-03-12 01:52:50,Software,P3 - Medium,Resolved,24,11.8,3.0,Portal,HR,AGT-03
TKT-03181,2026-08-04 15:58:27,2026-08-04 19:10:27,Software,P3 - Medium,Closed,24,3.2,5.0,Email,Operations,AGT-11
TKT-02077,2026-08-19 13:11:58,2026-08-23 10:11:58,Network,P4 - Low,Closed,48,93.0,,Portal,Customer Support,AGT-05
TKT-00442,2025-10-01 15:42:57,2025-10-02 11:18:57,Email & Collaboration,P4 - Low,Resolved,48,19.6,,Phone,HR,AGT-02
TKT-04112,2026-06-22 14:13:12,2026-06-22 16:19:12,Software,P1 - Critical,Resolved,4,2.1,4.0,Portal,Sales,AGT-11
TKT-02052,2025-08-07 12:15:42,2025-08-07 21:57:42,Software,P3 - Medium,Closed,24,9.7,4.0,Email,R&D,AGT-03
TKT-02542,2026-01-20 10:03:57,2026-01-22 21:51:57,Network,P4 - Low,Closed,48,59.8,3.0,Email,IT,AGT-05
TKT-03307,2025-08-26 11:50:46,2025-08-26 15:44:46,Hardware,P3 - Medium,Closed,24,3.9,5.0,Email,Customer Support,AGT-09
TKT-01302,2026-03-10 13:25:34,2026-03-10 19:49:34, Access & Accounts ,P3 - Medium,Closed,24,6.4,5.0,Email,Finance,AGT-01
TKT-01782,2026-06-09 16:10:14,2026-06-10 05:40:14,Security,P3 - Medium,Closed,24,13.5,,Portal,Sales,AGT-08
TKT-04854,2025-09-19 11:27:20,2025-09-19 17:21:20,Security,P3 - Medium,Closed,24,5.9,4.0,Email,Customer Support,AGT-07
TKT-03431,2026-03-10 17:58:59,2026-03-11 07:58:59,Access & Accounts,P4 - Low,Resolved,48,14.0,5.0,Email,IT,AGT-01
TKT-01305,2026-06-22 11:46:53,2026-06-22 22:10:53,Security,P3 - Medium,Resolved,24,10.4,5.0,Chat,HR,AGT-07
TKT-00237,2026-01-30 17:47:12,2026-01-30 21:47:12,Access & Accounts,P3 - Medium,Closed,24,4.0,,Chat,R&D,AGT-02
TKT-02600,2026-08-09 14:03:48,2026-08-10 02:21:48,Hardware,P3 - Medium,Closed,24,12.3,4.0,Chat,Customer Support,AGT-09
TKT-00521,2026-07-02 12:47:00,2026-07-02 19:23:00,Network,P4 - Low,Closed,48,6.6,4.0,Email,Finance,AGT-05
TKT-02574,2026-06-22 08:05:03,2026-06-22 10:35:03,Access & Accounts,P3 - Medium,Closed,24,2.5,4.0,Chat,Operations,AGT-03
TKT-03281,2026-04-18 16:49:32,2026-04-18 23:37:32,Network,P3 - Medium,Closed,24,6.8,5.0,Email,Sales,AGT-05
TKT-03187,2026-05-13 10:16:57,2026-05-13 11:52:57,Software,P2 - High,Closed,8,1.6,3.0,Email,Operations,AGT-01
TKT-03954,2026-05-08 15:37:42,2026-05-12 08:13:42,NETWORK,P4 - Low,Resolved,48,88.6,3.0,Portal,HR,AGT-05
TKT-02769,2026-06-26 14:13:46,2026-06-26 22:19:46,Software,P3 - Medium,Closed,24,8.1,5.0,Chat,Finance,AGT-02
TKT-00736,2026-05-01 12:03:36,2026-05-01 17:27:36,Access & Accounts,P3 - Medium,Closed,24,5.4,4.0,Portal,Customer Support,AGT-11
TKT-04742,2025-10-29 16:42:16,2025-10-29 19:00:16,Security,P2 - High,Closed,8,2.3,3.0,Phone,Operations,AGT-07
TKT-04970,2026-04-01 15:03:12,2026-04-01 22:03:12,Network,P3 - Medium,Resolved,24,7.0,4.0,Email,Sales,AGT-12
TKT-02107,2026-05-07 10:25:06,2026-05-07 16:25:06,Security,P3 - Medium,Closed,24,6.0,,,Operations,AGT-07
TKT-02680,2025-12-12 14:53:42,2025-12-13 03:11:42,Hardware,P3 - Medium,Resolved,24,12.3,5.0,Email,HR,AGT-10
TKT-03230,2026-02-06 16:40:00,2026-02-06 19:16:00,Access & Accounts,P2 - High,Resolved,8,2.6,5.0,Email,IT,AGT-03
TKT-02762,2026-07-28 08:43:28,2026-07-29 09:25:28,Hardware,P4 - Low,Closed,48,24.7,4.0,Phone,Sales,AGT-09
TKT-00593,2025-11-29 11:05:43,2025-11-30 06:41:43,Hardware,P3 - Medium,Resolved,24,19.6,5.0,Email,Sales,AGT-10
TKT-01304,2025-11-10 15:08:03,2025-11-11 07:14:03,Software,P4 - Low,Closed,48,16.1,3.0,Email,Operations,AGT-03
TKT-01388,2025-11-27 14:52:25,2025-11-28 14:46:25,Software,P4 - Low,Closed,48,23.9,5.0,Portal,Customer Support,AGT-01
TKT-04733,2025-12-14 15:55:39,2025-12-14 18:25:39,Software,P2 - High,Resolved,8,2.5,5.0,Phone,Sales,AGT-01
TKT-04562,2025-11-04 12:20:32,2025-11-04 18:38:32,ACCESS & ACCOUNTS,P3 - Medium,Closed,24,6.3,4.0,Portal,Operations,AGT-02
TKT-04017,2025-11-07 10:55:07,2025-11-07 23:49:07,Hardware,P4 - Low,Closed,48,12.9,5.0,Chat,Operations,AGT-10
TKT-01891,2025-10-29 13:24:09,2025-10-29 14:48:09,Network,P2 - High,Resolved,8,1.4,5.0,Phone,Sales,AGT-05
TKT-02988,2026-03-04 13:25:16,2026-03-04 15:55:16,Software,P2 - High,Closed,8,2.5,,Portal,Operations,AGT-11
TKT-04965,2025-11-01 12:38:24,2025-11-01 19:14:24,Network,P4 - Low,Closed,48,6.6,4.0,Portal,Sales,AGT-06
TKT-03298,2026-02-12 12:54:16,2026-02-15 00:06:16,Software,P3 - Medium,Resolved,24,59.2,2.0,Email,Operations,AGT-01
TKT-00905,2026-08-12 12:51:47,2026-08-12 15:21:47,Security,P3 - Medium,Closed,24,2.5,,Portal,Sales,AGT-07
TKT-04646,2026-08-26 16:29:24,,Access & Accounts,P4 - Low,Open,48,,,Portal,Customer Support,AGT-03
TKT-01280,2026-03-20 16:15:53,2026-03-21 13:15:53,Network,P4 - Low,Closed,48,21.0,5.0,Email,Finance,AGT-04
TKT-00934,2026-05-26 13:41:02,2026-05-26 18:47:02,Email & Collaboration,P4 - Low,Resolved,48,5.1,4.0,Portal,Sales,AGT-01
TKT-04940,2025-10-14 10:40:45,2025-10-14 19:16:45,Software,P3 - Medium,Closed,24,8.6,,Portal,IT,AGT-02
TKT-02309,2026-03-24 08:41:04,2026-03-24 15:35:04,Security,P4 - Low,Resolved,48,6.9,5.0,Portal,HR,AGT-07
TKT-01556,2026-05-27 11:39:15,2026-05-27 17:51:15,Network,P3 - Medium,Resolved,24,6.2,4.0,Portal,Operations,AGT-04
TKT-04569,2026-03-06 13:28:58,2026-03-07 12:52:58,email & collaboration,P3 - Medium,Resolved,24,23.4,3.0,Email,Customer Support,AGT-01
TKT-03191,2025-10-16 14:29:11,2025-10-16 19:11:11,Email & Collaboration,P3 - Medium,Closed,24,4.7,4.0,Portal,R&D,AGT-11
TKT-04477,2026-02-27 16:31:50,2026-02-28 00:37:50,Access & Accounts,P3 - Medium,Closed,24,8.1,4.0,Portal,IT,AGT-02
TKT-00707,2026-06-08 12:29:56,2026-06-09 13:59:56,Hardware,P3 - Medium,Resolved,24,25.5,5.0,Phone,Finance,AGT-10
TKT-04728,2025-11-11 15:32:13,2025-11-11 21:08:13,SOFTWARE,P4 - Low,Closed,48,5.6,5.0,Email,Sales,AGT-01
TKT-03071,2025-08-07 11:06:17,2025-08-07 19:12:17,access & accounts,P4 - Low,Closed,48,8.1,5.0,Email,Customer Support,AGT-11
TKT-00746,2026-02-09 11:39:39,2026-02-10 07:21:39,Network,P4 - Low,Closed,48,19.7,,Phone,R&D,AGT-04
TKT-03595,2025-08-19 10:16:06,2025-08-20 07:52:06,Network,P4 - Low,Resolved,48,21.6,5.0,Portal,Sales,AGT-06
TKT-01940,2025-08-18 10:20:29,2025-08-18 19:20:29,Network,P3 - Medium,Closed,24,9.0,4.0,Portal,R&D,AGT-05
TKT-04435,2026-03-15 10:49:54,2026-03-15 14:07:54,Security,P2 - High,Resolved,8,3.3,,Portal,Sales,AGT-08
TKT-02863,2025-12-03 18:39:59,2025-12-04 04:27:59,Network,P4 - Low,Closed,48,9.8,4.0,Portal,Operations,AGT-04
TKT-04794,2026-08-11 14:08:17,2026-08-11 22:26:17,Network,P4 - Low,Closed,48,8.3,5.0,Portal,Operations,AGT-04
TKT-00514,2025-11-19 10:43:07,2025-11-21 15:43:07,Software,P3 - Medium,Resolved,24,53.0,2.0,Chat,Sales,AGT-11
TKT-00082,2026-01-07 10:52:24,2026-01-07 22:10:24,Hardware,P3 - Medium,Closed,24,11.3,5.0,Email,Finance,AGT-10
TKT-01074,2026-08-03 12:20:45,2026-08-04 05:08:45,Software,P4 - Low,Closed,48,16.8,,Phone,Operations,AGT-01
TKT-01309,2025-08-21 11:30:41,2025-08-22 21:30:41,Email & Collaboration,P4 - Low,Closed,48,34.0,4.0,Email,Sales,AGT-03
TKT-04669,2026-07-09 12:32:49,2026-07-09 17:08:49,Access & Accounts,P3 - Medium,Resolved,24,4.6,5.0,Email,Operations,AGT-11
TKT-00915,2026-08-21 14:05:44,2026-08-21 19:41:44,Email & Collaboration,P3 - Medium,Closed,24,5.6,,Chat,IT,AGT-02
TKT-03453,2025-08-01 11:27:42,2025-08-01 12:33:42,Access & Accounts,P1 - Critical,Closed,4,1.1,,Phone,HR,AGT-01
TKT-03696,2026-01-14 12:21:31,2026-01-14 17:33:31,Security,P3 - Medium,Resolved,24,5.2,4.0,Phone,Operations,AGT-07
TKT-01118,2026-06-08 13:35:46,2026-06-08 18:23:46,Email & Collaboration,P3 - Medium,Closed,24,4.8,,Email,IT,AGT-02
TKT-03157,2025-08-28 13:26:10,2025-08-28 14:26:10,Access & Accounts,P1 - Critical,Resolved,4,1.0,,Email,HR,AGT-03
TKT-02199,2025-11-11 13:52:51,2025-11-11 17:52:51,Software,P2 - High,Resolved,8,4.0,5.0,Phone,Customer Support,AGT-11
TKT-04266,2026-02-18 15:27:04,2026-02-18 18:21:04,Email & Collaboration,P3 - Medium,Closed,24,2.9,5.0,Portal,R&D,AGT-02
TKT-00775,2025-08-04 14:56:16,2025-08-05 22:20:16,Software,P4 - Low,Resolved,48,31.4,5.0,Email,Operations,AGT-02
TKT-00330,2025-11-21 10:46:44,2025-11-22 02:04:44,Software,P4 - Low,Resolved,48,15.3,4.0,Portal,Operations,AGT-02
TKT-02055,2025-12-05 15:54:22,2025-12-06 05:42:22,Hardware,P4 - Low,Closed,48,13.8,,Email,Sales,AGT-09
TKT-02002,2026-01-22 13:29:01,2026-01-24 04:29:01,Network,P3 - Medium,Closed,24,39.0,2.0,Phone,Sales,AGT-04
TKT-00944,2026-01-09 12:42:15,2026-01-10 07:00:15,Access & Accounts,P4 - Low,Closed,48,18.3,3.0,Email,Finance,AGT-02
TKT-00823,2025-11-25 14:05:05,2025-11-26 00:29:05,Hardware,P4 - Low,Resolved,48,10.4,5.0,Portal,Operations,AGT-09
TKT-04563,2025-11-17 14:29:56,2025-11-18 01:17:56,Network,P3 - Medium,Resolved,24,10.8,4.0,Portal,Customer Support,AGT-04
TKT-00910,2025-11-25 10:01:58,2025-11-25 16:19:58,software,P3 - Medium,Resolved,24,6.3,5.0,Phone,Customer Support,AGT-02
TKT-02517,2025-09-26 14:54:06,,Hardware,P3 - Medium,In Progress,24,,,Chat,Sales,AGT-09
TKT-00182,2026-07-17 10:47:54,2026-07-20 15:59:54,Security,P4 - Low,Closed,48,77.2,2.0,Phone,IT,AGT-08
TKT-00165,2026-03-06 12:08:20,2026-03-06 17:26:20,Hardware,P3 - Medium,Resolved,24,5.3,5.0,Email,Customer Support,AGT-10
TKT-01524,2026-05-26 14:14:58,2026-05-26 23:26:58,Network,P4 - Low,Closed,48,9.2,,Portal,R&D,AGT-12
TKT-00452,2026-07-14 10:46:47,2026-07-14 18:04:47,Access & Accounts,P3 - Medium,Resolved,24,7.3,5.0,Email,Finance,AGT-11
TKT-03984,2025-10-31 13:17:12,,Network,P4 - Low,In Progress,48,,,Portal,Operations,AGT-04
TKT-02539,2025-08-06 13:33:10,2025-08-07 23:45:10,Hardware,P4 - Low,Closed,48,34.2,4.0,Portal,Sales,AGT-10
TKT-04140,2026-06-09 11:20:33,2026-06-09 20:02:33,Access & Accounts,P4 - Low,Closed,48,8.7,4.0,Email,Sales,AGT-01
TKT-04815,2026-01-15 14:40:28,2026-01-17 10:40:28,Access & Accounts,P4 - Low,Closed,48,44.0,,Portal,Finance,AGT-01
TKT-01312,2026-07-29 10:40:08,2026-08-02 09:28:08,Access & Accounts,P4 - Low,Resolved,48,94.8,2.0,Portal,Finance,AGT-02
TKT-03150,2025-10-13 14:17:38,2025-10-13 23:53:38,Security,P3 - Medium,Closed,24,9.6,5.0,Email,Operations,AGT-07
TKT-01112,2026-01-14 13:47:08,2026-01-16 01:47:08,Hardware,P3 - Medium,Closed,24,36.0,,Email,Operations,AGT-10
TKT-04583,2026-06-30 10:38:22,2026-07-01 08:08:22,Network,P4 - Low,Closed,48,21.5,3.0,Email,Customer Support,AGT-04
TKT-03875,2026-08-27 12:09:20,2026-08-27 16:15:20,Network,P3 - Medium,Resolved,24,4.1,4.0,Email,Finance,AGT-05
TKT-03490,2026-02-12 11:38:53,2026-02-12 14:44:53,Network,P2 - High,Resolved,8,3.1,,Portal,R&D,AGT-04
TKT-01288,2025-12-08 08:55:58,2025-12-08 13:49:58,HARDWARE,P3 - Medium,Resolved,24,4.9,4.0,,IT,AGT-10
TKT-04211,2026-05-01 12:47:47,2026-05-01 18:53:47,Access & Accounts,P3 - Medium,Closed,24,6.1,4.0,Email,Finance,AGT-11
TKT-04811,2026-02-19 13:51:31,2026-02-19 19:51:31,Software,P4 - Low,Closed,48,6.0,,Email,Operations,AGT-03
TKT-03681,2026-05-18 09:18:31,2026-05-18 22:00:31,Email & Collaboration,P4 - Low,Resolved,48,12.7,5.0,Portal,Customer Support,AGT-01
TKT-04690,2026-05-13 16:04:29,2026-05-14 10:04:29,Software,P4 - Low,Closed,48,18.0,5.0,Portal,R&D,AGT-03
TKT-04202,2026-06-12 12:07:40,2026-06-13 01:37:40,Hardware,P3 - Medium,Resolved,24,13.5,5.0,Portal,Customer Support,AGT-10
TKT-03301,2026-08-05 16:58:07,2026-08-06 12:22:07,Access & Accounts,P3 - Medium,Closed,24,19.4,3.0,Chat,Operations,AGT-01
TKT-03311,2026-08-03 15:30:20,2026-08-03 19:48:20,Software,P2 - High,Resolved,8,4.3,5.0,Phone,IT,AGT-02
TKT-04592,2026-02-12 13:48:19,2026-02-12 15:06:19,Email & Collaboration,P2 - High,Resolved,8,1.3,4.0,Chat,Sales,AGT-01
TKT-03126,2025-10-15 12:05:46,2025-10-17 06:05:46,Hardware,P3 - Medium,Closed,24,42.0,2.0,Phone,R&D,AGT-09
TKT-00328,2026-02-26 11:57:12,2026-02-26 18:27:12,Network,P3 - Medium,Resolved,24,6.5,4.0,Portal,Operations,AGT-05
TKT-01791,2026-05-28 13:06:21,2026-05-28 16:30:21,Access & Accounts,P3 - Medium,Resolved,24,3.4,5.0,Portal,Operations,AGT-11
TKT-02491,2026-08-12 11:41:00,2026-08-12 19:17:00,Access & Accounts,P3 - Medium,Resolved,24,7.6,4.0,Portal,R&D,AGT-11
TKT-02007,2026-02-09 16:03:17,2026-02-09 22:45:17,Access & Accounts,P3 - Medium,Resolved,24,6.7,3.0,Chat,IT,AGT-03
TKT-02008,2025-09-25 17:09:50,2025-09-26 07:45:50,Hardware,P4 - Low,Resolved,48,14.6,5.0,Portal,Sales,AGT-09
TKT-01859,2025-11-07 11:35:03,2025-11-07 18:23:03,Network,P3 - Medium,Resolved,24,6.8,5.0,Portal,Customer Support,AGT-12
TKT-04723,2025-11-13 13:51:20,2025-11-13 21:03:20,Software,P3 - Medium,Resolved,24,7.2,4.0,Email,Finance,AGT-01
TKT-00313,2025-10-31 08:52:36,2025-10-31 12:40:36,Software,P3 - Medium,Closed,24,3.8,5.0,Portal,IT,AGT-02
TKT-00833,2026-01-03 11:43:42,2026-01-03 14:19:42,Email & Collaboration,P2 - High,Closed,8,2.6,,Portal,IT,AGT-01
TKT-03080,2025-11-13 11:18:15,2025-11-13 23:00:15,Email & Collaboration,P3 - Medium,Resolved,24,11.7,,Email,Customer Support,AGT-11
TKT-04756,2026-03-03 17:00:58,2026-03-04 07:48:58,Access & Accounts,P2 - High,Resolved,8,14.8,,Email,Operations,AGT-01
TKT-03463,2025-08-04 11:59:20,2025-08-06 16:29:20,Software,P3 - Medium,Closed,24,52.5,2.0,Email,Finance,AGT-03
TKT-01202,2026-03-05 11:44:30,2026-03-05 12:56:30,Hardware,P1 - Critical,Resolved,4,1.2,4.0,Email,HR,AGT-10
TKT-04426,2025-12-28 13:34:29,2025-12-28 21:16:29,network,P3 - Medium,Resolved,24,7.7,4.0,Portal,Finance,AGT-04
TKT-03548,2026-08-27 13:12:23,2026-08-29 22:06:23,Security,P3 - Medium,Closed,24,56.9,2.0,,Operations,AGT-07
TKT-04065,2025-09-17 13:45:07,2025-09-18 10:09:07,Software,P4 - Low,Resolved,48,20.4,3.0,Email,Sales,AGT-01
TKT-02135,2026-02-15 16:18:52,2026-02-15 17:42:52,Software,P2 - High,Resolved,8,1.4,5.0,Email,Operations,AGT-01
TKT-03452,2026-03-09 12:17:16,2026-03-09 14:29:16,Email & Collaboration,P2 - High,Closed,8,2.2,4.0,Email,IT,AGT-03
TKT-02210,2025-09-11 13:25:58,2025-09-12 00:31:58,Access & Accounts,P4 - Low,Resolved,48,11.1,4.0,Phone,Sales,AGT-02
TKT-01902,2025-08-09 10:58:12,2025-08-09 12:10:12,Network,P2 - High,Resolved,8,1.2,4.0,Phone,Sales,AGT-04
TKT-04051,2026-08-07 09:45:10,,SOFTWARE,P3 - Medium,In Progress,24,,,Chat,IT,AGT-01
TKT-01482,2025-08-27 14:53:42,2025-08-28 11:59:42,Security,P4 - Low,Resolved,48,21.1,3.0,Email,Operations,AGT-07
TKT-00778,2025-10-03 10:08:22,2025-10-06 06:50:22,Email & Collaboration,P4 - Low,Closed,48,68.7,2.0,Portal,IT,AGT-03
TKT-00800,2026-05-06 10:04:23,2026-05-06 16:04:23,Email & Collaboration,P3 - Medium,Closed,24,6.0,4.0,Portal,Sales,AGT-01
TKT-03715,2026-07-01 18:35:26,2026-07-04 02:59:26,Hardware,P3 - Medium,Resolved,24,56.4,1.0,Portal,R&D,AGT-10
TKT-03943,2025-10-15 16:03:50,2025-10-15 17:09:50,Software,P1 - Critical,Closed,4,1.1,,Portal,Finance,AGT-11
TKT-00055,2026-05-05 13:41:50,2026-05-05 21:05:50,Security,P4 - Low,Resolved,48,7.4,5.0,Portal,Finance,AGT-07
TKT-02973,2025-09-19 17:17:57,2025-09-20 00:17:57,Software,P3 - Medium,Closed,24,7.0,4.0,Email,Customer Support,AGT-01
TKT-03336,2025-12-17 12:09:38,2025-12-18 03:15:38,Hardware,P3 - Medium,Closed,24,15.1,3.0,Email,Operations,AGT-10
TKT-01921,2026-02-11 10:23:08,2026-02-11 15:35:08,Network,P3 - Medium,Closed,24,5.2,5.0,Portal,Sales,AGT-05
TKT-03716,2026-06-23 11:03:51,2026-06-23 20:51:51,Email & Collaboration,P2 - High,Resolved,8,9.8,5.0,Portal,IT,AGT-01
TKT-04684,2026-05-18 16:11:55,2026-05-19 13:47:55,Network,P4 - Low,Resolved,48,21.6,5.0,Phone,HR,AGT-06
TKT-00947,2026-05-06 09:45:12,2026-05-07 08:03:12,Network,P3 - Medium,Resolved,24,22.3,4.0,Portal,IT,AGT-12
TKT-01702,2026-08-21 13:31:50,2026-08-22 01:25:50,Network,P4 - Low,Closed,48,11.9,4.0,Portal,HR,AGT-12
TKT-03294,2026-02-10 15:34:13,2026-02-11 00:22:13,Software,P3 - Medium,Resolved,24,8.8,5.0,Email,Operations,AGT-01
TKT-02162,2025-11-13 10:19:40,2025-11-13 17:55:40,Access & Accounts,P3 - Medium,Closed,24,7.6,3.0,Email,Finance,AGT-01
TKT-01137,2026-01-29 08:53:14,2026-01-29 10:53:14,Security,P2 - High,Closed,8,2.0,5.0,Email,IT,AGT-08
TKT-00988,2025-08-20 13:49:01,2025-08-21 00:31:01,Hardware,P3 - Medium,Resolved,24,10.7,4.0,Portal,Customer Support,AGT-10
TKT-02550,2025-11-25 10:23:13,2025-11-25 19:53:13,Network,P3 - Medium,Resolved,24,9.5,5.0,Chat,Operations,AGT-06
TKT-00194,2026-06-23 10:11:11,2026-06-23 16:47:11,Software,P3 - Medium,Closed,24,6.6,4.0,Portal,R&D,AGT-11
TKT-03058,2025-09-30 14:08:29,2025-09-30 22:32:29, Software ,P3 - Medium,Closed,24,8.4,,Portal,Operations,AGT-02
TKT-03247,2025-12-15 09:58:10,2025-12-17 17:58:10,Access & Accounts,P4 - Low,Resolved,48,56.0,4.0,Portal,R&D,AGT-02
TKT-01395,2026-06-24 13:59:14,2026-06-24 20:05:14,Network,P3 - Medium,Closed,24,6.1,5.0,Portal,R&D,AGT-05
TKT-02638,2025-10-22 11:18:08,2025-10-22 17:54:08,Network,P3 - Medium,Resolved,24,6.6,5.0,Portal,Finance,AGT-05
TKT-00769,2025-09-13 10:56:35,2025-09-13 14:38:35,HARDWARE,P2 - High,Resolved,8,3.7,4.0,Email,Customer Support,AGT-10
TKT-04741,2025-10-22 15:42:40,2025-10-22 18:48:40,Software,P3 - Medium,Closed,24,3.1,5.0,Chat,Operations,AGT-01
TKT-03091,2026-07-09 11:50:01,2026-07-09 19:50:01,Access & Accounts,P4 - Low,Resolved,48,8.0,,,R&D,AGT-11
TKT-03496,2026-06-17 16:40:15,2026-06-17 18:28:15,Access & Accounts,P2 - High,Resolved,8,1.8,4.0,Email,IT,AGT-02
TKT-03216,2026-05-21 10:10:02,2026-05-22 07:40:02,Security,P4 - Low,Closed,48,21.5,,Portal,Sales,AGT-08
TKT-00286,2026-01-12 10:48:01,2026-01-13 02:30:01,Network,P3 - Medium,Resolved,24,15.7,4.0,Email,Operations,AGT-06
TKT-04979,2026-06-16 10:45:19,2026-06-16 19:15:19,ACCESS & ACCOUNTS,P3 - Medium,Resolved,24,8.5,,Email,Finance,AGT-02
TKT-00429,2025-08-23 13:39:30,2025-08-24 02:57:30,Network,P3 - Medium,Closed,24,13.3,5.0,Portal,Finance,AGT-04
TKT-04484,2025-11-04 12:29:41,2025-11-04 19:17:41,Security,P3 - Medium,Resolved,24,6.8,4.0,Chat,Customer Support,AGT-07
TKT-02333,2026-06-22 09:51:44,,Network,P3 - Medium,In Progress,24,,,Portal,Operations,AGT-05
TKT-02718,2026-08-25 11:31:59,2026-08-26 02:43:59,Hardware,P3 - Medium,Closed,24,15.2,4.0,,R&D,AGT-09
TKT-02080,2025-08-13 11:12:24,2025-08-14 03:24:24,Network,P4 - Low,Resolved,48,16.2,4.0,Portal,IT,AGT-04
TKT-03390,2025-11-14 12:01:56,2025-11-15 23:25:56,Security,P4 - Low,Resolved,48,35.4,,Chat,HR,AGT-07
TKT-00723,2025-08-15 11:01:09,2025-08-15 15:13:09,Security,P3 - Medium,Resolved,24,4.2,4.0,Email,Operations,AGT-08
TKT-00952,2025-11-06 14:50:19,2025-11-06 23:20:19,Network,P4 - Low,Resolved,48,8.5,,,Customer Support,AGT-05
TKT-04401,2026-06-10 11:43:46,2026-06-13 15:43:46,Access & Accounts,P4 - Low,Resolved,48,76.0,1.0,Email,HR,AGT-02
TKT-02263,2026-01-28 10:55:34,2026-01-29 00:25:34,Network,P4 - Low,Closed,48,13.5,4.0,Portal,Sales,AGT-04
TKT-00990,2026-06-09 15:00:42,2026-06-09 17:36:42,Software,P2 - High,Resolved,8,2.6,4.0,Portal,Sales,AGT-02
TKT-03213,2026-06-08 10:21:41,2026-06-08 13:27:41,NETWORK,P3 - Medium,Resolved,24,3.1,3.0,Portal,Sales,AGT-12
TKT-01760,2026-07-28 13:01:06,2026-07-29 01:13:06,Security,P4 - Low,Closed,48,12.2,5.0,Chat,Finance,AGT-08
TKT-04141,2026-01-01 11:01:00,2026-01-05 19:49:00,Access & Accounts,P4 - Low,Resolved,48,104.8,1.0,Email,Customer Support,AGT-03
TKT-01725,2026-02-11 10:19:47,2026-02-13 19:49:47,Security,P3 - Medium,Resolved,24,57.5,,Portal,Sales,AGT-08
TKT-00342,2026-08-12 10:44:35,2026-08-13 16:08:35,Email & Collaboration,P4 - Low,Closed,48,29.4,5.0,Portal,HR,AGT-01
TKT-03702,2025-11-05 14:17:23,2025-11-05 18:35:23,Access & Accounts,P3 - Medium,Resolved,24,4.3,4.0,Chat,R&D,AGT-02
TKT-00689,2026-05-22 11:40:52,2026-05-23 00:34:52,Software,P3 - Medium,Closed,24,12.9,4.0,Phone,Sales,AGT-11
TKT-03433,2026-08-21 12:43:34,2026-08-22 12:07:34,Hardware,P4 - Low,Resolved,48,23.4,3.0,Portal,Operations,AGT-09
TKT-00967,2026-08-10 13:16:41,2026-08-10 20:16:41,Hardware,P3 - Medium,Closed,24,7.0,4.0,Email,Customer Support,AGT-09
TKT-04766,2025-11-17 11:16:05,2025-11-17 16:22:05,email & collaboration,P2 - High,Resolved,8,5.1,,Portal,R&D,AGT-11
TKT-02204,2025-10-13 13:42:07,2025-10-13 19:24:07,Network,P3 - Medium,Closed,24,5.7,3.0,Email,IT,AGT-04
TKT-02714,2025-09-24 10:36:47,2025-09-24 17:18:47,HARDWARE,P3 - Medium,Resolved,24,6.7,4.0,Phone,Customer Support,AGT-10
TKT-03573,2025-11-29 12:34:03,2025-12-02 03:04:03,Software,P4 - Low,Closed,48,62.5,1.0,Portal,Sales,AGT-02
TKT-01991,2025-09-04 13:51:34,2025-09-04 16:09:34,Software,P2 - High,Resolved,8,2.3,,Chat,Sales,AGT-11
TKT-04136,2025-08-08 11:35:37,2025-08-08 15:11:37,Access & Accounts,P3 - Medium,Closed,24,3.6,5.0,Portal,IT,AGT-11
TKT-04782,2026-08-27 18:01:46,2026-08-27 21:31:46,Access & Accounts,P3 - Medium,Closed,24,3.5,5.0,Chat,Sales,AGT-01
TKT-03601,2025-11-21 16:15:45,2025-11-22 00:57:45,Email & Collaboration,P4 - Low,Closed,48,8.7,5.0,Portal,Finance,AGT-01
TKT-04603,2026-08-23 16:11:06,2026-08-25 22:35:06,Email & Collaboration,P3 - Medium,Closed,24,54.4,,Email,HR,AGT-02
TKT-00927,2025-10-02 14:27:24,2025-10-03 01:27:24,Security,P3 - Medium,Resolved,24,11.0,4.0,Portal,Operations,AGT-07
TKT-04158,2025-08-28 10:00:17,2025-08-29 01:54:17,Access & Accounts,P3 - Medium,Resolved,24,15.9,4.0,Portal,Customer Support,AGT-03
TKT-00386,2026-08-23 15:09:52,,Hardware,P4 - Low,Open,48,,,Chat,Sales,AGT-10
TKT-04405,2026-02-01 13:22:57,2026-02-01 21:58:57,Hardware,P3 - Medium,Closed,24,8.6,4.0,Portal,Customer Support,AGT-09
TKT-04605,2026-05-02 09:57:13,2026-05-02 14:51:13,Network,P2 - High,Closed,8,4.9,,Email,Sales,AGT-04
TKT-00537,2026-02-23 08:01:10,2026-02-23 15:25:10,Hardware ,P3 - Medium,Resolved,24,7.4,4.0,Email,Operations,AGT-09
TKT-04703,2025-12-12 17:14:52,2025-12-12 23:08:52,Access & Accounts,P3 - Medium,Resolved,24,5.9,4.0,Email,Sales,AGT-01
TKT-03508,2026-06-15 12:27:03,2026-06-15 17:57:03,Software,P3 - Medium,Closed,24,5.5,,Phone,Sales,AGT-11
TKT-00202,2026-08-17 12:44:08,2026-08-17 17:20:08,Software,P2 - High,Closed,8,4.6,,Phone,Customer Support,AGT-03
TKT-01333,2026-02-27 10:36:27,2026-02-27 23:06:27,Email & Collaboration,P4 - Low,Resolved,48,12.5,4.0,Portal,Operations,AGT-02
TKT-03503,2025-08-01 10:24:15,2025-08-01 12:00:15,Access & Accounts,P1 - Critical,Resolved,4,1.6,3.0,Phone,R&D,AGT-01
TKT-02709,2025-10-07 12:40:05,2025-10-07 21:22:05,Security,P2 - High,Closed,8,8.7,2.0,Chat,IT,AGT-07
TKT-04022,2025-10-16 10:52:43,2025-10-17 00:10:43,Software,P3 - Medium,Closed,24,13.3,,Portal,Customer Support,AGT-11
TKT-01855,2026-06-30 09:10:21,2026-06-30 11:16:21,ACCESS & ACCOUNTS,P3 - Medium,Closed,24,2.1,4.0,Email,Finance,AGT-11
TKT-04505,2025-09-22 17:23:38,2025-09-23 00:11:38,Email & Collaboration,P3 - Medium,Closed,24,6.8,3.0,Portal,HR,AGT-03
TKT-02873,2025-08-08 15:59:30,2025-08-09 05:17:30,Software,P4 - Low,Closed,48,13.3,5.0,Chat,Sales,AGT-02
TKT-03031,2026-06-07 12:15:34,2026-06-10 06:27:34,Software,P4 - Low,Resolved,48,66.2,2.0,Email,Sales,AGT-02
TKT-01206,2025-08-20 15:17:44,2025-08-20 20:41:44,Hardware,P3 - Medium,Resolved,24,5.4,,Email,IT,AGT-10
TKT-01646,2026-01-29 14:56:56,2026-01-30 02:56:56,Software,P3 - Medium,Resolved,24,12.0,5.0,Email,Operations,AGT-01
TKT-03418,2026-06-05 11:36:51,2026-06-05 16:48:51,Access & Accounts,P3 - Medium,Resolved,24,5.2,4.0,Portal,Finance,AGT-03
TKT-03477,2026-06-22 10:26:59,2026-06-22 12:14:59,Email & Collaboration,P2 - High,Resolved,8,1.8,5.0,Email,Customer Support,AGT-11
TKT-02862,2026-02-23 09:53:10,2026-02-27 05:59:10,security,P4 - Low,Closed,48,92.1,1.0,Phone,IT,AGT-07
TKT-01793,2025-10-24 16:35:21,2025-10-27 18:11:21,Software,P4 - Low,Closed,48,73.6,1.0,Email,Operations,AGT-11
TKT-03798,2026-06-02 14:45:44,2026-06-04 02:45:44,Software,P3 - Medium,Closed,24,36.0,1.0,Chat,IT,AGT-11
TKT-03369,2025-09-23 15:06:48,2025-09-25 05:24:48,Network,P4 - Low,Resolved,48,38.3,5.0,Phone,Operations,AGT-04
TKT-03368,2026-04-12 15:53:54,2026-04-14 16:11:54,Hardware,P3 - Medium,Resolved,24,48.3,2.0,Chat,Customer Support,AGT-10
TKT-03534,2025-10-04 10:40:57,2025-10-05 00:52:57,Security,P4 - Low,Closed,48,14.2,,Portal,R&D,AGT-07
TKT-03450,2026-06-19 12:48:57,2026-06-21 21:00:57,Software,P3 - Medium,Closed,24,56.2,1.0,Phone,Operations,AGT-02
TKT-00604,2026-05-11 12:04:17,2026-05-11 21:28:17,Network,P4 - Low,Resolved,48,9.4,,Email,R&D,AGT-04
TKT-03057,2026-03-31 10:45:25,2026-03-31 17:03:25,Network,P3 - Medium,Closed,24,6.3,,Chat,HR,AGT-06
TKT-04395,2025-12-19 10:17:37,2025-12-19 14:29:37,Software,P3 - Medium,Closed,24,4.2,4.0,Portal,Customer Support,AGT-01
TKT-00127,2025-12-09 11:02:48,2025-12-10 00:02:48,Security,P3 - Medium,Resolved,24,13.0,5.0,Email,Finance,AGT-08
TKT-03877,2025-08-01 13:33:08,2025-08-03 05:27:08,Network,P4 - Low,Resolved,48,39.9,4.0,Phone,Operations,AGT-12
TKT-02936,2026-02-02 12:53:08,2026-02-02 19:23:08,HARDWARE,P3 - Medium,Resolved,24,6.5,4.0,Chat,IT,AGT-10
TKT-03532,2025-08-07 14:22:47,2025-08-07 19:28:47,Email & Collaboration,P4 - Low,Resolved,48,5.1,,Portal,Operations,AGT-11
TKT-02731,2025-08-01 17:42:39,,Software,P2 - High,In Progress,8,,,Portal,Customer Support,AGT-11
TKT-00828,2025-10-30 13:55:22,2025-10-30 18:25:22,Security,P4 - Low,Closed,48,4.5,5.0,Portal,R&D,AGT-07
TKT-01640,2026-05-14 17:47:19,2026-05-16 19:17:19,Software,P3 - Medium,Resolved,24,49.5,2.0,Portal,Sales,AGT-02
TKT-00985,2025-09-30 13:48:34,2025-10-02 15:42:34,Software,P3 - Medium,Resolved,24,49.9,2.0,Portal,HR,AGT-01
TKT-03282,2025-08-14 12:25:11,2025-08-14 22:49:11,Software,P3 - Medium,Resolved,24,10.4,5.0,Email,Finance,AGT-01
TKT-00229,2026-04-07 10:01:38,2026-04-08 14:49:38,Network,P3 - Medium,Closed,24,28.8,3.0,Phone,Customer Support,AGT-04
TKT-02189,2025-11-12 18:01:10,2025-11-12 20:25:10,Network,P3 - Medium,Closed,24,2.4,4.0,Email,IT,AGT-05
TKT-04650,2026-01-29 10:07:33,2026-02-01 13:01:33,Network,P4 - Low,Closed,48,74.9,1.0,Email,R&D,AGT-06
TKT-02444,2026-02-28 15:33:46,2026-03-01 19:45:46,Access & Accounts,P4 - Low,Resolved,48,28.2,4.0,Email,Customer Support,AGT-11
TKT-00363,2025-09-16 15:46:52,2025-09-16 20:28:52,access & accounts,P4 - Low,Closed,48,4.7,4.0,Phone,HR,AGT-03
TKT-02350,2025-08-11 10:18:13,2025-08-11 20:00:13,Network,P4 - Low,Closed,48,9.7,3.0,,Customer Support,AGT-06
TKT-00346,2026-06-09 13:05:06,2026-06-10 09:41:06,Email & Collaboration,P4 - Low,Resolved,48,20.6,3.0,Phone,Finance,AGT-03
TKT-00815,2025-09-19 11:22:41,2025-09-19 19:16:41,Network,P3 - Medium,Closed,24,7.9,5.0,Chat,Sales,AGT-04
TKT-03206,2026-01-12 10:11:04,2026-01-12 20:17:04,Software,P3 - Medium,Resolved,24,10.1,5.0,,Sales,AGT-02
TKT-04194,2026-06-24 11:57:50,2026-06-25 20:57:50,Security,P4 - Low,Closed,48,33.0,5.0,Portal,R&D,AGT-08
TKT-04835,2025-12-09 10:00:13,2025-12-10 02:12:13,Security,P2 - High,Resolved,8,16.2,1.0,Portal,Customer Support,AGT-08
TKT-03326,2026-06-29 12:44:31,2026-06-30 00:44:31,Access & Accounts,P3 - Medium,Resolved,24,12.0,5.0,Email,IT,AGT-11
TKT-04107,2026-05-07 13:39:23,2026-05-08 03:27:23,Access & Accounts,P3 - Medium,Closed,24,13.8,,Email,Finance,AGT-01
TKT-02117,2025-11-13 13:46:54,2025-11-14 07:46:54,Software,P3 - Medium,Resolved,24,18.0,,Portal,IT,AGT-01
TKT-01835,2025-10-24 13:14:53,2025-10-25 15:56:53,Security,P3 - Medium,Closed,24,26.7,2.0,Portal,IT,AGT-08
TKT-00794,2025-09-01 08:01:58,2025-09-01 18:07:58,Network,P4 - Low,Resolved,48,10.1,5.0,Email,Finance,AGT-04
TKT-04987,2026-04-07 12:48:50,2026-04-07 18:24:50,Access & Accounts,P3 - Medium,Resolved,24,5.6,4.0,Portal,HR,AGT-02
TKT-02675,2026-03-17 12:18:49,2026-03-17 21:42:49,ACCESS & ACCOUNTS,P3 - Medium,Resolved,24,9.4,5.0,Email,HR,AGT-03
TKT-00095,2025-11-27 16:18:34,2025-11-27 18:42:34,Hardware,P2 - High,Resolved,8,2.4,5.0,Phone,R&D,AGT-10
TKT-03757,2025-11-12 11:08:42,2025-11-12 23:02:42,Hardware,P3 - Medium,Closed,24,11.9,5.0,Portal,Customer Support,AGT-09
TKT-02892,2026-08-20 11:59:14,2026-08-20 14:53:14,Software,P2 - High,Resolved,8,2.9,,Chat,Sales,AGT-02
TKT-02372,2025-12-08 13:59:38,2025-12-08 15:47:38,Software,P2 - High,Resolved,8,1.8,,Phone,Finance,AGT-01
TKT-04183,2026-05-01 12:50:14,2026-05-01 21:02:14,Network,P3 - Medium,Resolved,24,8.2,,Chat,Finance,AGT-05
TKT-04467,2025-10-06 13:53:28,2025-10-06 15:17:28,Network,P1 - Critical,Closed,4,1.4,3.0,Email,Operations,AGT-06
TKT-03229,2026-04-13 11:34:03,2026-04-14 08:34:03,Network,P4 - Low,Resolved,48,21.0,4.0,Portal,Sales,AGT-04
TKT-02854,2025-12-04 18:45:33,2025-12-05 05:09:33,Network,P3 - Medium,Resolved,24,10.4,4.0,Email,Finance,AGT-12
TKT-02913,2026-02-26 11:11:38,2026-02-26 14:05:38,Software,P2 - High,Resolved,8,2.9,4.0,Portal,Customer Support,AGT-11
TKT-01866,2026-07-03 11:01:31,2026-07-03 12:01:31,Hardware,P2 - High,Closed,8,1.0,4.0,Email,Operations,AGT-10
TKT-01858,2025-11-21 08:41:01,2025-11-21 11:41:01,Access & Accounts,P2 - High,Closed,8,3.0,5.0,Email,IT,AGT-02
TKT-02646,2026-07-13 11:03:45,2026-07-13 18:39:45,Network,P4 - Low,Closed,48,7.6,,Chat,Operations,AGT-06
TKT-02244,2025-11-09 14:04:30,2025-11-09 23:10:30,Access & Accounts,P3 - Medium,Resolved,24,9.1,5.0,Email,HR,AGT-01
TKT-02337,2026-07-07 17:33:32,2026-07-08 00:15:32,Email & Collaboration,P3 - Medium,Resolved,24,6.7,5.0,Portal,Operations,AGT-01
TKT-00951,2026-02-25 12:46:31,2026-02-25 22:52:31,Hardware,P4 - Low,Resolved,48,10.1,5.0,Portal,Sales,AGT-09
TKT-03069,2026-05-14 16:30:54,2026-05-14 17:12:54,Email & Collaboration,P1 - Critical,Closed,4,0.7,5.0,Portal,Operations,AGT-01
TKT-01121,2026-04-17 13:06:17,2026-04-17 14:30:17,Software,P1 - Critical,Closed,4,1.4,5.0,Email,Customer Support,AGT-02
TKT-02598,2026-01-07 08:21:55,2026-01-08 06:45:55,EMAIL & COLLABORATION,P4 - Low,Resolved,48,22.4,,Portal,Customer Support,AGT-01
TKT-02205,2025-12-05 14:53:38,,Network,P2 - High,In Progress,8,,,Portal,Customer Support,AGT-05
TKT-00420,2026-07-23 12:04:11,2026-07-26 03:40:11,Network,P4 - Low,Resolved,48,63.6,1.0,Email,Operations,AGT-04
TKT-00923,2026-03-31 13:47:04,2026-03-31 17:35:04,Network,P3 - Medium,Resolved,24,3.8,4.0,Chat,R&D,AGT-05
TKT-01255,2025-09-18 14:01:35,2025-09-18 22:49:35,Network,P3 - Medium,Closed,24,8.8,4.0,Portal,R&D,AGT-05
TKT-00478,2026-03-28 12:12:38,2026-03-28 17:12:38,Security,P3 - Medium,Resolved,24,5.0,5.0,Email,Finance,AGT-08
TKT-02036,2026-06-04 11:04:19,2026-06-04 14:16:19,Access & Accounts,P3 - Medium,Closed,24,3.2,,Email,Finance,AGT-03
TKT-01203,2026-06-22 13:48:00,2026-06-23 08:54:00,Software,P4 - Low,Closed,48,19.1,4.0,Chat,Operations,AGT-02
TKT-02627,2026-03-09 16:53:18,2026-03-09 21:47:18,Software,P3 - Medium,Closed,24,4.9,4.0,Portal,HR,AGT-11
TKT-04858,2026-04-06 14:43:02,2026-04-06 22:43:02,Access & Accounts,P3 - Medium,Resolved,24,8.0,,Email,Sales,AGT-03
TKT-01971,2025-12-02 10:08:07,2025-12-02 15:56:07,Access & Accounts,P3 - Medium,Closed,24,5.8,4.0,Portal,Customer Support,AGT-01
TKT-03111,2025-11-27 12:22:38,2025-11-27 16:34:38,Access & Accounts,P3 - Medium,Closed,24,4.2,5.0,Chat,HR,AGT-03
TKT-04019,2025-09-04 17:50:37,2025-09-05 00:56:37,Network,P3 - Medium,Resolved,24,7.1,4.0,,HR,AGT-04
TKT-02152,2025-08-14 11:50:34,2025-08-15 05:14:34,Network,P4 - Low,Resolved,48,17.4,4.0,Portal,R&D,AGT-05
TKT-03688,2026-08-10 11:14:11,2026-08-11 00:20:11,Access & Accounts,P3 - Medium,Closed,24,13.1,4.0,Portal,Customer Support,AGT-02
TKT-01998,2025-12-10 12:49:56,2025-12-10 19:37:56,Access & Accounts,P3 - Medium,Closed,24,6.8,4.0,Chat,R&D,AGT-03
TKT-04034,2026-03-03 15:44:49,2026-03-03 20:44:49,Security,P3 - Medium,Closed,24,5.0,4.0,Email,Sales,AGT-07
TKT-03055,2026-03-30 12:03:21,2026-03-30 23:09:21,Network,P3 - Medium,Resolved,24,11.1,5.0,Portal,Operations,AGT-04
TKT-01249,2026-07-15 11:43:30,2026-07-16 21:01:30,Software,P3 - Medium,Closed,24,33.3,1.0,Portal,HR,AGT-11
TKT-02193,2026-05-11 12:44:30,2026-05-11 13:32:30,Software,P1 - Critical,Closed,4,0.8,,Portal,Operations,AGT-01
TKT-02713,2025-11-06 14:26:29,2025-11-06 17:14:29,Email & Collaboration,P2 - High,Resolved,8,2.8,5.0,Email,Customer Support,AGT-02
TKT-00993,2026-06-08 11:59:37,2026-06-08 13:53:37,Network,P2 - High,Closed,8,1.9,4.0,Phone,Sales,AGT-12
TKT-02191,2025-09-16 12:21:25,2025-09-17 23:51:25,Access & Accounts,P3 - Medium,Resolved,24,35.5,2.0,Chat,HR,AGT-01
TKT-03763,2025-09-04 14:00:09,2025-09-04 19:48:09,Access & Accounts,P3 - Medium,Resolved,24,5.8,,Phone,R&D,AGT-11
TKT-03598,2026-07-13 11:16:08,2026-07-13 20:16:08,Software,P3 - Medium,Resolved,24,9.0,,Email,Sales,AGT-01
TKT-01319,2026-05-20 13:47:56,2026-05-20 18:47:56,Software,P3 - Medium,Closed,24,5.0,5.0,Phone,Finance,AGT-11
TKT-01864,2026-02-24 18:40:21,2026-02-25 01:34:21,Network,P3 - Medium,Closed,24,6.9,4.0,Phone,Operations,AGT-04
TKT-02344,2025-11-21 16:43:51,2025-11-22 05:25:51,Hardware,P4 - Low,Resolved,48,12.7,,Chat,Customer Support,AGT-09
TKT-02450,2026-03-18 14:19:55,2026-03-18 18:55:55,Software,P3 - Medium,Resolved,24,4.6,5.0,Email,Operations,AGT-02
TKT-02137,2025-12-02 16:06:37,2025-12-03 07:42:37,Access & Accounts,P4 - Low,Closed,48,15.6,4.0,,Finance,AGT-01
TKT-01066,2026-08-19 12:25:39,,Email & Collaboration,P4 - Low,In Progress,48,,,Email,HR,AGT-03
TKT-01502,2026-08-12 11:24:01,2026-08-13 06:18:01,Network,P3 - Medium,Closed,24,18.9,5.0,Portal,Operations,AGT-06
TKT-02622,2026-08-12 11:45:20,2026-08-12 12:51:20,Network,P1 - Critical,Closed,4,1.1,5.0,Email,Operations,AGT-06
TKT-00078,2026-04-17 09:21:00,2026-04-17 16:21:00,Access & Accounts,P3 - Medium,Closed,24,7.0,5.0,Portal,Finance,AGT-02
TKT-02899,2026-04-02 11:11:18,2026-04-02 15:35:18,Access & Accounts,P2 - High,Closed,8,4.4,3.0,Portal,Operations,AGT-01
TKT-01315,2025-08-15 09:22:50,2025-08-15 22:46:50,Network,P4 - Low,Closed,48,13.4,5.0,Portal,Sales,AGT-06
TKT-04407,2026-07-28 14:21:40,2026-07-28 22:45:40,Security,P3 - Medium,Closed,24,8.4,4.0,Portal,Customer Support,AGT-08
TKT-00873,2026-08-20 10:21:05,,Network,P3 - Medium,In Progress,24,,,Portal,IT,AGT-12
TKT-03851,2026-01-14 13:27:43,2026-01-14 14:45:43,Software,P1 - Critical,Closed,4,1.3,4.0,Chat,Finance,AGT-01
TKT-04827,2025-10-10 12:50:36,2025-10-10 14:38:36,Email & Collaboration,P2 - High,Closed,8,1.8,5.0,Email,Sales,AGT-02
TKT-02966,2026-03-02 11:39:47,2026-03-02 17:09:47,Access & Accounts,P3 - Medium,Resolved,24,5.5,5.0,Email,Finance,AGT-11
TKT-03392,2026-05-01 13:00:41,2026-05-01 16:30:41,Network,P2 - High,Closed,8,3.5,3.0,Portal,Sales,AGT-12
TKT-02561,2026-03-31 09:31:13,2026-03-31 21:55:13,Network,P4 - Low,Closed,48,12.4,4.0,Email,IT,AGT-12
TKT-04937,2025-12-22 16:58:34,2025-12-23 01:52:34,Software,P4 - Low,Closed,48,8.9,4.0,Chat,Operations,AGT-03
TKT-02636,2026-01-16 14:14:51,2026-01-16 19:20:51,Access & Accounts,P3 - Medium,Resolved,24,5.1,4.0,Phone,Customer Support,AGT-11
TKT-03531,2025-08-20 10:02:44,2025-08-20 19:32:44,Email & Collaboration,P3 - Medium,Closed,24,9.5,4.0,Email,Customer Support,AGT-02
TKT-00376,2025-09-29 09:45:22,2025-09-29 13:21:22,Software,P3 - Medium,Closed,24,3.6,3.0,Email,Sales,AGT-01
TKT-01909,2026-06-11 16:32:47,2026-06-11 22:08:47,Software,P3 - Medium,Resolved,24,5.6,4.0,Email,Customer Support,AGT-01
TKT-04367,2026-02-03 12:37:45,2026-02-03 13:37:45,Network,P2 - High,Resolved,8,1.0,4.0,Portal,Operations,AGT-06
TKT-04895,2026-04-29 13:25:33,2026-04-30 19:31:33,Access & Accounts,P3 - Medium,Closed,24,30.1,3.0,Email,Sales,AGT-01
TKT-04028,2026-04-17 11:29:14,2026-04-17 19:23:14,Network,P3 - Medium,Closed,24,7.9,4.0,Phone,Sales,AGT-05
TKT-01605,2025-10-31 14:17:57,2025-11-01 09:35:57,Access & Accounts,P3 - Medium,Closed,24,19.3,4.0,Phone,Finance,AGT-02
TKT-01119,2025-11-14 12:31:37,2025-11-14 19:55:37,Email & Collaboration,P3 - Medium,Closed,24,7.4,,Phone,R&D,AGT-01
TKT-03678,2026-03-13 11:39:25,2026-03-13 12:57:25,Network,P2 - High,Closed,8,1.3,5.0,Email,Finance,AGT-05
TKT-03491,2026-03-19 13:12:14,2026-03-20 13:12:14,Software,P4 - Low,Closed,48,24.0,5.0,Email,Operations,AGT-02
TKT-04904,2026-07-11 13:15:00,2026-07-12 05:57:00,Network,P4 - Low,Closed,48,16.7,5.0,Phone,IT,AGT-05
TKT-02959,2025-11-06 12:36:37,2025-11-06 21:42:37,Access & Accounts,P3 - Medium,Closed,24,9.1,,Phone,Finance,AGT-01
TKT-01995,2026-02-03 09:06:23,2026-02-04 04:42:23,Software,P4 - Low,Resolved,48,19.6,4.0,Email,HR,AGT-02
TKT-04996,2025-10-28 16:00:08,2025-10-28 17:18:08,Security,P1 - Critical,Closed,4,1.3,5.0,Portal,R&D,AGT-07
TKT-04861,2026-02-16 16:52:13,2026-02-16 23:16:13,Network,P3 - Medium,Closed,24,6.4,4.0,Email,Finance,AGT-12
TKT-02377,2026-07-09 11:48:01,2026-07-09 19:30:01,Email & Collaboration,P3 - Medium,Closed,24,7.7,,Portal,Sales,AGT-01
TKT-01343,2026-02-05 08:41:50,2026-02-06 07:17:50,Software,P4 - Low,Closed,48,22.6,4.0,Email,IT,AGT-02
TKT-00321,2026-07-27 12:07:47,2026-07-27 15:25:47,Access & Accounts,P3 - Medium,Resolved,24,3.3,5.0,Portal,R&D,AGT-02
TKT-01620,2025-08-15 14:45:22,2025-08-17 06:45:22,Access & Accounts,P3 - Medium,Closed,24,40.0,1.0,,Operations,AGT-02
TKT-03714,2026-05-24 14:13:53,2026-05-29 05:55:53,Hardware,P4 - Low,Resolved,48,111.7,3.0,Email,Operations,AGT-09
TKT-02061,2026-08-06 13:14:57,2026-08-07 16:08:57,Email & Collaboration,P3 - Medium,Closed,24,26.9,,Portal,R&D,AGT-01
TKT-02220,2025-12-02 13:33:10,2025-12-02 17:03:10,Software,P3 - Medium,Resolved,24,3.5,4.0,Email,Operations,AGT-11
TKT-01674,2025-09-19 14:44:08,2025-09-20 00:38:08,Software,P2 - High,Closed,8,9.9,2.0,Portal,Operations,AGT-11
TKT-00261,2025-09-27 12:17:14,2025-09-28 00:17:14,Software,P4 - Low,Closed,48,12.0,5.0,Phone,Finance,AGT-01
TKT-04452,2026-08-18 14:32:30,2026-08-19 00:38:30,Network,P4 - Low,Resolved,48,10.1,4.0,Portal,R&D,AGT-06
TKT-02040,2026-05-27 09:55:20,2026-05-29 22:43:20,Access & Accounts,P4 - Low,Closed,48,60.8,2.0,Portal,Operations,AGT-01
TKT-00902,2025-11-11 13:50:22,2025-11-11 20:38:22,SOFTWARE,P3 - Medium,Closed,24,6.8,5.0,Portal,Finance,AGT-11
TKT-03745,2025-09-05 16:50:12,2025-09-06 00:32:12,Software,P3 - Medium,Closed,24,7.7,,Phone,R&D,AGT-03
TKT-02027,2026-06-15 16:30:47,2026-06-16 06:48:47,Email & Collaboration,P3 - Medium,Resolved,24,14.3,5.0,Email,R&D,AGT-03
TKT-04235,2025-08-27 10:51:14,2025-08-27 21:57:14,Email & Collaboration,P3 - Medium,Closed,24,11.1,4.0,Email,Finance,AGT-01
TKT-01918,2026-05-12 12:20:04,2026-05-12 17:56:04,Network,P3 - Medium,Resolved,24,5.6,4.0,Chat,HR,AGT-05
TKT-01829,2026-07-28 11:39:29,2026-07-30 14:51:29,Access & Accounts,P4 - Low,Closed,48,51.2,1.0,Chat,Finance,AGT-01
TKT-01574,2026-06-25 11:58:12,2026-06-26 01:04:12,Network,P3 - Medium,Resolved,24,13.1,,Portal,IT,AGT-05
TKT-04429,2025-11-03 16:57:18,2025-11-03 22:27:18,Software,P4 - Low,Closed,48,5.5,,Portal,Customer Support,AGT-02
TKT-04209,2026-01-23 16:56:23,2026-01-24 04:32:23,Software,P3 - Medium,Closed,24,11.6,,Phone,Operations,AGT-01
TKT-00225,2025-11-21 13:39:26,2025-11-23 03:15:26,Hardware,P4 - Low,Closed,48,37.6,5.0,Portal,Customer Support,AGT-09
TKT-00724,2026-08-12 14:30:28,2026-08-12 19:12:28,Access & Accounts,P1 - Critical,Closed,4,4.7,2.0,Portal,Operations,AGT-03
TKT-04521,2025-09-03 13:30:49,2025-09-03 15:54:49,Network,P2 - High,Resolved,8,2.4,4.0,Email,Operations,AGT-06
TKT-01142,2026-06-05 10:46:07,2026-06-09 06:46:07,Software,P4 - Low,Closed,48,92.0,1.0,Email,Finance,AGT-11
TKT-02763,2025-09-09 16:19:26,2025-09-10 12:37:26,Email & Collaboration,P4 - Low,Resolved,48,20.3,5.0,Phone,Customer Support,AGT-01
TKT-00847,2026-01-02 16:52:49,2026-01-03 06:58:49,Software,P3 - Medium,Closed,24,14.1,4.0,Email,IT,AGT-03
TKT-02552,2026-02-12 17:55:48,2026-02-12 23:13:48,Network,P3 - Medium,Closed,24,5.3,,,IT,AGT-06
TKT-02929,2025-12-23 14:06:41,2025-12-23 19:12:41,Access & Accounts,P3 - Medium,Closed,24,5.1,5.0,Portal,Sales,AGT-01
TKT-00118,2026-05-11 14:35:37,2026-05-11 16:59:37,Email & Collaboration,P2 - High,Closed,8,2.4,5.0,Email,Operations,AGT-02
TKT-00646,2026-07-03 14:54:55,2026-07-03 18:36:55,Network,P2 - High,Resolved,8,3.7,,,Operations,AGT-12
TKT-00004,2026-05-01 15:41:39,2026-05-01 22:11:39,Security,P3 - Medium,Resolved,24,6.5,4.0,Email,Sales,AGT-07
TKT-04171,2026-08-13 10:17:05,2026-08-14 16:05:05,Access & Accounts,P3 - Medium,Closed,24,29.8,2.0,Phone,Operations,AGT-11
TKT-00468,2026-08-05 11:13:33,2026-08-05 18:43:33,Network,P3 - Medium,Closed,24,7.5,4.0,Portal,Operations,AGT-04
TKT-00006,2026-08-19 11:36:31,,Network,P3 - Medium,In Progress,24,,,Phone,Sales,AGT-05
TKT-00920,2026-03-05 18:53:53,2026-03-05 22:11:53,Email & Collaboration,P3 - Medium,Resolved,24,3.3,5.0,Chat,IT,AGT-11
TKT-02596,2026-07-24 17:40:07,2026-07-25 09:34:07,Software,P2 - High,Resolved,8,15.9,2.0,Portal,IT,AGT-01
TKT-01064,2026-04-03 11:48:27,2026-04-03 22:36:27,Software,P3 - Medium,Closed,24,10.8,4.0,Email,Sales,AGT-03
TKT-02591,2026-05-28 16:18:36,2026-05-28 18:00:36,Access & Accounts,P2 - High,Closed,8,1.7,4.0,Phone,R&D,AGT-01
TKT-00243,2025-10-31 16:15:54,2025-10-31 22:09:54,Network,P2 - High,Closed,8,5.9,,Phone,HR,AGT-06
TKT-01161,2025-08-14 09:43:02,2025-08-15 11:13:02,Network,P3 - Medium,Closed,24,25.5,3.0,Phone,Sales,AGT-05
TKT-02871,2026-04-01 17:55:47,2026-04-05 00:43:47,Email & Collaboration,P4 - Low,Closed,48,78.8,2.0,Portal,Finance,AGT-02
TKT-03736,2026-08-18 14:32:12,2026-08-20 02:02:12,Network,P3 - Medium,Closed,24,35.5,,Portal,IT,AGT-05
TKT-02398,2025-10-14 11:12:36,2025-10-15 02:18:36,Security,P4 - Low,Closed,48,15.1,3.0,Email,Sales,AGT-07
TKT-03518,2025-10-08 11:48:52,2025-10-08 12:54:52,Email & Collaboration,P1 - Critical,Closed,4,1.1,3.0,Portal,R&D,AGT-01
TKT-03422,2025-12-12 14:37:32,2025-12-12 15:49:32,Network,P1 - Critical,Closed,4,1.2,4.0,Phone,IT,AGT-04
TKT-02564,2026-02-19 08:07:57,2026-02-19 18:55:57,Hardware,P2 - High,Resolved,8,10.8,1.0,Email,Operations,AGT-09
TKT-01606,2025-11-18 12:08:58,2025-11-20 00:14:58,Network,P4 - Low,Closed,48,36.1,,Portal,R&D,AGT-05
TKT-04868,2025-11-03 14:16:16,2025-11-03 18:52:16,Network,P2 - High,Resolved,8,4.6,,Portal,Finance,AGT-04
TKT-02325,2025-11-12 11:03:27,2025-11-14 22:39:27,Software,P3 - Medium,Closed,24,59.6,,Email,Customer Support,AGT-03
TKT-02710,2026-04-09 08:20:43,2026-04-10 12:56:43,Access & Accounts,P3 - Medium,Closed,24,28.6,2.0,Email,R&D,AGT-03
TKT-04433,2026-06-23 10:36:07,2026-06-23 17:42:07,Hardware,P3 - Medium,Resolved,24,7.1,5.0,Email,Customer Support,AGT-09
TKT-01313,2026-03-16 12:20:03,2026-03-19 21:20:03,Email & Collaboration,P4 - Low,Resolved,48,81.0,1.0,Phone,IT,AGT-03
TKT-03449,2025-12-08 12:42:15,2025-12-08 21:00:15,Software,P3 - Medium,Closed,24,8.3,5.0,Email,Operations,AGT-01
TKT-03813,2026-03-10 17:43:35,2026-03-10 19:25:35,Email & Collaboration,P1 - Critical,Closed,4,1.7,5.0,Chat,Finance,AGT-01
TKT-04693,2026-05-13 09:21:38,2026-05-13 10:45:38,Access & Accounts,P2 - High,Closed,8,1.4,5.0,Email,Finance,AGT-03
TKT-02363,2026-02-04 13:54:48,2026-02-04 18:06:48,Network,P3 - Medium,Closed,24,4.2,5.0,Portal,Customer Support,AGT-06
TKT-01976,2025-10-27 11:00:30,2025-10-28 00:54:30,Network,P4 - Low,Resolved,48,13.9,5.0,,Operations,AGT-12
TKT-03515,2026-07-28 12:58:30,2026-07-28 15:40:30,Software,P2 - High,Closed,8,2.7,,Phone,Sales,AGT-11
TKT-01762,2025-10-07 17:29:24,2025-10-08 17:11:24,Access & Accounts,P4 - Low,Resolved,48,23.7,5.0,Email,Customer Support,AGT-11
TKT-02740,2026-03-14 11:53:53,2026-03-14 22:11:53,Hardware,P3 - Medium,Closed,24,10.3,3.0,Portal,R&D,AGT-09
TKT-04697,2026-01-05 12:35:53,2026-01-06 01:35:53,Access & Accounts,P4 - Low,Closed,48,13.0,4.0,,Finance,AGT-02
TKT-02473,2026-05-12 11:11:02,2026-05-12 18:47:02,Access & Accounts,P3 - Medium,Closed,24,7.6,3.0,Chat,R&D,AGT-01
TKT-04008,2025-09-30 11:45:10,2025-09-30 19:27:10,Hardware,P4 - Low,Closed,48,7.7,5.0,Email,Customer Support,AGT-10
TKT-01494,2026-06-03 17:39:56,2026-06-04 03:27:56,Access & Accounts,P4 - Low,Closed,48,9.8,4.0,Email,R&D,AGT-02
TKT-04207,2025-10-15 14:55:16,2025-10-15 20:13:16,Network,P3 - Medium,Closed,24,5.3,4.0,Phone,Customer Support,AGT-05
TKT-02159,2026-01-10 16:48:20,2026-01-10 23:30:20,Email & Collaboration,P2 - High,Closed,8,6.7,4.0,Chat,Customer Support,AGT-11
TKT-01170,2025-09-06 10:40:54,2025-09-06 16:16:54,Email & Collaboration,P3 - Medium,Resolved,24,5.6,,Portal,R&D,AGT-11
TKT-04971,2026-04-03 13:10:54,2026-04-04 16:28:54,Email & Collaboration,P3 - Medium,Closed,24,27.3,1.0,Chat,Operations,AGT-03
TKT-00233,2026-08-14 09:19:48,2026-08-14 12:37:48,Software,P3 - Medium,Closed,24,3.3,3.0,Email,Operations,AGT-01
TKT-00067,2026-03-09 11:19:28,2026-03-09 16:43:28,Security,P3 - Medium,Closed,24,5.4,5.0,Email,Sales,AGT-07
TKT-01604,2026-06-16 12:40:20,2026-06-16 22:28:20,Network,P3 - Medium,Closed,24,9.8,4.0,Email,Finance,AGT-04
TKT-03284,2025-09-08 12:42:43,2025-09-08 22:54:43,Software,P4 - Low,Closed,48,10.2,4.0,Email,HR,AGT-03
TKT-03597,2026-07-08 10:44:22,2026-07-08 20:08:22,Network,P3 - Medium,Closed,24,9.4,5.0,Chat,Sales,AGT-05
TKT-00126,2026-02-11 12:39:03,2026-02-12 00:15:03,Hardware,P4 - Low,Resolved,48,11.6,4.0,Email,Finance,AGT-10
TKT-01297,2025-09-08 15:01:48,2025-09-08 21:37:48,NetWork,P3 - Medium,Resolved,24,6.6,5.0,Email,Customer Support,AGT-06
TKT-01977,2026-01-29 11:10:58,2026-01-29 14:58:58,Network,P2 - High,Resolved,8,3.8,5.0,Portal,R&D,AGT-06
TKT-04553,2025-08-01 16:10:19,2025-08-02 11:52:19,Hardware,P4 - Low,Closed,48,19.7,4.0,Portal,Finance,AGT-09
TKT-04517,2026-01-16 11:53:28,2026-01-17 12:17:28,Network,P4 - Low,Closed,48,24.4,5.0,Chat,Sales,AGT-05
TKT-02076,2026-02-25 12:22:21,2026-02-27 11:40:21,Hardware,P3 - Medium,Closed,24,47.3,2.0,Email,HR,AGT-09
TKT-03087,2025-10-21 15:53:57,2025-10-22 05:23:57,Network,P4 - Low,Closed,48,13.5,5.0,Email,IT,AGT-05
TKT-04380,2025-08-12 11:03:25,2025-08-13 00:09:25,Access & Accounts,P3 - Medium,Closed,24,13.1,5.0,Email,Sales,AGT-01
TKT-03346,2026-04-21 11:02:44,2026-04-22 11:38:44,Software,P4 - Low,Closed,48,24.6,4.0,Email,IT,AGT-01
TKT-04816,2025-08-07 11:48:02,2025-08-07 12:54:02,Network,P1 - Critical,Closed,4,1.1,4.0,Email,R&D,AGT-12
TKT-02798,2025-12-17 15:03:27,2025-12-17 22:21:27,Software,P4 - Low,Resolved,48,7.3,4.0,Portal,Finance,AGT-11
TKT-00919,2025-11-28 09:14:38,2025-11-28 10:56:38,Network,P2 - High,Closed,8,1.7,4.0,Chat,Customer Support,AGT-06
TKT-01647,2025-11-22 12:44:00,2025-11-23 03:26:00,ACCESS & ACCOUNTS,P4 - Low,Closed,48,14.7,4.0,Phone,HR,AGT-03
TKT-00365,2026-04-16 16:18:17,2026-04-17 02:06:17,Access & Accounts,P3 - Medium,Closed,24,9.8,5.0,Portal,Sales,AGT-01
TKT-03288,2026-01-13 15:49:04,2026-01-14 01:55:04,Security,P2 - High,Resolved,8,10.1,3.0,Portal,Operations,AGT-08
TKT-02126,2025-12-30 11:00:20,2025-12-30 21:06:20,Email & Collaboration,P2 - High,Closed,8,10.1,2.0,Chat,Sales,AGT-11
TKT-04124,2025-12-30 17:03:13,2025-12-31 10:09:13,Network,P4 - Low,Closed,48,17.1,,Email,HR,AGT-06
TKT-00526,2025-12-22 12:09:32,2025-12-22 23:03:32,Access & Accounts,P4 - Low,Resolved,48,10.9,,Portal,Finance,AGT-03
TKT-00056,2026-06-03 10:25:36,,Security,P1 - Critical,In Progress,4,,,Email,Customer Support,AGT-07
TKT-00639,2026-06-01 11:39:39,2026-06-01 14:03:39,Software,P2 - High,Closed,8,2.4,4.0,Email,Finance,AGT-03
TKT-00303,2026-02-27 13:25:33,2026-02-27 19:13:33,Security,P3 - Medium,Closed,24,5.8,4.0,Portal,R&D,AGT-08
TKT-02767,2026-01-22 12:23:43,2026-01-24 21:29:43,Software,P4 - Low,Resolved,48,57.1,2.0,Email,IT,AGT-02
TKT-01277,2025-10-16 11:37:13,,Network,P2 - High,In Progress,8,,,Portal,Operations,AGT-05
TKT-02056,2026-02-05 18:00:21,2026-02-05 19:30:21,Network,P2 - High,Closed,8,1.5,5.0,Email,Finance,AGT-05
TKT-03645,2025-08-21 17:40:20,2025-08-22 03:04:20,Hardware,P3 - Medium,Closed,24,9.4,4.0,Phone,Finance,AGT-10
TKT-04144,2025-12-30 16:11:58,2026-01-01 17:53:58,Access & Accounts,P3 - Medium,Closed,24,49.7,2.0,Portal,IT,AGT-11
TKT-02879,2026-02-24 15:43:29,2026-02-24 21:55:29,Network,P4 - Low,Closed,48,6.2,,Portal,Sales,AGT-04
TKT-04203,2025-09-11 09:02:29,2025-09-11 12:38:29,Software,P3 - Medium,Resolved,24,3.6,5.0,Email,Operations,AGT-11
TKT-02287,2026-07-15 12:15:43,2026-07-15 22:15:43,Hardware,P4 - Low,Closed,48,10.0,4.0,Email,Sales,AGT-09
TKT-02262,2026-08-23 09:49:30,2026-08-23 23:07:30,Software,P4 - Low,Closed,48,13.3,,Portal,Sales,AGT-02
TKT-02297,2026-05-13 16:17:38,2026-05-14 12:35:38,software,P4 - Low,Closed,48,20.3,4.0,Portal,Operations,AGT-01
TKT-01754,2026-06-16 13:36:14,2026-06-16 14:42:14,Access & Accounts,P1 - Critical,Closed,4,1.1,4.0,Portal,Sales,AGT-02
TKT-01969,2026-02-03 11:51:01,2026-02-04 01:57:01,Network,P3 - Medium,Closed,24,14.1,5.0,Portal,Finance,AGT-06
TKT-04386,2026-07-26 17:54:23,2026-07-28 19:30:23,Email & Collaboration,P3 - Medium,Closed,24,49.6,1.0,Chat,Customer Support,AGT-03
TKT-03118,2026-04-22 14:11:35,2026-04-23 06:47:35,Network,P2 - High,Closed,8,16.6,3.0,Portal,R&D,AGT-12
TKT-02394,2025-08-05 11:35:22,2025-08-05 13:11:22,Network,P2 - High,Closed,8,1.6,,Phone,Customer Support,AGT-04
TKT-00524,2026-03-25 12:34:05,2026-03-25 18:28:05,Network,P3 - Medium,Resolved,24,5.9,4.0,Chat,Operations,AGT-06
TKT-03901,2025-09-26 17:10:39,2025-09-26 21:58:39,Access & Accounts,P2 - High,Resolved,8,4.8,,Email,Customer Support,AGT-01
TKT-03123,2025-12-09 15:09:27,2025-12-09 17:33:27,Hardware,P2 - High,Resolved,8,2.4,,Email,Finance,AGT-09
TKT-04157,2026-07-23 08:35:46,2026-07-23 22:05:46,Access & Accounts,P4 - Low,Resolved,48,13.5,4.0,Portal,Finance,AGT-01
TKT-01970,2026-02-17 12:18:56,2026-02-17 15:54:56,Hardware,P2 - High,Closed,8,3.6,,Email,Sales,AGT-10
TKT-00672,2026-03-14 16:20:27,2026-03-14 16:56:27,Network,P1 - Critical,Closed,4,0.6,5.0,Email,Customer Support,AGT-06
TKT-04189,2025-08-28 11:59:44,2025-08-28 22:35:44,Access & Accounts,P4 - Low,Closed,48,10.6,4.0,Portal,IT,AGT-02
TKT-00667,2026-06-13 13:27:28,2026-06-14 02:27:28,ACCESS & ACCOUNTS,P4 - Low,Closed,48,13.0,,Email,Operations,AGT-01
TKT-04373,2026-02-18 13:46:52,2026-02-18 17:52:52,Access & Accounts,P3 - Medium,Closed,24,4.1,4.0,Email,Operations,AGT-02
TKT-01888,2025-10-14 14:03:10,2025-10-14 18:27:10,Email & Collaboration,P3 - Medium,Closed,24,4.4,,Portal,R&D,AGT-01
TKT-03267,2025-10-14 09:47:43,2025-10-14 15:47:43,Software,P3 - Medium,Resolved,24,6.0,4.0,Email,Finance,AGT-11
TKT-00281,2025-08-18 17:15:21,2025-08-18 20:03:21,Security,P2 - High,Resolved,8,2.8,5.0,Portal,Operations,AGT-08
TKT-01720,2026-06-23 17:11:10,2026-06-24 08:11:10,Software,P3 - Medium,Resolved,24,15.0,5.0,Portal,R&D,AGT-01
TKT-02948,2026-06-10 14:46:57,2026-06-11 02:40:57,Hardware,P3 - Medium,Closed,24,11.9,3.0,Portal,Sales,AGT-10
TKT-00900,2026-02-22 13:57:09,2026-02-22 14:51:09,Hardware,P1 - Critical,Resolved,4,0.9,,Email,Sales,AGT-10
TKT-04890,2026-08-27 16:51:00,2026-08-27 18:27:00,Network,P1 - Critical,Closed,4,1.6,5.0,Portal,Customer Support,AGT-04
TKT-00761,2026-05-07 17:14:26,2026-05-07 18:50:26,Software,P2 - High,Closed,8,1.6,5.0,Email,Operations,AGT-01
TKT-01907,2026-01-21 13:00:57,2026-01-21 15:12:57,Software,P2 - High,Closed,8,2.2,4.0,Email,R&D,AGT-03
TKT-04043,2025-09-23 12:11:43,2025-09-23 22:53:43,Access & Accounts,P3 - Medium,Resolved,24,10.7,4.0,Portal,Operations,AGT-01
TKT-03824,2025-08-13 10:40:19,2025-08-13 13:58:19,Hardware,P1 - Critical,Closed,4,3.3,4.0,Portal,Customer Support,AGT-09
TKT-04139,2026-05-06 13:48:58,2026-05-08 14:48:58,Network,P3 - Medium,Closed,24,49.0,3.0,Phone,IT,AGT-04
TKT-03819,2026-04-27 08:42:47,2026-04-29 02:54:47,Hardware,P3 - Medium,Closed,24,42.2,1.0,Phone,R&D,AGT-10
TKT-04301,2026-02-02 14:11:03,2026-02-04 19:47:03,Access & Accounts,P3 - Medium,Closed,24,53.6,2.0,Email,Finance,AGT-01
TKT-02594,2025-09-18 13:59:20,2025-09-20 10:53:20,Hardware,P3 - Medium,Resolved,24,44.9,2.0,Portal,Customer Support,AGT-09
TKT-04165,2026-04-08 09:47:30,2026-04-08 22:05:30,Access & Accounts,P3 - Medium,Resolved,24,12.3,4.0,Chat,Finance,AGT-11
TKT-03032,2025-08-26 11:33:16,,Email & Collaboration,P4 - Low,In Progress,48,,,Phone,Finance,AGT-01
TKT-03580,2025-08-29 10:07:58,2025-08-29 23:01:58,Software,P3 - Medium,Closed,24,12.9,4.0,Email,Sales,AGT-03
TKT-02833,2026-01-29 11:57:37,2026-01-29 16:09:37,Hardware,P2 - High,Closed,8,4.2,4.0,,Customer Support,AGT-10
TKT-03473,2026-03-05 11:22:37,2026-03-06 09:10:37,Security,P4 - Low,Closed,48,21.8,,Phone,Customer Support,AGT-07
TKT-00138,2026-02-06 12:59:45,2026-02-06 14:59:45,Network,P2 - High,Closed,8,2.0,5.0,Phone,R&D,AGT-06
TKT-02181,2026-06-04 11:09:26,2026-06-05 12:09:26,Access & Accounts,P4 - Low,Resolved,48,25.0,4.0,Email,Finance,AGT-03
TKT-02129,2025-09-05 13:12:54,2025-09-06 19:12:54,Software,P3 - Medium,Closed,24,30.0,2.0,Portal,Customer Support,AGT-01
TKT-03178,2025-12-22 12:44:09,2025-12-22 20:14:09,Software,P3 - Medium,Resolved,24,7.5,5.0,Portal,Operations,AGT-03
TKT-04402,2026-05-20 10:01:33,2026-05-20 16:07:33,Email & Collaboration,P1 - Critical,Closed,4,6.1,2.0,Email,Finance,AGT-11
TKT-04262,2026-07-15 13:32:13,2026-07-16 22:02:13,Hardware,P4 - Low,Closed,48,32.5,5.0,Chat,R&D,AGT-10
TKT-04345,2026-05-14 12:07:18,2026-05-14 15:37:18,Access & Accounts,P2 - High,Resolved,8,3.5,4.0,Email,Operations,AGT-02
TKT-01332,2026-02-11 14:41:56,2026-02-12 01:29:56,Hardware,P2 - High,Closed,8,10.8,1.0,Portal,Customer Support,AGT-09
TKT-02018,2025-08-13 12:05:17,2025-08-14 22:35:17,Hardware,P3 - Medium,Resolved,24,34.5,,Phone,R&D,AGT-09
TKT-02483,2025-09-11 08:33:00,2025-09-11 11:39:00,Network,P3 - Medium,Resolved,24,3.1,4.0,Portal,Finance,AGT-06
TKT-01359,2026-04-29 13:13:49,2026-04-29 17:55:49,Hardware,P2 - High,Closed,8,4.7,4.0,Email,R&D,AGT-09
TKT-01330,2025-10-02 10:26:33,2025-10-02 13:44:33,Network,P3 - Medium,Closed,24,3.3,4.0,Phone,Sales,AGT-04
TKT-02151,2026-04-15 15:52:22,2026-04-19 03:28:22,Security,P4 - Low,Closed,48,83.6,3.0,Portal,Sales,AGT-08
TKT-02123,2025-11-19 12:11:35,2025-11-19 20:11:35,Hardware,P4 - Low,Closed,48,8.0,,Portal,R&D,AGT-09
TKT-03982,2026-01-21 15:10:46,2026-01-21 21:46:46,Hardware,P3 - Medium,Resolved,24,6.6,,Phone,R&D,AGT-10
TKT-01253,2025-09-16 13:38:44,2025-09-17 20:56:44,Software,P4 - Low,Closed,48,31.3,5.0,Email,IT,AGT-01
TKT-03279,2025-12-05 11:18:57,2025-12-06 09:36:57,Network,P4 - Low,Closed,48,22.3,,Portal,Customer Support,AGT-12
TKT-03375,2026-02-16 11:37:45,2026-02-16 21:13:45,Network,P3 - Medium,Resolved,24,9.6,4.0,Email,Sales,AGT-06
TKT-02815,2025-08-12 16:37:36,2025-08-16 05:37:36,Security,P4 - Low,Resolved,48,85.0,,Phone,IT,AGT-08
TKT-01849,2026-01-09 10:27:21,2026-01-10 13:51:21,Network,P3 - Medium,Closed,24,27.4,1.0,Chat,IT,AGT-06
TKT-03038,2025-08-04 17:25:18,2025-08-05 08:19:18,Access & Accounts,P3 - Medium,Resolved,24,14.9,4.0,Email,Sales,AGT-01
TKT-00389,2025-09-17 14:40:32,2025-09-18 00:40:32,Hardware,P3 - Medium,Resolved,24,10.0,,Phone,Operations,AGT-10
TKT-00236,2026-06-12 14:38:03,2026-06-12 19:44:03,Email & Collaboration,P3 - Medium,Resolved,24,5.1,5.0,Email,R&D,AGT-11
TKT-01078,2026-02-09 15:08:44,2026-02-09 15:50:44,Software,P2 - High,Closed,8,0.7,3.0,Portal,IT,AGT-11
TKT-01985,2026-04-01 16:46:32,2026-04-01 18:40:32,Hardware,P2 - High,Resolved,8,1.9,3.0,Email,Customer Support,AGT-09
TKT-04364,2026-08-19 12:47:40,,Network,P1 - Critical,In Progress,4,,,Portal,Customer Support,AGT-06
TKT-03963,2026-04-30 17:26:05,2026-05-01 11:32:05,Access & Accounts,P3 - Medium,Resolved,24,18.1,4.0,Phone,Operations,AGT-11
TKT-00771,2025-11-04 16:11:14,2025-11-04 17:59:14,Email & Collaboration,P2 - High,Resolved,8,1.8,4.0,Email,Operations,AGT-02
TKT-02166,2025-11-14 14:26:02,2025-11-14 21:20:02,Access & Accounts,P3 - Medium,Closed,24,6.9,4.0,Phone,Finance,AGT-01
TKT-00674,2026-05-03 17:25:43,2026-05-03 18:43:43,Hardware,P1 - Critical,Resolved,4,1.3,5.0,Email,Customer Support,AGT-09
TKT-00250,2026-01-15 08:33:15,,Network,P3 - Medium,In Progress,24,,,Portal,Customer Support,AGT-05
TKT-01575,2025-09-12 15:53:05,2025-09-14 04:59:05,Email & Collaboration,P4 - Low,Resolved,48,37.1,4.0,Email,Sales,AGT-01
TKT-03420,2026-06-30 14:46:00,2026-07-02 05:52:00,Network,P4 - Low,Closed,48,39.1,4.0,Portal,Sales,AGT-12
TKT-02082,2025-10-18 14:59:34,2025-10-19 07:11:34,Software,P2 - High,Closed,8,16.2,1.0,Portal,Sales,AGT-03
TKT-01824,2026-03-25 14:07:14,2026-03-25 20:37:14,Email & Collaboration,P3 - Medium,Closed,24,6.5,5.0,Phone,R&D,AGT-11
TKT-00717,2026-03-10 10:35:54,2026-03-11 14:35:54,Network,P3 - Medium,Closed,24,28.0,1.0,Portal,IT,AGT-05
TKT-04706,2025-11-25 12:08:00,2025-11-25 12:50:00,Hardware,P1 - Critical,Resolved,4,0.7,5.0,Phone,Operations,AGT-10
TKT-02049,2025-09-27 12:07:23,2025-09-28 03:37:23,Software,P4 - Low,Resolved,48,15.5,5.0,Email,Customer Support,AGT-01
TKT-04179,2026-04-14 11:16:05,2026-04-14 20:16:05,Access & Accounts,P4 - Low,Resolved,48,9.0,4.0,Chat,R&D,AGT-02
TKT-02725,2025-10-06 09:55:16,2025-10-07 01:01:16,Software,P4 - Low,Closed,48,15.1,5.0,Email,R&D,AGT-11
TKT-04557,2026-05-29 13:27:13,2026-05-29 16:15:13,Network,P2 - High,Closed,8,2.8,4.0,Chat,Customer Support,AGT-04
TKT-01461,2026-05-29 14:40:23,2026-05-30 08:04:23,Software,P2 - High,Resolved,8,17.4,,Phone,Operations,AGT-11
TKT-01669,2025-08-21 15:22:06,2025-08-22 03:04:06,hardware,P3 - Medium,Closed,24,11.7,5.0,Portal,Finance,AGT-09
TKT-02757,2026-07-08 10:05:24,2026-07-08 19:11:24,Software,P3 - Medium,Closed,24,9.1,,Portal,Sales,AGT-01
TKT-02001,2026-06-27 16:08:14,2026-06-28 05:56:14,Hardware,P3 - Medium,Resolved,24,13.8,4.0,Email,Operations,AGT-10
TKT-00405,2026-08-27 09:20:45,2026-08-29 06:56:45,Hardware,P3 - Medium,Resolved,24,45.6,2.0,Portal,Operations,AGT-09
TKT-00385,2025-12-26 12:49:44,2025-12-28 22:55:44,Network,P3 - Medium,Resolved,24,58.1,1.0,Chat,Operations,AGT-05
TKT-04528,2026-04-24 12:10:03,2026-04-24 19:58:03,Access & Accounts,P3 - Medium,Resolved,24,7.8,4.0,,Sales,AGT-01
TKT-02153,2026-05-29 08:46:27,2026-05-31 16:10:27,Access & Accounts,P3 - Medium,Resolved,24,55.4,2.0,Portal,Sales,AGT-03
TKT-01634,2026-04-29 17:58:11,2026-04-29 23:34:11, Network ,P3 - Medium,Resolved,24,5.6,4.0,Phone,Customer Support,AGT-05
TKT-04622,2026-08-04 15:56:14,2026-08-06 21:14:14,Access & Accounts,P3 - Medium,Resolved,24,53.3,2.0,Portal,Finance,AGT-03
TKT-03926,2026-03-09 14:10:58,2026-03-09 21:16:58,Network,P3 - Medium,Closed,24,7.1,4.0,Email,Sales,AGT-05
TKT-04159,2026-01-25 11:57:19,2026-01-25 18:21:19,Network,P3 - Medium,Closed,24,6.4,5.0,Portal,Customer Support,AGT-05
TKT-00224,2026-08-11 15:24:21,2026-08-12 04:18:21,Hardware,P4 - Low,Closed,48,12.9,5.0,Portal,HR,AGT-10
TKT-02194,2025-08-25 16:20:49,2025-08-25 19:50:49,software,P2 - High,Closed,8,3.5,5.0,Email,HR,AGT-01
TKT-03137,2026-06-27 17:02:12,2026-07-01 06:50:12,Software,P4 - Low,Closed,48,85.8,,Phone,IT,AGT-03
TKT-01825,2026-05-18 12:00:38,2026-05-18 14:54:38,Network,P2 - High,Closed,8,2.9,4.0,Portal,Operations,AGT-04
TKT-04920,2026-01-08 13:08:02,2026-01-08 15:56:02,Email & Collaboration,P2 - High,Closed,8,2.8,4.0,Email,Sales,AGT-02
TKT-00798,2025-10-06 18:46:20,2025-10-07 04:22:20,Access & Accounts,P2 - High,Resolved,8,9.6,1.0,Chat,Customer Support,AGT-03
TKT-02872,2026-01-28 09:30:49,2026-01-28 20:30:49, Email & Collaboration ,P3 - Medium,Closed,24,11.0,4.0,Phone,Operations,AGT-11
TKT-00010,2026-01-24 13:57:26,2026-01-24 17:27:26,Software,P2 - High,Closed,8,3.5,4.0,Portal,Operations,AGT-01
TKT-01945,2026-06-19 15:31:02,2026-06-19 17:07:02,Email & Collaboration,P2 - High,Closed,8,1.6,,Phone,R&D,AGT-02
TKT-01839,2026-05-29 15:13:40,2026-05-30 01:13:40,Software,P3 - Medium,Closed,24,10.0,,Phone,Sales,AGT-03
TKT-00256,2026-05-20 10:39:32,2026-05-20 12:33:32,Network,P2 - High,Closed,8,1.9,,Chat,HR,AGT-06
TKT-04544,2026-02-11 08:03:05,2026-02-13 11:33:05,hardware,P3 - Medium,Closed,24,51.5,,Email,R&D,AGT-09
TKT-01582,2025-12-02 11:18:13,2025-12-03 05:06:13,Security,P4 - Low,Resolved,48,17.8,4.0,Phone,Sales,AGT-07
TKT-02957,2025-10-01 14:57:39,2025-10-04 05:57:39,access & accounts,P4 - Low,Resolved,48,63.0,1.0,Portal,Finance,AGT-01
TKT-00925,2025-10-05 11:23:57,2025-10-05 18:17:57,Access & Accounts,P3 - Medium,Closed,24,6.9,5.0,Portal,Sales,AGT-02
TKT-04464,2026-08-17 12:32:19,2026-08-17 18:08:19,Network,P1 - Critical,Closed,4,5.6,2.0,Portal,Finance,AGT-12
TKT-02509,2026-02-26 14:33:47,2026-02-26 21:51:47,Access & Accounts,P4 - Low,Resolved,48,7.3,4.0,Email,Sales,AGT-03
TKT-03776,2026-02-10 13:04:22,2026-02-10 18:16:22,Software,P1 - Critical,Closed,4,5.2,2.0,Email,IT,AGT-01
TKT-04137,2026-02-13 16:40:13,2026-02-13 18:34:13,Security,P2 - High,Resolved,8,1.9,4.0,Portal,Sales,AGT-07
TKT-02780,2025-09-23 15:08:50,2025-09-23 21:02:50,Software,P3 - Medium,Closed,24,5.9,,Chat,Customer Support,AGT-11
TKT-00540,2026-06-25 09:06:51,2026-06-25 12:24:51,Email & Collaboration,P1 - Critical,Resolved,4,3.3,5.0,Chat,Customer Support,AGT-11
TKT-02746,2026-06-04 11:41:27,2026-06-04 18:59:27,access & accounts,P3 - Medium,Closed,24,7.3,4.0,Phone,Sales,AGT-02
TKT-04534,2026-02-05 17:27:45,2026-02-08 14:39:45,Access & Accounts,P4 - Low,Resolved,48,69.2,1.0,Chat,HR,AGT-03
TKT-04607,2026-07-03 10:55:16,2026-07-04 08:19:16,Email & Collaboration,P4 - Low,Resolved,48,21.4,5.0,Phone,IT,AGT-02
TKT-01146,2025-12-05 12:12:16,2025-12-05 14:36:16,NetWork,P2 - High,Closed,8,2.4,5.0,Phone,Sales,AGT-04
TKT-04469,2026-08-25 16:29:19,2026-08-25 20:11:19,Access & Accounts,P3 - Medium,Closed,24,3.7,4.0,Chat,R&D,AGT-11
TKT-00668,2026-08-27 15:52:22,,Email & Collaboration,P4 - Low,In Progress,48,,,Email,Operations,AGT-01
TKT-03020,2025-10-31 13:24:50,2025-11-01 01:06:50,HARDWARE,P3 - Medium,Resolved,24,11.7,3.0,Portal,Operations,AGT-09
TKT-00358,2026-06-10 10:24:11,2026-06-15 08:54:11,Software,P4 - Low,Resolved,48,118.5,2.0,Email,Sales,AGT-01
TKT-02832,2026-01-26 18:13:46,2026-01-29 02:01:46,Network,P4 - Low,Resolved,48,55.8,1.0,Chat,Operations,AGT-04
TKT-02784,2025-12-17 10:43:49,2025-12-17 12:19:49,Email & Collaboration,P1 - Critical,Closed,4,1.6,4.0,Chat,Operations,AGT-02
TKT-01354,2025-11-28 11:39:27,2025-11-28 23:03:27,Email & Collaboration,P3 - Medium,Resolved,24,11.4,3.0,Portal,Customer Support,AGT-11
TKT-00471,2026-01-06 14:37:35,2026-01-07 14:19:35,Network,P4 - Low,Resolved,48,23.7,5.0,Email,Customer Support,AGT-04
TKT-02704,2026-06-16 15:29:40,2026-06-17 04:47:40,Network,P3 - Medium,Closed,24,13.3,4.0,Portal,Sales,AGT-06
TKT-03331,2026-08-06 15:01:25,2026-08-06 17:49:25,Network,P2 - High,Resolved,8,2.8,,Portal,IT,AGT-06
TKT-03638,2025-10-24 14:23:26,2025-10-26 21:11:26,Security,P4 - Low,Closed,48,54.8,2.0,Phone,IT,AGT-07
TKT-01397,2026-02-26 10:48:24,2026-02-26 15:18:24,Software,P2 - High,Closed,8,4.5,5.0,Portal,R&D,AGT-01
TKT-03585,2026-07-26 11:19:36,2026-07-26 12:49:36,Software,P1 - Critical,Closed,4,1.5,4.0,Phone,R&D,AGT-01
TKT-04522,2026-01-09 14:32:51,2026-01-09 19:32:51,Email & Collaboration,P3 - Medium,Resolved,24,5.0,4.0,Chat,R&D,AGT-01
TKT-03377,2025-08-05 14:58:34,2025-08-06 02:52:34,Access & Accounts,P4 - Low,Closed,48,11.9,4.0,Phone,Operations,AGT-03
TKT-01257,2026-05-24 09:40:41,2026-05-24 12:16:41,Hardware,P2 - High,Closed,8,2.6,4.0,Portal,R&D,AGT-10
TKT-03513,2026-08-24 14:32:36,2026-08-25 03:14:36,Email & Collaboration,P3 - Medium,Closed,24,12.7,5.0,Email,Operations,AGT-02
TKT-01251,2025-09-09 13:34:43,2025-09-11 17:16:43,Network,P3 - Medium,Resolved,24,51.7,2.0,Email,Sales,AGT-05
TKT-04847,2025-09-24 14:18:12,2025-09-27 21:06:12,security,P4 - Low,Resolved,48,78.8,3.0,Portal,Sales,AGT-07
TKT-04299,2026-02-26 11:26:49,2026-02-27 03:20:49,Software,P2 - High,Closed,8,15.9,2.0,Email,Customer Support,AGT-01
TKT-03285,2025-10-15 12:44:35,2025-10-16 00:50:35,Access & Accounts,P2 - High,Resolved,8,12.1,,Portal,IT,AGT-02
TKT-02934,2026-07-13 09:05:03,2026-07-13 19:59:03,Email & Collaboration,P3 - Medium,Closed,24,10.9,4.0,Chat,HR,AGT-03
TKT-04176,2026-03-06 14:52:53,2026-03-06 16:22:53,Network,P2 - High,Resolved,8,1.5,5.0,Phone,IT,AGT-04
TKT-01853,2026-02-13 12:08:25,2026-02-13 16:20:25,Network,P2 - High,Closed,8,4.2,4.0,Portal,IT,AGT-04
TKT-04909,2026-04-25 15:06:56,,Email & Collaboration,P3 - Medium,In Progress,24,,,Phone,Finance,AGT-01
TKT-02106,2026-05-06 17:46:22,,Hardware,P4 - Low,In Progress,48,,,Portal,Sales,AGT-10
TKT-00134,2025-12-15 11:53:52,2025-12-15 17:29:52,Hardware,P3 - Medium,Resolved,24,5.6,,Portal,Operations,AGT-10
TKT-00929,2026-03-18 11:10:19,,Software,P3 - Medium,In Progress,24,,,Phone,Finance,AGT-01
TKT-00824,2026-04-17 09:17:01,2026-04-17 15:53:01,Hardware,P3 - Medium,Closed,24,6.6,4.0,Portal,Customer Support,AGT-09
TKT-04579,2026-02-09 15:40:51,2026-02-10 00:34:51,network,P3 - Medium,Closed,24,8.9,5.0,Email,Finance,AGT-06
TKT-01532,2025-09-19 13:37:45,2025-09-19 20:43:45,Network,P3 - Medium,Closed,24,7.1,4.0,Email,IT,AGT-04
TKT-01215,2025-11-14 13:59:55,2025-11-14 17:11:55,Access & Accounts,P3 - Medium,Resolved,24,3.2,4.0,Portal,Operations,AGT-03
TKT-00505,2026-02-20 15:05:51,2026-02-21 02:41:51,Network,P4 - Low,Resolved,48,11.6,5.0,Email,Sales,AGT-04
TKT-04286,2025-10-01 11:03:03,2025-10-01 20:57:03,Security,P3 - Medium,Resolved,24,9.9,4.0,Chat,R&D,AGT-08
TKT-01997,2025-11-20 10:47:21,2025-11-22 13:29:21,Email & Collaboration,P3 - Medium,Closed,24,50.7,2.0,Chat,Operations,AGT-01
TKT-03073,2026-06-17 10:25:40,2026-06-17 18:01:40,Software,P3 - Medium,Closed,24,7.6,4.0,Portal,Sales,AGT-01
TKT-01959,2026-06-30 13:56:13,2026-06-30 16:44:13,Access & Accounts,P2 - High,Resolved,8,2.8,5.0,Email,Customer Support,AGT-01
TKT-01385,2026-08-12 18:56:41,2026-08-13 02:20:41,Software,P3 - Medium,Resolved,24,7.4,5.0,Email,Operations,AGT-11
TKT-00895,2026-05-23 15:14:50,2026-05-25 15:56:50,Access & Accounts,P3 - Medium,Closed,24,48.7,2.0,Portal,R&D,AGT-01
TKT-00456,2025-10-13 17:34:06,2025-10-14 05:10:06,Email & Collaboration,P3 - Medium,Closed,24,11.6,4.0,,Operations,AGT-11
TKT-04674,2025-11-19 08:18:53,2025-11-20 07:12:53,Network,P4 - Low,Resolved,48,22.9,3.0,Portal,R&D,AGT-05
TKT-03710,2026-05-15 14:34:10,2026-05-15 20:22:10,Access & Accounts,P4 - Low,Closed,48,5.8,4.0,Phone,Operations,AGT-02
TKT-04656,2026-07-08 09:41:10,2026-07-08 18:11:10,Access & Accounts,P3 - Medium,Resolved,24,8.5,,Email,Operations,AGT-03
TKT-04269,2026-06-08 15:04:54,2026-06-09 00:40:54,Hardware,P3 - Medium,Closed,24,9.6,3.0,Email,Customer Support,AGT-10
TKT-03523,2025-09-12 10:05:42,2025-09-12 14:23:42,Email & Collaboration,P3 - Medium,Resolved,24,4.3,5.0,Email,Finance,AGT-03
TKT-04135,2026-02-17 12:59:46,2026-02-19 18:05:46,Network,P4 - Low,Closed,48,53.1,,Portal,Operations,AGT-05
TKT-03603,2026-02-13 13:09:38,2026-02-13 20:21:38,Network,P3 - Medium,Resolved,24,7.2,5.0,Portal,Operations,AGT-04
TKT-00714,2026-07-21 10:13:23,2026-07-21 14:01:23,Access & Accounts,P3 - Medium,Closed,24,3.8,,Phone,R&D,AGT-11
TKT-04187,2025-09-11 09:45:40,2025-09-11 21:21:40,EMAIL & COLLABORATION,P4 - Low,Resolved,48,11.6,4.0,Phone,Sales,AGT-01
TKT-02215,2026-07-29 14:21:50,2026-07-29 17:33:50,Network,P2 - High,Closed,8,3.2,4.0,Portal,Customer Support,AGT-06
TKT-02924,2026-04-22 14:23:03,2026-04-22 21:11:03,Hardware,P3 - Medium,Closed,24,6.8,5.0,Portal,Customer Support,AGT-10
TKT-01811,2025-10-28 17:10:36,2025-10-29 17:40:36,Email & Collaboration,P4 - Low,Resolved,48,24.5,4.0,Email,R&D,AGT-11
TKT-03487,2026-04-23 17:02:19,2026-04-24 01:56:19, Security ,P3 - Medium,Resolved,24,8.9,4.0,Email,IT,AGT-07
TKT-03142,2025-10-08 13:40:04,2025-10-08 15:46:04,Hardware,P3 - Medium,Closed,24,2.1,4.0,Portal,IT,AGT-10
TKT-01828,2026-02-05 12:18:12,2026-02-05 13:18:12,Network,P1 - Critical,Resolved,4,1.0,,Email,Customer Support,AGT-04
TKT-01156,2025-08-27 12:33:16,2025-08-27 13:45:16,Security,P2 - High,Closed,8,1.2,4.0,Email,Operations,AGT-07
TKT-01325,2025-12-09 11:58:42,2025-12-09 16:46:42,Network,P3 - Medium,Resolved,24,4.8,4.0,Email,R&D,AGT-06
TKT-04313,2025-11-11 09:17:36,2025-11-12 19:35:36,Access & Accounts,P3 - Medium,Resolved,24,34.3,2.0,Portal,Sales,AGT-01
TKT-00511,2025-08-29 18:31:53,2025-08-29 19:49:53,Network,P2 - High,Resolved,8,1.3,5.0,Portal,Customer Support,AGT-05
TKT-01681,2026-05-20 10:42:54,2026-05-22 02:48:54,Software,P3 - Medium,Closed,24,40.1,2.0,Chat,Customer Support,AGT-02
TKT-00500,2026-02-18 16:21:49,2026-02-19 02:09:49,Network,P3 - Medium,Closed,24,9.8,4.0,Phone,R&D,AGT-05
TKT-04572,2026-07-10 14:02:47,2026-07-10 16:38:47,Access & Accounts,P1 - Critical,Closed,4,2.6,4.0,Email,Sales,AGT-11
TKT-01857,2025-10-28 15:05:42,2025-10-29 03:29:42,Network,P4 - Low,Closed,48,12.4,3.0,Email,HR,AGT-06
TKT-01389,2026-07-21 11:25:52,2026-07-26 01:19:52,Access & Accounts,P4 - Low,Resolved,48,109.9,1.0,Phone,Sales,AGT-01
TKT-03720,2026-02-03 13:53:24,2026-02-05 04:59:24,Network,P3 - Medium,Resolved,24,39.1,2.0,Email,Sales,AGT-06
TKT-02387,2026-08-24 14:21:32,2026-08-25 20:45:32,Access & Accounts,P3 - Medium,Closed,24,30.4,3.0,Phone,Customer Support,AGT-02
TKT-03237,2026-08-10 09:00:04,2026-08-14 03:00:04,Access & Accounts,P4 - Low,Closed,48,90.0,1.0,Email,R&D,AGT-01
TKT-01541,2026-06-18 11:41:36,2026-06-20 08:35:36,Email & Collaboration,P4 - Low,Resolved,48,44.9,,Portal,R&D,AGT-01
TKT-01218,2026-03-10 08:25:26,2026-03-10 23:13:26,Software,P4 - Low,Closed,48,14.8,3.0,Portal,R&D,AGT-11
TKT-02682,2026-07-01 11:46:40,2026-07-02 15:04:40,Software,P3 - Medium,Resolved,24,27.3,2.0,Chat,Finance,AGT-03
TKT-02994,2026-03-04 10:26:59,2026-03-04 11:02:59,Software,P1 - Critical,Closed,4,0.6,5.0,Portal,Customer Support,AGT-01
TKT-01192,2026-01-02 17:12:03,2026-01-03 11:48:03, Network ,P3 - Medium,Resolved,24,18.6,4.0,Phone,Customer Support,AGT-04
TKT-01543,2025-12-20 10:32:49,2025-12-20 14:50:49,Software,P1 - Critical,Closed,4,4.3,1.0,Portal,Sales,AGT-03
TKT-03302,2025-12-04 11:58:59,2025-12-04 20:52:59,Network,P4 - Low,Closed,48,8.9,,Email,Finance,AGT-06
TKT-03325,2026-03-26 12:24:50,,Software,P3 - Medium,In Progress,24,,,Phone,Operations,AGT-02
TKT-02540,2026-02-17 14:36:42,2026-02-17 21:24:42,Access & Accounts,P4 - Low,Closed,48,6.8,4.0,Chat,Finance,AGT-01
TKT-00954,2025-10-03 15:49:48,2025-10-03 19:07:48,Network,P2 - High,Closed,8,3.3,4.0,Portal,IT,AGT-04
TKT-04331,2025-09-10 13:03:33,2025-09-10 15:45:33, Access & Accounts ,P2 - High,Closed,8,2.7,5.0,Chat,Sales,AGT-01
TKT-00733,2025-09-14 13:24:51,2025-09-16 10:36:51,Network,P4 - Low,Closed,48,45.2,4.0,Email,HR,AGT-05
TKT-01157,2025-08-21 12:43:37,2025-08-21 19:43:37,Software,P3 - Medium,Closed,24,7.0,5.0,Phone,Operations,AGT-01
TKT-03295,2026-02-09 10:48:12,2026-02-09 14:48:12,Email & Collaboration,P2 - High,Resolved,8,4.0,5.0,Portal,Sales,AGT-01
TKT-02983,2025-09-09 13:41:07,2025-09-10 09:05:07,Email & Collaboration,P4 - Low,Closed,48,19.4,3.0,Phone,Operations,AGT-11
TKT-02157,2025-09-09 11:54:34,2025-09-09 13:00:34,Hardware,P1 - Critical,Closed,4,1.1,4.0,Email,R&D,AGT-09
TKT-01063,2025-11-10 11:58:59,2025-11-11 18:22:59,Hardware,P3 - Medium,Closed,24,30.4,1.0,Portal,Operations,AGT-10
TKT-02617,2025-10-17 12:42:16,2025-10-18 05:42:16,Email & Collaboration,P3 - Medium,Closed,24,17.0,4.0,Phone,R&D,AGT-03
TKT-01168,2026-02-27 12:55:54,2026-02-28 11:43:54,Security,P4 - Low,Resolved,48,22.8,5.0,Email,Operations,AGT-07
TKT-03223,2026-05-26 11:29:01,2026-05-26 15:05:01,Network,P2 - High,Resolved,8,3.6,4.0,Email,Operations,AGT-05
TKT-03637,2026-06-19 11:09:08,2026-06-20 00:33:08,Access & Accounts,P3 - Medium,Resolved,24,13.4,3.0,Email,Customer Support,AGT-02
TKT-02939,2025-11-05 11:46:29,2025-11-07 10:34:29,Software,P3 - Medium,Closed,24,46.8,2.0,Portal,IT,AGT-01
TKT-04492,2026-06-30 15:18:42,2026-06-30 21:30:42, Security ,P2 - High,Resolved,8,6.2,4.0,Phone,Finance,AGT-08
TKT-03141,2025-11-27 10:15:36,2025-11-28 12:57:36,Access & Accounts,P4 - Low,Resolved,48,26.7,3.0,Portal,Finance,AGT-01
TKT-00144,2026-03-13 15:36:33,2026-03-14 05:54:33,Software,P4 - Low,Closed,48,14.3,4.0,Chat,Operations,AGT-03
TKT-03578,2025-11-10 14:38:06,2025-11-10 15:14:06,Network,P2 - High,Resolved,8,0.6,,Phone,Operations,AGT-05
TKT-02783,2026-04-08 14:16:25,2026-04-12 00:04:25,software,P4 - Low,Closed,48,81.8,1.0,Portal,Finance,AGT-02
TKT-00718,2025-09-10 13:38:23,2025-09-11 07:20:23,Security,P4 - Low,Closed,48,17.7,4.0,Portal,Operations,AGT-07
TKT-01820,2026-04-01 13:10:00,,access & accounts,P4 - Low,In Progress,48,,,Phone,Sales,AGT-01
TKT-02503,2026-08-09 11:23:09,2026-08-09 14:23:09,Network,P2 - High,Closed,8,3.0,,Portal,Sales,AGT-06
TKT-04361,2025-11-04 13:01:14,2025-11-04 22:07:14,Security,P3 - Medium,Resolved,24,9.1,4.0,Portal,Operations,AGT-08
TKT-04172,2026-05-05 09:50:03,2026-05-05 16:14:03,Access & Accounts,P3 - Medium,Closed,24,6.4,4.0,Portal,Finance,AGT-02
TKT-00396,2026-01-26 15:06:41,2026-01-27 23:54:41,Email & Collaboration,P4 - Low,Resolved,48,32.8,4.0,Email,Operations,AGT-03
TKT-04945,2026-02-25 16:33:27,2026-02-26 03:03:27,Network,P3 - Medium,Resolved,24,10.5,5.0,Chat,Operations,AGT-06
TKT-04493,2026-08-26 18:46:22,2026-08-27 05:16:22,Software,P3 - Medium,Closed,24,10.5,4.0,Portal,Operations,AGT-01
TKT-01366,2026-02-22 14:51:26,2026-02-24 01:39:26,Network,P4 - Low,Resolved,48,34.8,,Portal,Sales,AGT-05
TKT-04594,2025-10-20 11:12:26,2025-10-24 05:54:26,Software,P4 - Low,Resolved,48,90.7,1.0,Portal,Customer Support,AGT-11
TKT-00596,2025-11-18 15:12:08,2025-11-19 04:30:08,Network,P3 - Medium,Closed,24,13.3,5.0,Email,Finance,AGT-12
TKT-03953,2026-08-06 10:06:53,2026-08-06 20:06:53,Email & Collaboration,P3 - Medium,Resolved,24,10.0,5.0,Chat,Sales,AGT-02
TKT-02915,2026-01-27 13:55:26,2026-01-27 23:19:26,Software,P4 - Low,Closed,48,9.4,,Portal,Operations,AGT-02
TKT-02327,2025-10-22 10:30:40,2025-10-22 23:00:40,Security,P4 - Low,Resolved,48,12.5,4.0,Email,HR,AGT-08
TKT-03767,2026-02-18 12:03:28,2026-02-18 17:21:28,Network,P3 - Medium,Resolved,24,5.3,,Email,Finance,AGT-06
TKT-03441,2025-11-12 13:48:49,2025-11-13 00:24:49,Email & Collaboration,P3 - Medium,Resolved,24,10.6,4.0,Portal,R&D,AGT-02
TKT-03852,2025-11-18 14:26:40,2025-11-18 20:08:40,Software,P3 - Medium,Closed,24,5.7,5.0,Phone,Customer Support,AGT-01
TKT-04133,2026-01-15 11:05:30,2026-01-16 05:53:30,Access & Accounts,P4 - Low,Resolved,48,18.8,4.0,Phone,Sales,AGT-11
TKT-04627,2026-06-30 14:33:00,2026-06-30 22:03:00,Access & Accounts,P3 - Medium,Resolved,24,7.5,,Portal,R&D,AGT-03
TKT-02144,2026-06-12 16:04:33,2026-06-13 01:22:33,Network,P3 - Medium,Closed,24,9.3,,Portal,Sales,AGT-06
TKT-01572,2026-03-12 11:40:20,2026-03-12 18:52:20,Access & Accounts,P3 - Medium,Resolved,24,7.2,4.0,Email,HR,AGT-02
TKT-04080,2026-01-25 16:42:02,2026-01-25 23:24:02,Software,P3 - Medium,Closed,24,6.7,,Portal,R&D,AGT-02
TKT-01123,2026-06-23 12:42:59,2026-06-24 19:48:59,Network,P3 - Medium,Resolved,24,31.1,2.0,Email,Customer Support,AGT-06
TKT-02787,2026-04-28 12:23:24,2026-04-28 19:59:24,Software,P3 - Medium,Resolved,24,7.6,,Phone,Operations,AGT-11
TKT-02968,2025-11-20 12:53:07,2025-11-20 16:53:07,Hardware,P3 - Medium,Resolved,24,4.0,5.0,Portal,Finance,AGT-09
TKT-02505,2025-11-18 11:32:19,2025-11-18 17:26:19,Software,P3 - Medium,Closed,24,5.9,4.0,Portal,Operations,AGT-02
TKT-03466,2026-06-08 15:17:35,2026-06-08 23:41:35,Hardware,P4 - Low,Resolved,48,8.4,5.0,Portal,Sales,AGT-10
TKT-00676,2026-01-01 15:37:55,2026-01-01 21:31:55,Network,P3 - Medium,Closed,24,5.9,4.0,Portal,Sales,AGT-05
TKT-02809,2025-10-13 11:10:40,2025-10-13 14:16:40,Network,P3 - Medium,Closed,24,3.1,4.0,Email,R&D,AGT-04
TKT-03349,2026-06-01 14:53:31,2026-06-01 16:53:31,Network,P2 - High,Closed,8,2.0,4.0,Phone,Sales,AGT-04
TKT-00729,2026-01-27 12:05:43,2026-01-28 08:17:43,Email & Collaboration,P4 - Low,Resolved,48,20.2,4.0,Phone,R&D,AGT-11
TKT-00413,2025-09-05 12:29:09,2025-09-05 19:23:09,Access & Accounts,P3 - Medium,Resolved,24,6.9,4.0,Email,Customer Support,AGT-11
TKT-03147,2026-05-15 10:39:33,2026-05-16 18:03:33,Security,P3 - Medium,Resolved,24,31.4,2.0,Phone,Operations,AGT-08
TKT-01517,2025-09-13 13:48:19,2025-09-14 02:12:19,Hardware,P4 - Low,Closed,48,12.4,4.0,Phone,Customer Support,AGT-09
TKT-00826,2025-08-08 14:34:59,2025-08-09 00:10:59,Hardware,P3 - Medium,Closed,24,9.6,5.0,Portal,Finance,AGT-09
TKT-03268,2026-05-27 10:15:14,2026-05-27 13:45:14,Software,P3 - Medium,Closed,24,3.5,4.0,Email,Finance,AGT-02
TKT-03975,2025-09-01 11:26:50,2025-09-01 23:08:50,Hardware,P4 - Low,Closed,48,11.7,4.0,Chat,IT,AGT-10
TKT-00617,2026-05-21 15:49:13,2026-05-21 21:19:13,Email & Collaboration,P3 - Medium,Closed,24,5.5,4.0,Chat,Sales,AGT-02
TKT-00115,2025-10-09 11:05:14,2025-10-09 18:59:14,Network,P3 - Medium,Resolved,24,7.9,4.0,Phone,IT,AGT-05
TKT-00418,2026-06-02 13:13:05,2026-06-02 22:25:05,Security,P4 - Low,Resolved,48,9.2,5.0,Email,Operations,AGT-08
TKT-03070,2026-01-23 12:03:10,2026-01-24 18:51:10,Software,P3 - Medium,Closed,24,30.8,2.0,Email,Customer Support,AGT-01
TKT-01626,2026-05-21 12:07:08,2026-05-21 20:13:08,Access & Accounts,P3 - Medium,Closed,24,8.1,,Portal,Finance,AGT-02
TKT-04991,2025-08-04 08:27:43,2025-08-08 14:03:43,Hardware,P4 - Low,Closed,48,101.6,,Portal,Sales,AGT-10
TKT-04186,2026-06-12 09:52:30,2026-06-12 14:58:30,Access & Accounts,P2 - High,Closed,8,5.1,4.0,Portal,HR,AGT-11
TKT-02897,2026-08-18 13:55:58,2026-08-19 21:49:58,Email & Collaboration,P3 - Medium,Closed,24,31.9,,Email,Operations,AGT-01
TKT-04709,2025-10-06 16:15:44,2025-10-06 20:51:44,Software,P3 - Medium,Closed,24,4.6,5.0,Portal,Sales,AGT-01
TKT-02083,2026-04-24 13:12:23,2026-04-27 14:30:23,Software,P4 - Low,Resolved,48,73.3,2.0,Email,Sales,AGT-11
TKT-00754,2026-02-05 17:15:02,2026-02-07 21:33:02,Hardware,P3 - Medium,Resolved,24,52.3,2.0,Phone,Sales,AGT-09
TKT-02547,2026-08-17 10:32:38,2026-08-19 07:14:38,Network,P3 - Medium,Closed,24,44.7,3.0,Email,Sales,AGT-12
TKT-03970,2025-09-26 15:49:20,2025-09-27 05:49:20,Network,P3 - Medium,Resolved,24,14.0,3.0,Portal,IT,AGT-06
TKT-03374,2025-10-03 11:09:09,2025-10-04 07:15:09,Software,P3 - Medium,Resolved,24,20.1,3.0,Phone,Operations,AGT-11
TKT-04108,2026-05-13 15:12:11,2026-05-13 19:24:11,hardware,P3 - Medium,Closed,24,4.2,5.0,Email,Sales,AGT-10
TKT-02445,2026-02-05 09:01:54,2026-02-05 22:49:54,Security,P3 - Medium,Resolved,24,13.8,4.0,Email,Finance,AGT-07
TKT-04381,2026-02-22 12:12:31,2026-02-22 18:54:31,Network,P3 - Medium,Closed,24,6.7,3.0,Email,Operations,AGT-12
TKT-01067,2026-01-05 10:59:25,2026-01-05 12:29:25,Network,P1 - Critical,Resolved,4,1.5,4.0,Chat,Sales,AGT-04
TKT-03914,2025-12-31 16:57:09,2025-12-31 22:03:09,Access & Accounts,P3 - Medium,Closed,24,5.1,,Chat,Finance,AGT-11
TKT-03499,2026-01-01 09:55:24,2026-01-01 14:55:24,Email & Collaboration,P3 - Medium,Resolved,24,5.0,,Portal,Finance,AGT-11
TKT-02739,2026-05-05 12:26:26,2026-05-05 13:14:26,Software,P1 - Critical,Resolved,4,0.8,,,Customer Support,AGT-01
TKT-04001,2026-05-08 12:01:42,2026-05-11 07:01:42,Network,P4 - Low,Closed,48,67.0,3.0,Portal,R&D,AGT-05
TKT-01569,2026-02-04 13:04:02,2026-02-05 04:10:02,Email & Collaboration,P3 - Medium,Closed,24,15.1,4.0,Email,IT,AGT-03
TKT-02428,2026-04-29 10:31:05,2026-05-03 19:25:05,Network,P4 - Low,Resolved,48,104.9,2.0,Email,IT,AGT-05
TKT-03747,2025-11-07 13:54:49,2025-11-07 20:36:49,Software,P3 - Medium,Resolved,24,6.7,4.0,Chat,Customer Support,AGT-02
TKT-04677,2025-09-14 13:52:05,2025-09-14 15:22:05,Hardware ,P2 - High,Closed,8,1.5,4.0,Chat,Operations,AGT-09
TKT-01688,2026-02-16 14:32:34,2026-02-16 20:44:34,Software,P4 - Low,Closed,48,6.2,3.0,Portal,Customer Support,AGT-01
TKT-00852,2025-10-17 18:03:07,2025-10-18 06:27:07,Software,P4 - Low,Resolved,48,12.4,4.0,Phone,IT,AGT-02
TKT-03547,2026-02-05 11:15:23,2026-02-05 14:33:23,network,P2 - High,Closed,8,3.3,,Portal,Customer Support,AGT-06
TKT-00896,2026-07-13 12:47:19,2026-07-13 16:53:19,Security,P3 - Medium,Resolved,24,4.1,4.0,Email,Customer Support,AGT-08
TKT-04593,2026-05-14 16:32:09,2026-05-14 23:26:09,Software,P3 - Medium,Resolved,24,6.9,,Portal,Operations,AGT-03
TKT-00336,2026-03-30 13:34:52,2026-03-31 22:40:52,Network,P3 - Medium,Resolved,24,33.1,1.0,Chat,R&D,AGT-06
TKT-02840,2025-08-19 10:29:25,2025-08-19 15:23:25,Access & Accounts,P3 - Medium,Closed,24,4.9,4.0,Portal,Finance,AGT-02
TKT-03088,2026-01-26 13:20:30,2026-01-27 03:02:30,Email & Collaboration,P4 - Low,Resolved,48,13.7,4.0,Chat,Sales,AGT-03
TKT-04612,2025-11-28 16:13:57,2025-11-29 07:49:57,SECURITY,P4 - Low,Closed,48,15.6,,Portal,IT,AGT-08
TKT-01349,2026-01-12 11:40:49,2026-01-14 07:04:49,Email & Collaboration,P3 - Medium,Closed,24,43.4,3.0,Chat,HR,AGT-01
TKT-01016,2025-10-09 08:36:13,2025-10-09 17:48:13,Network,P3 - Medium,Resolved,24,9.2,4.0,Email,Operations,AGT-04
TKT-02817,2025-11-20 18:14:38,2025-11-20 20:44:38,Access & Accounts,P2 - High,Closed,8,2.5,5.0,Email,Operations,AGT-11
TKT-01632,2026-07-06 15:25:56,2026-07-06 19:19:56,Network,P2 - High,Closed,8,3.9,4.0,Email,HR,AGT-04
TKT-02490,2026-03-27 10:47:07,2026-03-27 22:29:07,Access & Accounts,P4 - Low,Resolved,48,11.7,4.0,Email,Customer Support,AGT-01
TKT-03731,2026-08-03 15:45:21,2026-08-04 01:27:21,Email & Collaboration,P3 - Medium,Closed,24,9.7,4.0,Email,Finance,AGT-02
TKT-03252,2026-03-05 12:47:36,2026-03-05 23:53:36,Network,P4 - Low,Closed,48,11.1,,Phone,R&D,AGT-12
TKT-04672,2025-11-28 12:08:23,2025-11-30 21:56:23,Software,P4 - Low,Closed,48,57.8,2.0,Portal,Operations,AGT-03
TKT-02071,2026-07-03 12:01:56,2026-07-03 19:31:56,Email & Collaboration,P3 - Medium,Closed,24,7.5,5.0,,Sales,AGT-03
TKT-04453,2026-04-14 09:05:56,2026-04-16 14:53:56,Access & Accounts,P3 - Medium,Resolved,24,53.8,3.0,Email,Operations,AGT-02
TKT-04923,2025-11-17 09:05:10,2025-11-19 01:23:10,Security,P3 - Medium,Resolved,24,40.3,2.0,Phone,Operations,AGT-08
TKT-01636,2026-01-09 13:23:09,2026-01-09 17:23:09,Software,P2 - High,Closed,8,4.0,4.0,,IT,AGT-11
TKT-04647,2026-07-27 13:16:52,2026-07-27 16:34:52,Security,P2 - High,Closed,8,3.3,4.0,Phone,Operations,AGT-07
TKT-02480,2026-08-06 12:07:20,2026-08-06 22:19:20,Hardware,P3 - Medium,Closed,24,10.2,4.0,Phone,Sales,AGT-09
TKT-02266,2025-09-19 13:00:38,2025-09-20 03:42:38,Hardware,P4 - Low,Closed,48,14.7,5.0,Email,Sales,AGT-09
TKT-02960,2026-07-24 15:06:00,2026-07-25 13:48:00,Hardware,P4 - Low,Resolved,48,22.7,4.0,Chat,IT,AGT-10
TKT-04771,2026-04-10 15:15:58,2026-04-10 20:51:58,Network,P4 - Low,Closed,48,5.6,5.0,Portal,R&D,AGT-05
TKT-03060,2025-11-14 12:57:40,2025-11-14 18:15:40,Security,P4 - Low,Resolved,48,5.3,5.0,Chat,HR,AGT-07
TKT-02142,2026-01-19 12:03:10,2026-01-20 06:15:10,Network,P4 - Low,Closed,48,18.2,5.0,Portal,Finance,AGT-12
TKT-03119,2025-11-14 12:02:45,2025-11-14 20:44:45,Software,P3 - Medium,Closed,24,8.7,4.0,Email,IT,AGT-01
TKT-04764,2026-02-16 17:39:53,,Security,P4 - Low,In Progress,48,,,Portal,Finance,AGT-07
TKT-04046,2025-11-11 12:27:41,2025-11-11 14:27:41,Security,P2 - High,Closed,8,2.0,5.0,Email,Customer Support,AGT-08
TKT-03357,2026-03-09 10:37:21,2026-03-09 22:31:21,Network,P3 - Medium,Resolved,24,11.9,4.0,Chat,Finance,AGT-05
TKT-02745,2025-12-20 18:14:38,2025-12-21 05:02:38,Software,P4 - Low,Closed,48,10.8,,Portal,Customer Support,AGT-11
TKT-03507,2026-02-11 16:33:03,2026-02-15 17:39:03,Access & Accounts,P4 - Low,Closed,48,97.1,3.0,Portal,IT,AGT-03
TKT-01680,2026-02-24 16:01:09,2026-02-24 23:43:09,Software,P3 - Medium,Resolved,24,7.7,4.0,Phone,Customer Support,AGT-03
TKT-04250,2026-06-10 10:52:42,2026-06-10 23:58:42,Network,P3 - Medium,Resolved,24,13.1,5.0,Email,Finance,AGT-06
TKT-03148,2026-05-07 13:31:51,2026-05-08 03:25:51,Security,P4 - Low,Resolved,48,13.9,4.0,Email,Operations,AGT-08
TKT-02295,2025-11-26 15:59:08,2025-11-26 19:53:08,Network,P3 - Medium,Resolved,24,3.9,5.0,Email,Operations,AGT-05
TKT-00581,2026-02-12 14:00:33,2026-02-12 14:54:33,Network,P2 - High,Resolved,8,0.9,4.0,Portal,Operations,AGT-12
TKT-01471,2026-08-04 10:43:21,2026-08-04 22:13:21,Software,P3 - Medium,Closed,24,11.5,4.0,Email,Finance,AGT-02
TKT-04071,2026-01-02 14:49:00,2026-01-02 21:07:00,Hardware,P3 - Medium,Resolved,24,6.3,4.0,Portal,Customer Support,AGT-09
TKT-03344,2025-09-10 11:22:16,2025-09-11 05:28:16,Hardware,P4 - Low,Closed,48,18.1,,Portal,R&D,AGT-10
TKT-04584,2026-08-20 13:36:45,2026-08-21 02:00:45,Software,P4 - Low,Resolved,48,12.4,4.0,Portal,Customer Support,AGT-02
TKT-03673,2025-11-25 15:32:25,2025-11-30 13:08:25,Software,P4 - Low,Closed,48,117.6,2.0,Email,Sales,AGT-01
TKT-00560,2026-02-10 16:27:00,2026-02-12 03:57:00,Email & Collaboration,P3 - Medium,Resolved,24,35.5,2.0,Email,Finance,AGT-02
TKT-02850,2025-12-26 16:06:50,2025-12-27 01:36:50,Hardware,P3 - Medium,Closed,24,9.5,5.0,Phone,Customer Support,AGT-10
TKT-00513,2025-08-22 15:06:52,2025-08-22 17:36:52,Email & Collaboration,P3 - Medium,Closed,24,2.5,5.0,Chat,Operations,AGT-02
TKT-01082,2026-07-24 13:25:47,2026-07-25 02:13:47,Access & Accounts,P4 - Low,Closed,48,12.8,3.0,Portal,Operations,AGT-01
TKT-01665,2026-07-27 15:46:28,2026-07-27 17:34:28,Access & Accounts,P2 - High,Closed,8,1.8,,Email,Sales,AGT-03
TKT-01013,2026-02-03 10:12:31,2026-02-04 02:54:31,Access & Accounts,P4 - Low,Closed,48,16.7,4.0,Email,Customer Support,AGT-11
TKT-01932,2026-03-27 16:24:35,2026-03-27 20:12:35,Network,P3 - Medium,Closed,24,3.8,3.0,Phone,R&D,AGT-06
TKT-01151,2025-09-26 12:45:39,2025-09-26 18:09:39,Network,P3 - Medium,Closed,24,5.4,4.0,Email,HR,AGT-04
TKT-02839,2025-12-25 12:00:45,2025-12-25 13:06:45,Hardware,P1 - Critical,Closed,4,1.1,4.0,Phone,Sales,AGT-10
TKT-00117,2026-05-26 12:19:24,2026-05-26 20:31:24,Network,P3 - Medium,Closed,24,8.2,4.0,Email,Sales,AGT-06
TKT-00741,2025-08-01 15:05:27,2025-08-02 02:47:27,Hardware,P3 - Medium,Resolved,24,11.7,4.0,Email,Finance,AGT-09
TKT-04846,2025-11-27 16:28:05,2025-11-27 20:58:05,Software,P3 - Medium,Closed,24,4.5,4.0,Portal,R&D,AGT-02
TKT-03676,2026-07-11 16:50:30,2026-07-12 03:02:30,Network,P3 - Medium,Resolved,24,10.2,,Phone,Customer Support,AGT-06
TKT-00831,2026-03-28 11:42:53,2026-03-30 11:30:53,Access & Accounts,P3 - Medium,Resolved,24,47.8,2.0,Phone,Customer Support,AGT-11
TKT-00120,2026-04-03 12:38:33,2026-04-03 14:38:33,Software,P2 - High,Resolved,8,2.0,5.0,Chat,HR,AGT-02
TKT-04819,2026-03-02 14:35:33,2026-03-02 19:47:33,Access & Accounts,P3 - Medium,Resolved,24,5.2,4.0,Email,IT,AGT-01
TKT-04778,2025-09-02 13:41:40,2025-09-05 16:59:40,Software,P4 - Low,Resolved,48,75.3,2.0,Portal,IT,AGT-01
TKT-00636,2025-09-12 12:04:13,2025-09-13 02:52:13,Email & Collaboration,P3 - Medium,Resolved,24,14.8,4.0,Phone,Customer Support,AGT-01
TKT-04466,2025-09-30 16:56:33,2025-10-02 02:20:33,Email & Collaboration,P3 - Medium,Resolved,24,33.4,2.0,Email,Sales,AGT-03
TKT-04365,2026-05-20 08:05:54,2026-05-22 15:35:54,Network,P3 - Medium,Closed,24,55.5,1.0,Phone,Operations,AGT-04
TKT-04143,2025-08-14 17:39:39,2025-08-15 13:09:39,Software,P4 - Low,Resolved,48,19.5,4.0,Portal,Operations,AGT-01
TKT-00992,2026-05-22 11:23:45,2026-05-23 01:11:45,Email & Collaboration,P4 - Low,Resolved,48,13.8,4.0,Email,Operations,AGT-11
TKT-00877,2026-01-02 15:35:54,2026-01-02 23:59:54,Email & Collaboration,P4 - Low,Resolved,48,8.4,4.0,Portal,Customer Support,AGT-11
TKT-00005,2025-09-08 14:48:24,2025-09-08 18:54:24,Hardware,P3 - Medium,Closed,24,4.1,,Email,Operations,AGT-09
TKT-03052,2025-09-09 14:53:36,2025-09-09 19:41:36,Software,P4 - Low,Closed,48,4.8,4.0,Portal,Finance,AGT-03
TKT-03125,2025-10-15 11:55:31,2025-10-15 23:01:31,Hardware,P4 - Low,Resolved,48,11.1,,Phone,Finance,AGT-10
TKT-02661,2026-06-26 15:45:31,2026-06-27 19:03:31,Software,P4 - Low,Closed,48,27.3,4.0,Portal,R&D,AGT-01
TKT-02492,2026-01-06 18:22:35,2026-01-06 19:04:35,Access & Accounts,P1 - Critical,Resolved,4,0.7,,Email,IT,AGT-11
TKT-03855,2026-03-26 12:14:15,2026-03-26 13:50:15,Access & Accounts,P1 - Critical,Closed,4,1.6,3.0,Portal,Sales,AGT-02
TKT-01716,2026-05-29 08:12:01,2026-05-29 15:24:01,Network,P3 - Medium,Closed,24,7.2,4.0,Email,HR,AGT-05
TKT-01149,2026-02-10 14:01:04,,Network,P3 - Medium,In Progress,24,,,Phone,R&D,AGT-04
TKT-03262,2026-04-30 16:38:00,2026-05-01 02:08:00,Access & Accounts,P3 - Medium,Resolved,24,9.5,5.0,Portal,Customer Support,AGT-03
TKT-00575,2026-07-01 16:49:43,2026-07-01 23:49:43,Hardware ,P3 - Medium,Resolved,24,7.0,,Email,Sales,AGT-10
TKT-03770,2026-04-06 16:17:39,2026-04-07 08:41:39,Security,P4 - Low,Closed,48,16.4,4.0,Email,Sales,AGT-08
TKT-03737,2025-11-10 11:47:01,2025-11-11 09:35:01,Network,P4 - Low,Closed,48,21.8,5.0,Email,Sales,AGT-06
TKT-04147,2025-08-13 14:16:11,2025-08-13 18:46:11,Access & Accounts,P3 - Medium,Closed,24,4.5,5.0,Portal,Sales,AGT-01
TKT-00854,2026-07-24 10:26:31,2026-07-25 18:50:31,Software,P3 - Medium,Closed,24,32.4,2.0,Phone,R&D,AGT-03
TKT-01983,2026-07-01 12:09:10,2026-07-02 07:39:10,Network,P4 - Low,Closed,48,19.5,4.0,Portal,HR,AGT-05
TKT-02775,2026-05-24 13:32:31,2026-05-26 09:56:31,Security,P3 - Medium,Closed,24,44.4,,Portal,Sales,AGT-07
TKT-01167,2026-06-19 12:17:39,2026-06-21 06:53:39,Hardware,P3 - Medium,Closed,24,42.6,2.0,Email,Customer Support,AGT-09
TKT-00972,2025-08-13 13:17:35,2025-08-15 01:11:35,Access & Accounts,P3 - Medium,Resolved,24,35.9,1.0,Portal,IT,AGT-01
TKT-02702,2026-02-26 13:58:35,2026-02-26 21:28:35,Email & Collaboration,P3 - Medium,Closed,24,7.5,5.0,Portal,IT,AGT-01
TKT-04496,2025-12-19 14:19:00,2025-12-20 14:37:00,Hardware,P4 - Low,Resolved,48,24.3,4.0,Portal,HR,AGT-10
TKT-03848,2026-05-05 13:04:48,2026-05-05 13:58:48,Email & Collaboration,P1 - Critical,Closed,4,0.9,4.0,Portal,Customer Support,AGT-11
TKT-02369,2025-12-23 08:26:10,2025-12-23 14:20:10,Hardware,P3 - Medium,Resolved,24,5.9,,Portal,Operations,AGT-09
TKT-04116,2025-11-14 12:43:33,2025-11-18 21:55:33,Network,P4 - Low,Closed,48,105.2,2.0,Email,Customer Support,AGT-12
TKT-04132,2026-04-03 11:31:20,2026-04-03 13:31:20,Security,P1 - Critical,Resolved,4,2.0,4.0,Portal,Operations,AGT-07
TKT-02951,2025-09-30 10:32:18,2025-10-03 17:56:18,Email & Collaboration,P4 - Low,Resolved,48,79.4,1.0,Email,Sales,AGT-01
TKT-00525,2025-09-17 11:26:30,2025-09-17 19:32:30,Access & Accounts,P3 - Medium,Resolved,24,8.1,4.0,Email,Finance,AGT-02
TKT-02456,2026-02-27 10:34:38,2026-02-27 16:28:38,email & collaboration,P4 - Low,Resolved,48,5.9,4.0,Portal,Customer Support,AGT-01
TKT-01842,2026-03-12 15:18:51,2026-03-13 16:48:51,Software,P4 - Low,Closed,48,25.5,5.0,Email,Sales,AGT-01
TKT-00538,2025-10-03 15:07:31,2025-10-03 21:13:31,Network,P3 - Medium,Resolved,24,6.1,,,IT,AGT-06
TKT-02807,2025-12-08 16:06:08,2025-12-09 10:12:08,Network,P4 - Low,Closed,48,18.1,3.0,Chat,Operations,AGT-06
TKT-04342,2025-09-18 09:20:43,2025-09-18 11:20:43,Hardware,P1 - Critical,Resolved,4,2.0,,Phone,Customer Support,AGT-09
TKT-03176,2025-08-17 09:35:25,2025-08-18 02:05:25,network,P4 - Low,Closed,48,16.5,5.0,Phone,Finance,AGT-06
TKT-00785,2026-08-21 14:45:53,2026-08-23 03:45:53,Hardware,P3 - Medium,Closed,24,37.0,3.0,Phone,R&D,AGT-09
TKT-04058,2026-08-10 10:29:50,2026-08-10 11:47:50,Software,P1 - Critical,Closed,4,1.3,5.0,Portal,HR,AGT-01
TKT-01410,2026-05-06 17:40:27,2026-05-07 06:52:27,Hardware,P3 - Medium,Resolved,24,13.2,5.0,Email,Operations,AGT-09
TKT-02538,2025-12-26 10:41:44,2025-12-26 18:11:44,Network,P3 - Medium,Closed,24,7.5,5.0,Portal,Operations,AGT-05
TKT-00155,2025-09-12 11:57:16,2025-09-13 02:03:16,Hardware,P4 - Low,Closed,48,14.1,5.0,Email,Operations,AGT-09
TKT-03010,2026-05-22 10:50:41,2026-05-22 21:44:41,Network,P4 - Low,Resolved,48,10.9,5.0,Portal,Sales,AGT-04
TKT-01687,2026-02-13 11:53:24,2026-02-14 04:53:24,EMAIL & COLLABORATION,P4 - Low,Closed,48,17.0,5.0,Chat,Operations,AGT-11
TKT-02902,2026-07-31 13:08:03,2026-08-02 11:50:03,Hardware,P3 - Medium,Closed,24,46.7,3.0,Portal,Sales,AGT-10
TKT-04990,2025-09-10 16:26:36,2025-09-10 17:32:36,Software,P1 - Critical,Resolved,4,1.1,4.0,Chat,R&D,AGT-02
TKT-04722,2026-03-02 10:49:10,2026-03-02 14:07:10,Security,P2 - High,Resolved,8,3.3,4.0,Portal,Customer Support,AGT-08
TKT-03864,2025-12-14 16:08:39,2025-12-14 21:20:39,Security,P3 - Medium,Resolved,24,5.2,,Chat,Customer Support,AGT-07
TKT-02734,2025-12-10 12:56:11,, Network ,P3 - Medium,In Progress,24,,,Email,IT,AGT-06
TKT-01896,2025-10-09 16:14:51,2025-10-10 07:56:51,Access & Accounts,P4 - Low,Closed,48,15.7,4.0,Email,Operations,AGT-01
TKT-00570,2026-02-28 11:09:26,2026-03-04 20:33:26,Network,P4 - Low,Closed,48,105.4,,Email,IT,AGT-05
TKT-01817,2026-05-26 08:55:38,2026-05-27 22:13:38,Security,P3 - Medium,Closed,24,37.3,,Email,Sales,AGT-07
TKT-02066,2026-07-31 10:02:44,2026-08-02 12:14:44,Software,P3 - Medium,Closed,24,50.2,2.0,Email,Sales,AGT-03
TKT-00128,2025-09-26 15:35:52,2025-09-26 22:23:52,Network,P3 - Medium,Resolved,24,6.8,,Portal,Sales,AGT-05
TKT-03395,2026-05-19 15:09:11,2026-05-19 22:45:11,Software,P3 - Medium,Closed,24,7.6,4.0,Email,R&D,AGT-11
TKT-03328,2026-06-30 11:12:35,2026-06-30 12:30:35,Hardware,P2 - High,Closed,8,1.3,4.0,Chat,Customer Support,AGT-10
TKT-04067,2025-11-19 12:57:30,2025-11-19 22:51:30,Hardware,P3 - Medium,Resolved,24,9.9,4.0,Phone,IT,AGT-10
TKT-02976,2026-06-18 12:59:56,2026-06-20 12:53:56,Email & Collaboration,P3 - Medium,Closed,24,47.9,3.0,Phone,Operations,AGT-02
TKT-00981,2026-08-24 12:20:10,2026-08-25 11:02:10,Network,P4 - Low,Closed,48,22.7,4.0,Email,R&D,AGT-04
TKT-02301,2026-08-07 13:45:11,2026-08-08 02:33:11,Software,P4 - Low,Closed,48,12.8,4.0,Email,Sales,AGT-02
TKT-00191,2026-08-04 11:48:41,2026-08-04 18:30:41,Network,P3 - Medium,Closed,24,6.7,4.0,Portal,Finance,AGT-05
TKT-01140,2026-04-22 13:28:44,2026-04-22 22:40:44,Email & Collaboration,P4 - Low,Resolved,48,9.2,4.0,Portal,R&D,AGT-02
TKT-00700,2025-11-26 13:32:48,2025-11-26 18:26:48,Network,P3 - Medium,Closed,24,4.9,3.0,Portal,R&D,AGT-05
TKT-04820,2026-03-05 11:25:52,2026-03-06 12:07:52,Email & Collaboration,P4 - Low,Resolved,48,24.7,4.0,Portal,R&D,AGT-01
TKT-00607,2026-07-07 12:37:35,2026-07-07 17:19:35,Network,P3 - Medium,Closed,24,4.7,5.0,Portal,R&D,AGT-04
TKT-04277,2026-01-07 09:18:58,2026-01-08 03:18:58,Network,P4 - Low,Resolved,48,18.0,5.0,Portal,Sales,AGT-04
TKT-00302,2025-09-23 16:27:54,2025-09-24 21:21:54,Network,P4 - Low,Closed,48,28.9,4.0,Portal,Operations,AGT-05
TKT-03421,2026-07-04 16:16:51,2026-07-04 16:40:51, Email & Collaboration ,P2 - High,Closed,8,0.4,4.0,,Customer Support,AGT-01
TKT-04962,2025-10-02 12:01:14,2025-10-03 06:43:14,Network,P3 - Medium,Closed,24,18.7,5.0,Chat,HR,AGT-12
TKT-01061,2026-08-10 12:38:00,2026-08-11 09:32:00,Hardware,P4 - Low,Closed,48,20.9,4.0,Portal,Sales,AGT-09
TKT-02566,2026-01-02 16:46:06,2026-01-02 18:52:06,Software,P2 - High,Closed,8,2.1,4.0,,Operations,AGT-11
TKT-01756,2026-03-16 11:16:31,2026-03-16 23:28:31,Hardware,P4 - Low,Resolved,48,12.2,,Portal,R&D,AGT-09
TKT-01070,2026-01-05 14:48:09,2026-01-06 00:42:09,Network,P3 - Medium,Closed,24,9.9,4.0,Phone,R&D,AGT-04
TKT-02525,2026-07-24 17:02:42,2026-07-25 11:56:42,Security,P4 - Low,Closed,48,18.9,4.0,Email,Customer Support,AGT-07
TKT-02206,2026-03-19 12:42:21,,SECURITY,P4 - Low,In Progress,48,,,,Finance,AGT-08
TKT-01244,2025-08-22 11:50:01,2025-08-23 22:38:01,Network,P3 - Medium,Closed,24,34.8,,Phone,Operations,AGT-05
TKT-00017,2026-03-06 09:46:31,2026-03-07 00:58:31,Software,P3 - Medium,Resolved,24,15.2,5.0,Email,Operations,AGT-11
TKT-03121,2025-10-03 15:51:04,2025-10-07 02:45:04,Access & Accounts,P4 - Low,Closed,48,82.9,,Email,R&D,AGT-01
TKT-04643,2026-02-03 13:58:09,2026-02-04 05:34:09,Network,P3 - Medium,Closed,24,15.6,4.0,Email,Sales,AGT-04
TKT-04755,2026-07-29 14:51:55,2026-07-29 16:21:55, Software ,P2 - High,Closed,8,1.5,5.0,Chat,IT,AGT-03
TKT-00816,2026-07-19 14:36:03,2026-07-20 09:12:03,Access & Accounts,P4 - Low,Closed,48,18.6,5.0,Portal,HR,AGT-02
TKT-03068,2025-10-11 15:13:55,2025-10-11 23:07:55,hardware,P3 - Medium,Resolved,24,7.9,4.0,Email,Customer Support,AGT-09
TKT-04824,2026-05-04 11:20:50,2026-05-04 14:20:50,Security,P2 - High,Closed,8,3.0,4.0,Portal,R&D,AGT-07
TKT-00960,2026-02-25 11:42:35,2026-02-25 20:30:35,Network,P4 - Low,Closed,48,8.8,4.0,Portal,Finance,AGT-06
TKT-00226,2026-07-29 08:02:34,2026-07-29 20:08:34,Software,P4 - Low,Resolved,48,12.1,4.0,Portal,Customer Support,AGT-02
TKT-03355,2026-02-11 12:46:39,2026-02-14 15:58:39,Software,P4 - Low,Resolved,48,75.2,1.0,Portal,Finance,AGT-03
TKT-02486,2025-12-30 14:40:05,2025-12-30 23:52:05,Network,P3 - Medium,Closed,24,9.2,5.0,Portal,Customer Support,AGT-12
TKT-00563,2026-06-28 09:14:19,2026-06-28 20:38:19,Hardware,P3 - Medium,Closed,24,11.4,3.0,Portal,IT,AGT-09
TKT-03437,2025-12-08 14:24:00,2025-12-08 16:18:00,NetWork,P2 - High,Resolved,8,1.9,3.0,Chat,Customer Support,AGT-06
TKT-01694,2026-05-17 17:18:34,2026-05-20 11:18:34,Network,P4 - Low,Closed,48,66.0,1.0,Email,R&D,AGT-04
TKT-01046,2025-12-08 12:42:34,2025-12-13 12:30:34,Access & Accounts,P4 - Low,Resolved,48,119.8,2.0,Email,Operations,AGT-02
TKT-03447,2026-04-24 13:32:47,2026-04-24 20:14:47,Hardware,P3 - Medium,Resolved,24,6.7,5.0,Portal,Finance,AGT-09
TKT-04566,2026-04-16 16:06:57,2026-04-16 17:12:57,Hardware,P1 - Critical,Closed,4,1.1,,Portal,Customer Support,AGT-09
TKT-00955,2026-08-05 18:39:22,2026-08-06 12:39:22,Software,P3 - Medium,Resolved,24,18.0,4.0,Email,IT,AGT-11
TKT-00502,2026-07-15 13:33:09,2026-07-16 05:03:09,Email & Collaboration,P2 - High,Resolved,8,15.5,,Email,Customer Support,AGT-02
TKT-02736,2026-01-28 11:22:34,2026-01-28 20:34:34,Email & Collaboration,P3 - Medium,Closed,24,9.2,3.0,Portal,R&D,AGT-02
TKT-04944,2026-08-21 13:16:49,2026-08-21 14:10:49,Software,P1 - Critical,Closed,4,0.9,5.0,,HR,AGT-02
TKT-04736,2026-05-20 11:55:01,2026-05-20 18:49:01,hardware,P3 - Medium,Closed,24,6.9,4.0,Phone,IT,AGT-09
TKT-04863,2025-11-15 10:44:44,2025-11-16 00:56:44,security,P4 - Low,Closed,48,14.2,,Email,Operations,AGT-08
TKT-01219,2026-04-23 10:28:21,2026-04-23 21:22:21,Access & Accounts,P4 - Low,Resolved,48,10.9,4.0,Chat,Customer Support,AGT-02
TKT-01528,2026-02-04 17:00:35,2026-02-05 00:24:35,Network,P4 - Low,Closed,48,7.4,5.0,Portal,Operations,AGT-05
TKT-03988,2026-01-30 09:51:04,2026-01-31 15:45:04,software,P3 - Medium,Closed,24,29.9,,Email,Finance,AGT-02
TKT-01301,2025-10-24 18:06:59,2025-10-24 20:48:59,Network,P2 - High,Resolved,8,2.7,5.0,,Sales,AGT-05
TKT-04932,2026-04-06 11:59:09,2026-04-07 01:59:09,Hardware,P3 - Medium,Closed,24,14.0,5.0,Portal,Finance,AGT-10
TKT-00161,2025-09-12 10:47:38,2025-09-12 22:41:38,Network,P3 - Medium,Resolved,24,11.9,4.0,Phone,Customer Support,AGT-05
TKT-04068,2026-04-30 10:35:55,2026-04-30 18:05:55,Access & Accounts,P3 - Medium,Resolved,24,7.5,5.0,Portal,R&D,AGT-01
TKT-00957,2026-06-02 14:25:44,2026-06-02 15:25:44,Access & Accounts,P2 - High,Closed,8,1.0,4.0,Portal,Operations,AGT-02
TKT-03792,2025-12-06 13:17:45,,Email & Collaboration,P1 - Critical,In Progress,4,,,Portal,R&D,AGT-02
TKT-03235,2025-10-04 15:18:45,2025-10-05 00:12:45,Access & Accounts,P4 - Low,Closed,48,8.9,4.0,Email,Customer Support,AGT-02
TKT-02870,2025-08-15 14:39:22,2025-08-16 06:51:22,Access & Accounts,P4 - Low,Resolved,48,16.2,3.0,Portal,Sales,AGT-02
TKT-03778,2025-09-01 17:55:24,2025-09-03 10:49:24,Software,P3 - Medium,Closed,24,40.9,,Portal,Sales,AGT-11
TKT-04434,2025-12-25 13:22:49,2025-12-25 14:10:49,Network,P2 - High,Resolved,8,0.8,4.0,Chat,IT,AGT-04
TKT-02962,2026-08-17 14:28:22,2026-08-17 15:10:22,Email & Collaboration,P2 - High,Closed,8,0.7,5.0,Email,Customer Support,AGT-11
TKT-02201,2025-09-17 14:38:39,2025-09-18 10:38:39,Email & Collaboration,P4 - Low,Closed,48,20.0,5.0,Portal,Operations,AGT-02
TKT-00099,2025-09-16 12:16:20,2025-09-16 15:04:20,Security,P2 - High,Closed,8,2.8,5.0,Email,IT,AGT-07
TKT-02558,2025-11-12 08:00:26,,email & collaboration,P4 - Low,In Progress,48,,,Email,IT,AGT-01
TKT-03184,2025-10-08 10:11:48,2025-10-08 17:05:48,Security,P4 - Low,Closed,48,6.9,5.0,Portal,Customer Support,AGT-07
TKT-00254,2025-11-06 10:28:24,2025-11-06 13:10:24,Network,P2 - High,Resolved,8,2.7,3.0,Portal,Sales,AGT-05
TKT-03924,2026-07-29 12:26:47,2026-07-29 19:50:47,Network,P3 - Medium,Closed,24,7.4,,Portal,HR,AGT-04
TKT-04200,2025-09-10 13:54:12,,Software,P2 - High,In Progress,8,,,Email,R&D,AGT-11
TKT-01446,2026-03-12 13:27:54,2026-03-13 04:51:54,Access & Accounts,P4 - Low,Closed,48,15.4,4.0,Phone,IT,AGT-02
TKT-01649,2026-07-23 14:02:16,2026-07-25 11:02:16,Security,P3 - Medium,Resolved,24,45.0,,Portal,Operations,AGT-08
TKT-04683,2026-05-26 11:30:46,2026-05-26 18:00:46,Hardware,P3 - Medium,Resolved,24,6.5,4.0,Email,Sales,AGT-09
TKT-04724,2026-03-30 14:36:41,2026-03-30 17:36:41,Software,P3 - Medium,Closed,24,3.0,5.0,Email,Sales,AGT-01
TKT-03992,2026-01-14 15:53:36,2026-01-14 22:29:36,Hardware,P3 - Medium,Resolved,24,6.6,5.0,Phone,IT,AGT-10
TKT-01697,2025-10-14 12:04:42,2025-10-14 16:28:42,Network,P3 - Medium,Resolved,24,4.4,4.0,Email,Finance,AGT-12
TKT-03192,2025-08-12 12:21:32,2025-08-12 18:03:32,Network,P3 - Medium,Closed,24,5.7,4.0,Email,Operations,AGT-12
TKT-04500,2026-05-29 11:21:27,2026-05-29 15:51:27,Security,P3 - Medium,Resolved,24,4.5,5.0,Email,Operations,AGT-07
TKT-01155,2026-02-26 10:10:23,,software,P3 - Medium,In Progress,24,,,Phone,Sales,AGT-02
TKT-02256,2026-02-22 13:14:26,2026-02-23 00:50:26,Software,P4 - Low,Resolved,48,11.6,5.0,Email,R&D,AGT-11
TKT-01683,2026-05-21 13:53:58,2026-05-22 01:53:58,Software,P3 - Medium,Resolved,24,12.0,5.0,Email,R&D,AGT-11
TKT-03171,2026-08-23 13:16:10,2026-08-23 17:22:10,Access & Accounts,P3 - Medium,Closed,24,4.1,3.0,Portal,Sales,AGT-03
TKT-02057,2026-08-19 13:47:28,2026-08-19 18:17:28,Security,P4 - Low,Closed,48,4.5,,Email,Finance,AGT-07
TKT-04091,2025-09-10 12:09:55,2025-09-10 19:15:55,Security,P3 - Medium,Resolved,24,7.1,,Portal,Customer Support,AGT-08
TKT-03109,2025-10-14 16:57:22,2025-10-14 18:57:22,Hardware,P2 - High,Closed,8,2.0,4.0,Portal,Operations,AGT-10
TKT-04549,2026-05-13 15:02:15,2026-05-14 13:08:15,Hardware,P4 - Low,Closed,48,22.1,,Portal,Finance,AGT-09
TKT-03724,2026-01-16 14:28:36,2026-01-16 21:10:36,Security,P3 - Medium,Closed,24,6.7,4.0,Email,Customer Support,AGT-07
TKT-02050,2025-12-11 13:16:58,2025-12-12 01:52:58,Network,P4 - Low,Closed,48,12.6,4.0,Phone,IT,AGT-12
TKT-03644,2025-10-09 13:08:46,2025-10-09 14:14:46,Software,P1 - Critical,Closed,4,1.1,5.0,Email,Customer Support,AGT-11
TKT-04968,2025-12-04 16:31:01,2025-12-05 08:01:01,Network,P4 - Low,Resolved,48,15.5,5.0,Portal,Operations,AGT-12
TKT-00624,2026-01-30 17:37:57,2026-02-02 00:07:57,Access & Accounts,P3 - Medium,Closed,24,54.5,1.0,Email,IT,AGT-01
TKT-00263,2025-12-01 11:51:54,2025-12-02 03:57:54,Hardware,P3 - Medium,Resolved,24,16.1,5.0,Chat,Operations,AGT-10
TKT-03370,2026-01-21 12:11:42,2026-01-21 13:11:42,Software,P1 - Critical,Closed,4,1.0,3.0,Email,HR,AGT-11
TKT-04062,2026-05-04 12:49:55,2026-05-04 22:01:55,Security,P4 - Low,Closed,48,9.2,,Email,HR,AGT-07
TKT-01803,2025-09-23 14:38:25,2025-09-24 03:32:25,Network,P4 - Low,Closed,48,12.9,5.0,Portal,Finance,AGT-06
TKT-04737,2026-04-24 10:25:01,,Access & Accounts,P4 - Low,In Progress,48,,,Portal,Customer Support,AGT-03
TKT-04843,2025-11-17 12:22:55,2025-11-18 15:10:55,Email & Collaboration,P3 - Medium,Closed,24,26.8,,Portal,Customer Support,AGT-01
TKT-02386,2026-05-27 12:33:44,2026-05-27 13:21:44, Network ,P1 - Critical,Resolved,4,0.8,4.0,Email,Finance,AGT-05
TKT-01960,2026-03-30 16:54:44,2026-03-30 23:30:44,Network,P4 - Low,Resolved,48,6.6,4.0,Portal,R&D,AGT-04
TKT-02977,2026-04-14 12:31:45,2026-04-14 18:31:45,Hardware,P3 - Medium,Resolved,24,6.0,5.0,Portal,Operations,AGT-09
TKT-00489,2026-03-13 15:21:20,2026-03-14 00:03:20,Software,P3 - Medium,Closed,24,8.7,5.0,Phone,IT,AGT-02
TKT-01844,2026-08-05 15:46:15,2026-08-06 01:46:15,Access & Accounts,P3 - Medium,Resolved,24,10.0,4.0,Portal,Customer Support,AGT-11
TKT-01735,2026-07-07 13:45:21,2026-07-07 19:51:21,Software,P4 - Low,Closed,48,6.1,5.0,Email,Operations,AGT-11
TKT-02912,2025-09-29 11:35:25,2025-09-30 07:23:25,Access & Accounts,P3 - Medium,Closed,24,19.8,4.0,,Operations,AGT-03
TKT-03220,2025-12-09 15:52:50,2025-12-09 22:22:50,Network,P3 - Medium,Closed,24,6.5,5.0,Portal,R&D,AGT-05
TKT-00147,2025-12-09 16:23:40,2025-12-10 10:53:40,Email & Collaboration,P3 - Medium,Closed,24,18.5,,Portal,HR,AGT-02
TKT-01987,2025-11-10 15:50:03,2025-11-10 18:14:03,Network,P1 - Critical,Closed,4,2.4,4.0,Email,Finance,AGT-05
TKT-01370,2025-12-15 10:02:26,2025-12-16 04:26:26,Software,P4 - Low,Closed,48,18.4,5.0,Email,HR,AGT-01
TKT-02812,2026-07-09 16:31:34,2026-07-09 21:31:34,Security,P3 - Medium,Closed,24,5.0,,Phone,IT,AGT-08
TKT-00660,2026-01-04 13:38:36,2026-01-04 23:56:36,Access & Accounts,P3 - Medium,Resolved,24,10.3,4.0,Email,R&D,AGT-01
TKT-01795,2026-07-23 12:57:38,2026-07-25 19:33:38, Access & Accounts ,P3 - Medium,Resolved,24,54.6,1.0,Portal,IT,AGT-02
TKT-02512,2026-01-13 11:03:59,2026-01-13 20:33:59,Network,P4 - Low,Resolved,48,9.5,4.0,Chat,Operations,AGT-04
TKT-03398,2025-09-12 14:58:44,2025-09-12 19:58:44,SOFTWARE,P3 - Medium,Closed,24,5.0,5.0,Portal,Customer Support,AGT-02
TKT-04283,2026-03-31 14:57:44,2026-04-01 09:21:44,Access & Accounts,P4 - Low,Resolved,48,18.4,3.0,Email,Sales,AGT-02
TKT-01148,2026-06-11 14:37:59,2026-06-13 06:31:59,Network,P3 - Medium,Resolved,24,39.9,2.0,Email,Finance,AGT-04
TKT-03273,2026-04-09 12:47:41,2026-04-10 03:05:41,Network,P4 - Low,Closed,48,14.3,5.0,Email,IT,AGT-12
TKT-00609,2026-05-15 13:20:41,2026-05-15 15:56:41,Network,P2 - High,Resolved,8,2.6,5.0,Email,Customer Support,AGT-04
TKT-03583,2026-01-06 09:29:04,2026-01-06 17:47:04,Network,P3 - Medium,Closed,24,8.3,4.0,Phone,HR,AGT-04
TKT-01931,2026-04-10 11:47:23,2026-04-11 18:47:23,Email & Collaboration,P3 - Medium,Closed,24,31.0,,Email,Sales,AGT-11
TKT-00198,2026-07-09 12:37:24,2026-07-09 15:13:24,Network,P2 - High,Resolved,8,2.6,4.0,Portal,R&D,AGT-12
TKT-02932,2025-10-21 11:19:12,2025-10-26 01:49:12,Software,P4 - Low,Resolved,48,110.5,2.0,Portal,HR,AGT-01
TKT-02328,2025-10-17 16:26:49,2025-10-18 14:50:49,Hardware,P4 - Low,Closed,48,22.4,5.0,Email,Operations,AGT-10
TKT-04390,2026-03-17 10:18:35,2026-03-17 15:30:35,Software,P2 - High,Closed,8,5.2,,Portal,HR,AGT-11
TKT-00767,2025-10-14 14:46:03,2025-10-14 22:28:03,Network,P4 - Low,Closed,48,7.7,,Chat,R&D,AGT-04
TKT-04497,2026-02-05 13:50:21,2026-02-05 23:32:21,Network,P3 - Medium,Closed,24,9.7,5.0,Email,Finance,AGT-05
TKT-04219,2026-08-19 11:52:18,2026-08-19 12:16:18,Email & Collaboration,P1 - Critical,Closed,4,0.4,,Chat,R&D,AGT-11
TKT-03256,2026-06-12 11:18:59,2026-06-12 21:24:59,Software,P4 - Low,Closed,48,10.1,5.0,Chat,Customer Support,AGT-03
TKT-00203,2026-02-13 13:23:43,,Access & Accounts,P4 - Low,In Progress,48,,,Chat,R&D,AGT-03
TKT-03511,2026-08-12 11:20:26,,Hardware,P4 - Low,Open,48,,,,Operations,AGT-10
TKT-01734,2025-11-10 12:02:30,2025-11-10 13:32:30,Hardware,P2 - High,Closed,8,1.5,,Portal,R&D,AGT-10
TKT-02778,2026-02-18 15:34:55,2026-02-18 21:46:55,Software,P3 - Medium,Closed,24,6.2,4.0,Portal,HR,AGT-03
TKT-01708,2026-01-09 10:17:49,2026-01-09 17:47:49,Software,P4 - Low,Closed,48,7.5,5.0,Phone,Operations,AGT-02
TKT-03475,2026-03-05 13:30:26,2026-03-05 16:12:26,Access & Accounts,P2 - High,Closed,8,2.7,4.0,Email,IT,AGT-11
TKT-00855,2025-10-23 13:25:09,2025-10-23 21:01:09,Email & Collaboration,P3 - Medium,Closed,24,7.6,4.0,Email,Sales,AGT-03
TKT-04738,2025-08-20 12:03:47,2025-08-20 13:21:47,Email & Collaboration,P1 - Critical,Resolved,4,1.3,,Portal,Finance,AGT-01
TKT-04098,2026-04-02 12:48:30,2026-04-02 21:30:30,Hardware,P3 - Medium,Closed,24,8.7,4.0,Chat,Sales,AGT-09
TKT-02161,2026-01-23 14:08:16,2026-01-23 15:20:16,Access & Accounts,P2 - High,Closed,8,1.2,4.0,Chat,Finance,AGT-11
TKT-00699,2026-04-14 15:27:09,2026-04-16 04:09:09,Hardware,P4 - Low,Resolved,48,36.7,4.0,Email,R&D,AGT-09
TKT-04988,2025-10-14 10:25:44,2025-10-14 21:55:44,Access & Accounts,P4 - Low,Resolved,48,11.5,5.0,Email,Sales,AGT-01
TKT-03000,2025-09-09 13:09:54,2025-09-12 05:39:54,Software,P4 - Low,Closed,48,64.5,2.0,Chat,IT,AGT-03
TKT-03697,2025-11-26 15:11:03,2025-11-27 05:29:03,Software,P3 - Medium,Resolved,24,14.3,5.0,Email,Sales,AGT-03
TKT-01637,2026-01-06 18:42:43,2026-01-06 20:48:43,Email & Collaboration,P2 - High,Resolved,8,2.1,4.0,Email,R&D,AGT-01
TKT-03458,2026-07-21 18:44:48,2026-07-22 04:02:48,Software,P4 - Low,Resolved,48,9.3,4.0,Phone,IT,AGT-11
TKT-03582,2026-06-08 10:47:43,2026-06-08 16:59:43,Access & Accounts,P3 - Medium,Closed,24,6.2,5.0,Email,Sales,AGT-01
TKT-01292,2026-04-16 10:54:47,2026-04-16 15:24:47,Software,P3 - Medium,Resolved,24,4.5,5.0,Portal,IT,AGT-11
TKT-04660,2025-10-01 14:37:31,2025-10-01 16:43:31,Network,P2 - High,Closed,8,2.1,4.0,Portal,R&D,AGT-05
TKT-01854,2026-05-25 10:33:02,2026-05-25 15:51:02,Access & Accounts,P3 - Medium,Closed,24,5.3,,Portal,Customer Support,AGT-11
TKT-03764,2025-11-06 14:26:00,2025-11-06 22:08:00,Software,P3 - Medium,Closed,24,7.7,4.0,Portal,Customer Support,AGT-02
TKT-03305,2026-05-10 10:22:00,2026-05-10 12:52:00,Access & Accounts,P2 - High,Resolved,8,2.5,4.0,Email,Operations,AGT-03
TKT-04953,2025-11-03 12:45:38,2025-11-03 21:51:38,Hardware,P3 - Medium,Resolved,24,9.1,4.0,Phone,Finance,AGT-10
TKT-03744,2026-02-17 11:39:26,2026-02-17 15:51:26,Email & Collaboration,P2 - High,Closed,8,4.2,4.0,Chat,HR,AGT-02
TKT-03446,2025-12-11 12:07:09,2025-12-11 21:55:09,Network,P3 - Medium,Closed,24,9.8,4.0,Email,R&D,AGT-06
TKT-01999,2026-06-29 15:17:27,2026-06-29 20:47:27,Network,P3 - Medium,Resolved,24,5.5,4.0,Email,Finance,AGT-12
TKT-00664,2025-09-03 16:44:34,2025-09-04 02:20:34,Access & Accounts,P3 - Medium,Resolved,24,9.6,5.0,Portal,Customer Support,AGT-03
TKT-04780,2026-04-15 10:39:18,2026-04-15 17:39:18,Network,P3 - Medium,Resolved,24,7.0,5.0,Email,Finance,AGT-04
TKT-03749,2025-12-01 12:22:23,2025-12-01 16:22:23,Network,P3 - Medium,Closed,24,4.0,5.0,Portal,Customer Support,AGT-12
TKT-04414,2025-09-29 12:39:39,,Hardware,P3 - Medium,In Progress,24,,,Portal,HR,AGT-10
TKT-04745,2025-08-29 11:47:05,2025-08-29 16:35:05,Network,P3 - Medium,Resolved,24,4.8,4.0,Portal,Sales,AGT-05
TKT-00710,2026-02-04 16:36:41,2026-02-05 01:30:41,Network,P3 - Medium,Closed,24,8.9,4.0,Email,Customer Support,AGT-04
TKT-01283,2026-01-16 11:58:53,2026-01-17 03:22:53,Software,P4 - Low,Resolved,48,15.4,,Portal,R&D,AGT-01
TKT-02676,2026-02-13 11:22:29,2026-02-13 14:28:29,Software,P3 - Medium,Closed,24,3.1,4.0,Email,Sales,AGT-03
TKT-04030,2026-07-22 12:04:33,2026-07-24 13:40:33,Security,P3 - Medium,Closed,24,49.6,3.0,Phone,Sales,AGT-07
TKT-01307,2026-03-24 14:22:24,2026-03-28 06:34:24,Hardware,P4 - Low,Closed,48,88.2,1.0,Portal,Operations,AGT-09
TKT-02238,2025-12-04 12:17:58,2025-12-04 14:23:58,hardware,P2 - High,Closed,8,2.1,5.0,Chat,Finance,AGT-10
TKT-03303,2025-11-10 11:47:06,2025-11-10 15:53:06,Network,P3 - Medium,Closed,24,4.1,3.0,Portal,Sales,AGT-06
TKT-02039,2026-03-25 15:25:41,2026-03-25 18:37:41,Network,P3 - Medium,Closed,24,3.2,4.0,Portal,IT,AGT-04
TKT-01530,2025-11-17 14:34:52,2025-11-18 03:52:52,Network,P3 - Medium,Resolved,24,13.3,,,IT,AGT-05
TKT-01664,2025-10-22 14:00:34,2025-10-25 00:24:34,Hardware,P3 - Medium,Resolved,24,58.4,,Phone,Operations,AGT-09
TKT-04975,2026-03-17 15:05:25,2026-03-19 01:35:25,Network,P3 - Medium,Closed,24,34.5,,Portal,Finance,AGT-05
TKT-04994,2025-12-18 16:06:20,2025-12-18 22:24:20,Network,P1 - Critical,Closed,4,6.3,2.0,Email,Sales,AGT-05
TKT-03628,2026-04-22 09:25:54,2026-04-22 21:31:54, Network ,P2 - High,Closed,8,12.1,3.0,Chat,Customer Support,AGT-04
TKT-04892,2025-11-19 13:44:48,2025-11-24 05:32:48,Access & Accounts,P4 - Low,Closed,48,111.8,3.0,Portal,Customer Support,AGT-11
TKT-02694,2026-08-24 14:51:36,2026-08-24 16:21:36,Hardware,P1 - Critical,Closed,4,1.5,3.0,Portal,Customer Support,AGT-10
TKT-03061,2026-03-24 16:05:33,2026-03-26 03:59:33,Access & Accounts,P3 - Medium,Resolved,24,35.9,3.0,Email,Sales,AGT-02
TKT-01598,2025-10-09 16:08:31,2025-10-11 19:50:31,Network,P3 - Medium,Resolved,24,51.7,1.0,Portal,Sales,AGT-06
TKT-02730,2026-07-17 12:45:37,2026-07-17 23:21:37,Software,P4 - Low,Resolved,48,10.6,,Chat,Finance,AGT-01
TKT-02626,2026-01-14 15:06:58,2026-01-14 16:42:58,ACCESS & ACCOUNTS,P1 - Critical,Closed,4,1.6,4.0,Email,R&D,AGT-11
TKT-03158,2025-08-23 10:56:13,2025-08-23 19:20:13,Access & Accounts,P3 - Medium,Closed,24,8.4,3.0,Phone,Customer Support,AGT-03
TKT-03315,2025-11-24 11:22:40,2025-11-24 23:10:40,Network,P4 - Low,Resolved,48,11.8,4.0,Portal,Customer Support,AGT-06
TKT-01723,2026-05-07 16:46:01,2026-05-07 23:40:01,software,P3 - Medium,Closed,24,6.9,5.0,Chat,Sales,AGT-11
TKT-01060,2026-05-04 11:17:39,,Software,P2 - High,In Progress,8,,,Portal,Sales,AGT-01
TKT-04637,2025-12-12 16:06:59,2025-12-12 22:12:59,Access & Accounts,P3 - Medium,Closed,24,6.1,5.0,Email,Sales,AGT-02
TKT-03243,2026-07-28 11:46:31,2026-07-28 20:04:31,Software,P4 - Low,Closed,48,8.3,5.0,Email,IT,AGT-01
TKT-01679,2026-07-10 14:49:06,2026-07-10 16:49:06, Email & Collaboration ,P2 - High,Closed,8,2.0,,Email,HR,AGT-11
TKT-01758,2026-08-18 12:00:33,2026-08-18 16:36:33,Hardware,P3 - Medium,Closed,24,4.6,4.0,Phone,Customer Support,AGT-10
TKT-04192,2026-05-12 11:42:01,2026-05-13 20:54:01,Hardware,P3 - Medium,Resolved,24,33.2,3.0,Portal,Finance,AGT-10
TKT-00564,2026-04-08 11:58:00,2026-04-09 05:52:00,Email & Collaboration,P4 - Low,Closed,48,17.9,5.0,Portal,Sales,AGT-03
TKT-02791,2026-06-24 15:52:24,2026-06-25 01:28:24,Security,P3 - Medium,Closed,24,9.6,4.0,Email,Customer Support,AGT-07
TKT-00864,2026-03-12 09:15:16,2026-03-12 21:15:16,Email & Collaboration,P2 - High,Resolved,8,12.0,2.0,Portal,Sales,AGT-01
TKT-01485,2026-04-08 10:23:02,2026-04-09 14:05:02,Email & Collaboration,P3 - Medium,Closed,24,27.7,1.0,Chat,IT,AGT-02
TKT-00207,2025-09-22 11:35:11,2025-09-22 21:35:11,Access & Accounts,P4 - Low,Resolved,48,10.0,5.0,Portal,Sales,AGT-01
TKT-04489,2025-11-21 11:27:56,2025-11-25 13:39:56,Network,P4 - Low,Closed,48,98.2,3.0,Phone,Sales,AGT-04
TKT-00871,2026-05-20 13:08:21,2026-05-22 10:14:21,Network,P3 - Medium,Closed,24,45.1,,Email,Customer Support,AGT-12
TKT-04494,2025-09-12 09:08:59,2025-09-12 14:56:59,Software,P3 - Medium,Closed,24,5.8,4.0,Email,Customer Support,AGT-01
TKT-00503,2026-07-28 09:08:29,2026-07-28 11:44:29,Software,P2 - High,Resolved,8,2.6,5.0,Portal,Sales,AGT-11
TKT-01029,2026-05-18 16:53:08,2026-05-19 18:53:08,access & accounts,P4 - Low,Resolved,48,26.0,5.0,Email,IT,AGT-01
TKT-03841,2026-04-26 18:53:18,2026-04-27 01:17:18,Access & Accounts,P4 - Low,Closed,48,6.4,5.0,Chat,Customer Support,AGT-01
TKT-02691,2026-08-07 14:29:36,2026-08-08 07:47:36,Network,P4 - Low,Closed,48,17.3,4.0,Email,IT,AGT-05
TKT-01571,2026-01-07 11:17:15,2026-01-09 00:05:15,Access & Accounts,P3 - Medium,Closed,24,36.8,,Portal,Sales,AGT-11
TKT-02774,2025-08-20 13:03:23,2025-08-20 14:21:23,Network,P1 - Critical,Resolved,4,1.3,3.0,Phone,HR,AGT-05
TKT-02732,2025-11-26 08:32:42,2025-11-26 20:02:42,Network,P4 - Low,Closed,48,11.5,3.0,Portal,Customer Support,AGT-05
TKT-00805,2025-09-19 10:18:00,2025-09-19 19:18:00,Access & Accounts,P3 - Medium,Resolved,24,9.0,4.0,Phone,Operations,AGT-01
TKT-03646,2026-05-25 14:05:42,2026-05-25 20:47:42,Software,P3 - Medium,Closed,24,6.7,5.0,Portal,IT,AGT-01
TKT-02455,2026-04-02 11:50:51,2026-04-02 14:44:51, Software ,P2 - High,Closed,8,2.9,4.0,Portal,R&D,AGT-03
TKT-04599,2025-12-09 11:14:18,2025-12-09 16:08:18,Hardware,P3 - Medium,Resolved,24,4.9,5.0,Email,HR,AGT-10
TKT-03105,2026-04-09 15:58:07,,Network,P2 - High,In Progress,8,,,Email,HR,AGT-06
TKT-04876,2026-03-06 11:08:16,2026-03-06 20:14:16,Access & Accounts,P4 - Low,Closed,48,9.1,5.0,Email,Operations,AGT-11
TKT-00201,2026-06-02 14:15:12,2026-06-02 23:27:12,Network,P3 - Medium,Closed,24,9.2,5.0,Portal,Finance,AGT-04
TKT-03100,2025-10-07 10:14:05,2025-10-07 13:38:05,Software,P3 - Medium,Closed,24,3.4,5.0,Email,Customer Support,AGT-02
TKT-02279,2026-07-03 12:17:38,2026-07-03 13:47:38,Software,P2 - High,Closed,8,1.5,4.0,Portal,IT,AGT-02
TKT-03562,2026-02-14 11:42:56,2026-02-19 06:36:56,Access & Accounts,P4 - Low,Resolved,48,114.9,2.0,Email,Operations,AGT-01
TKT-04475,2026-02-11 17:50:26,2026-02-12 15:38:26,Network,P3 - Medium,Closed,24,21.8,4.0,Email,Sales,AGT-06
TKT-04515,2025-09-15 14:00:45,2025-09-17 13:06:45,Network,P4 - Low,Closed,48,47.1,5.0,Phone,Finance,AGT-06
TKT-00392,2025-09-18 12:07:51,2025-09-19 02:31:51,Software,P4 - Low,Resolved,48,14.4,,Portal,Operations,AGT-03
TKT-01496,2026-04-08 13:48:56,2026-04-08 22:00:56,Software,P3 - Medium,Resolved,24,8.2,5.0,Portal,R&D,AGT-11
TKT-02696,2025-10-06 14:51:56,2025-10-06 20:21:56,Email & Collaboration,P3 - Medium,Closed,24,5.5,,,Customer Support,AGT-03
TKT-02028,2025-12-26 15:22:55,2025-12-27 01:52:55,Software,P3 - Medium,Resolved,24,10.5,,Phone,HR,AGT-01
TKT-02569,2026-04-15 14:26:40,2026-04-16 09:14:40,NETWORK,P4 - Low,Closed,48,18.8,4.0,Email,Sales,AGT-06
TKT-00065,2026-04-07 16:30:58,2026-04-08 00:42:58,Hardware,P3 - Medium,Resolved,24,8.2,4.0,Portal,R&D,AGT-09
TKT-03885,2026-08-18 13:23:08,2026-08-22 05:35:08,Software,P4 - Low,Closed,48,88.2,3.0,Phone,IT,AGT-02
TKT-02063,2026-02-15 16:28:57,2026-02-17 03:40:57,Security,P3 - Medium,Closed,24,35.2,,Portal,Sales,AGT-07
TKT-00493,2026-04-14 14:40:21,2026-04-15 16:28:21,Email & Collaboration,P3 - Medium,Closed,24,25.8,4.0,Chat,Customer Support,AGT-02
TKT-00380,2026-05-14 11:01:03,2026-05-14 20:37:03,Security,P3 - Medium,Closed,24,9.6,4.0,Portal,HR,AGT-07
TKT-04860,2025-11-18 09:45:20,2025-11-19 20:39:20,Software,P3 - Medium,Resolved,24,34.9,2.0,Email,IT,AGT-03
TKT-03994,2025-12-05 16:46:02,2025-12-05 21:22:02,SECURITY,P3 - Medium,Closed,24,4.6,4.0,Portal,Operations,AGT-07
TKT-04888,2026-04-30 15:59:05,2026-05-01 09:41:05,Access & Accounts,P4 - Low,Closed,48,17.7,,Chat,Sales,AGT-02
TKT-01077,2026-03-03 18:50:34,2026-03-05 17:50:34,Network,P3 - Medium,Closed,24,47.0,2.0,Portal,IT,AGT-05
TKT-00879,2026-03-27 15:17:53,,Access & Accounts,P4 - Low,In Progress,48,,,Phone,Operations,AGT-03
TKT-00338,2026-05-13 13:37:54,2026-05-13 17:49:54,Network,P2 - High,Closed,8,4.2,,Portal,Customer Support,AGT-04
TKT-01017,2026-04-23 11:27:07,2026-04-23 14:51:07,Network,P3 - Medium,Closed,24,3.4,5.0,Email,Sales,AGT-06
TKT-01276,2025-12-04 16:34:40,2025-12-09 13:22:40,Network,P4 - Low,Closed,48,116.8,2.0,Portal,Customer Support,AGT-05
TKT-03799,2026-01-11 17:51:25,2026-01-11 19:03:25,Email & Collaboration,P2 - High,Closed,8,1.2,,Email,Sales,AGT-03
TKT-04552,2026-04-27 16:35:59,2026-04-27 22:05:59,Network,P2 - High,Resolved,8,5.5,,Portal,Finance,AGT-05
TKT-03343,2025-10-02 15:20:50,2025-10-02 19:50:50,Network,P4 - Low,Closed,48,4.5,5.0,Email,Sales,AGT-04
TKT-04912,2026-01-30 12:22:54,2026-01-30 19:04:54, Software ,P3 - Medium,Closed,24,6.7,5.0,Email,Operations,AGT-01
TKT-00996,2026-01-20 10:04:15,2026-01-20 12:28:15,Hardware,P3 - Medium,Closed,24,2.4,3.0,Phone,Finance,AGT-10
TKT-01982,2025-12-26 14:28:33,2025-12-26 18:40:33,Network,P3 - Medium,Closed,24,4.2,,Portal,IT,AGT-05
TKT-04298,2026-03-20 15:49:28,2026-03-25 01:37:28,Hardware,P4 - Low,Closed,48,105.8,2.0,Chat,IT,AGT-09
TKT-00162,2026-07-27 16:21:02,2026-07-28 01:57:02,Network,P2 - High,Closed,8,9.6,2.0,Chat,R&D,AGT-06
TKT-04799,2026-06-27 11:52:16,2026-06-27 22:46:16,Hardware,P2 - High,Closed,8,10.9,2.0,Email,Sales,AGT-10
TKT-01501,2026-04-21 13:02:53,2026-04-21 23:32:53,Security,P3 - Medium,Resolved,24,10.5,4.0,,R&D,AGT-08
TKT-03844,2026-03-27 15:00:17,2026-03-28 16:30:17,Network,P4 - Low,Closed,48,25.5,4.0,Portal,IT,AGT-06
TKT-02614,2026-06-01 14:36:04,2026-06-03 03:42:04,Hardware,P4 - Low,Closed,48,37.1,4.0,Email,HR,AGT-10
TKT-03462,2026-06-06 14:57:45,2026-06-10 05:15:45,Software,P4 - Low,Closed,48,86.3,3.0,Email,HR,AGT-03
TKT-01022,2026-05-21 10:27:13,2026-05-22 01:57:13,Access & Accounts,P4 - Low,Resolved,48,15.5,5.0,Portal,HR,AGT-11
TKT-03074,2026-05-12 10:43:02,2026-05-13 13:31:02,Software,P3 - Medium,Closed,24,26.8,,Chat,Finance,AGT-11
TKT-03944,2026-03-27 11:25:14,2026-03-27 19:37:14,Hardware,P3 - Medium,Resolved,24,8.2,4.0,Portal,Sales,AGT-10
TKT-01586,2026-08-04 17:42:41,2026-08-04 22:42:41,Network,P3 - Medium,Closed,24,5.0,5.0,Email,R&D,AGT-06
TKT-01956,2026-08-17 12:16:30,2026-08-18 01:28:30,network,P3 - Medium,Closed,24,13.2,,Email,Operations,AGT-04
TKT-03153,2025-12-18 15:15:34,2025-12-18 23:09:34,Network,P3 - Medium,Resolved,24,7.9,3.0,Email,Customer Support,AGT-06
TKT-00035,2026-02-02 11:14:30,2026-02-04 22:02:30,SECURITY,P4 - Low,Closed,48,58.8,1.0,Email,Finance,AGT-07
TKT-04015,2026-03-11 11:53:20,2026-03-11 17:29:20,Network,P3 - Medium,Resolved,24,5.6,4.0,Email,Operations,AGT-12
TKT-00776,2026-07-01 16:21:14,2026-07-02 11:57:14,Security,P4 - Low,Closed,48,19.6,4.0,Portal,Operations,AGT-08
TKT-02557,2025-08-11 11:26:51,2025-08-11 21:08:51,Email & Collaboration,P3 - Medium,Closed,24,9.7,3.0,Phone,HR,AGT-01
TKT-01479,2026-02-08 12:25:15,2026-02-08 17:37:15,Access & Accounts,P4 - Low,Closed,48,5.2,5.0,Chat,R&D,AGT-01
TKT-01364,2025-08-17 10:22:15,2025-08-17 14:34:15,Software,P3 - Medium,Closed,24,4.2,5.0,Portal,Sales,AGT-11
TKT-02613,2026-02-10 14:26:43,2026-02-10 19:44:43,Software,P3 - Medium,Closed,24,5.3,4.0,Email,Finance,AGT-11
TKT-02825,2026-08-20 11:00:13,,Hardware,P3 - Medium,Open,24,,,Email,Customer Support,AGT-09
TKT-02042,2026-06-05 10:53:12,2026-06-05 15:47:12,Access & Accounts,P3 - Medium,Closed,24,4.9,,Portal,IT,AGT-01
TKT-00242,2026-06-09 12:56:21,2026-06-09 15:38:21,Security,P2 - High,Resolved,8,2.7,4.0,Email,Operations,AGT-07
TKT-02062,2025-11-13 16:59:20,2025-11-15 16:17:20,Network,P3 - Medium,Closed,24,47.3,2.0,Email,R&D,AGT-04
TKT-02364,2026-07-15 11:16:15,2026-07-15 17:04:15,Network,P4 - Low,Closed,48,5.8,4.0,Chat,Customer Support,AGT-12
TKT-00601,2026-02-04 13:25:29,2026-02-04 19:25:29,software,P3 - Medium,Resolved,24,6.0,,Email,Customer Support,AGT-02
TKT-02436,2026-08-11 09:55:49,,Security,P3 - Medium,In Progress,24,,,Chat,R&D,AGT-08
TKT-02889,2025-09-12 16:06:28,2025-09-14 20:42:28,Security,P4 - Low,Closed,48,52.6,3.0,Email,HR,AGT-08
TKT-00647,2025-08-03 16:56:59,2025-08-04 01:02:59,Hardware,P4 - Low,Closed,48,8.1,3.0,Chat,Operations,AGT-10
TKT-03891,2025-09-25 10:23:44,2025-09-25 18:59:44,Network,P3 - Medium,Closed,24,8.6,5.0,Email,Operations,AGT-04
TKT-03557,2026-02-12 14:17:10,2026-02-13 23:11:10,Access & Accounts,P3 - Medium,Closed,24,32.9,2.0,Portal,Operations,AGT-02
TKT-03203,2026-07-27 13:55:24,2026-07-27 17:31:24,Software,P2 - High,Closed,8,3.6,4.0,Phone,Operations,AGT-02
TKT-01529,2025-09-28 13:23:18,2025-09-28 19:47:18,NetWork,P4 - Low,Closed,48,6.4,4.0,,Operations,AGT-12
TKT-01268,2026-08-19 12:43:57,2026-08-19 19:43:57,Network,P3 - Medium,Closed,24,7.0,3.0,Chat,Sales,AGT-05
TKT-01900,2025-08-22 10:17:24,2025-08-26 10:05:24,Software,P4 - Low,Resolved,48,95.8,3.0,Portal,Customer Support,AGT-03
TKT-04659,2026-03-13 14:20:43,2026-03-15 20:08:43,Software,P3 - Medium,Closed,24,53.8,,Email,Sales,AGT-01
TKT-03006,2026-06-01 13:34:51,2026-06-02 12:04:51,Access & Accounts,P4 - Low,Closed,48,22.5,3.0,Email,Customer Support,AGT-01
TKT-02735,2025-11-16 12:41:15,2025-11-17 05:11:15,email & collaboration,P4 - Low,Resolved,48,16.5,,Phone,Customer Support,AGT-02
TKT-00190,2025-11-12 11:35:49,2025-11-12 16:59:49,Network,P3 - Medium,Resolved,24,5.4,,Chat,HR,AGT-06
TKT-01807,2025-08-29 14:51:04,2025-08-29 16:33:04,Access & Accounts,P2 - High,Resolved,8,1.7,5.0,Chat,Sales,AGT-03
TKT-00976,2026-03-27 13:42:58,2026-03-28 05:00:58,Access & Accounts,P4 - Low,Closed,48,15.3,4.0,Portal,Operations,AGT-02
TKT-02748,2025-10-14 16:46:52,2025-10-16 06:22:52,Access & Accounts,P3 - Medium,Resolved,24,37.6,3.0,Portal,IT,AGT-03
TKT-02048,2026-03-04 11:49:35,2026-03-05 10:19:35,Security,P3 - Medium,Resolved,24,22.5,4.0,Email,Operations,AGT-07
TKT-02559,2026-01-29 17:07:32,,Network,P3 - Medium,In Progress,24,,,Phone,Operations,AGT-04
TKT-01083,2026-07-29 17:03:25,2026-07-30 02:03:25,Access & Accounts,P3 - Medium,Resolved,24,9.0,5.0,Portal,Sales,AGT-01
TKT-00475,2025-11-18 12:46:39,2025-11-19 12:34:39,Hardware,P4 - Low,Closed,48,23.8,3.0,Portal,Customer Support,AGT-09
TKT-02905,2025-12-28 11:37:56,2025-12-29 08:19:56,Access & Accounts,P3 - Medium,Resolved,24,20.7,5.0,Email,Sales,AGT-01
TKT-04844,2026-01-16 11:51:35,2026-01-17 15:15:35,Hardware,P3 - Medium,Closed,24,27.4,,Phone,Customer Support,AGT-10
TKT-04118,2026-07-07 15:54:12,2026-07-07 22:06:12,Software,P3 - Medium,Closed,24,6.2,4.0,Email,Finance,AGT-03
TKT-03386,2026-04-27 12:12:30,2026-04-27 13:36:30,Software,P1 - Critical,Resolved,4,1.4,5.0,Portal,Operations,AGT-03
TKT-04556,2026-05-20 17:14:26,2026-05-21 04:50:26,Network,P4 - Low,Closed,48,11.6,5.0,Email,IT,AGT-05
TKT-01185,2025-10-09 16:54:55,2025-10-09 20:36:55,Network,P3 - Medium,Resolved,24,3.7,5.0,Portal,IT,AGT-05
TKT-02434,2025-12-05 08:18:47,2025-12-05 18:24:47,Software,P3 - Medium,Resolved,24,10.1,3.0,Phone,Customer Support,AGT-11
TKT-02392,2026-05-25 14:43:13,2026-05-26 05:55:13, Software ,P4 - Low,Resolved,48,15.2,4.0,Portal,IT,AGT-03
TKT-00770,2026-04-01 13:55:44,2026-04-02 06:13:44,Access & Accounts,P4 - Low,Closed,48,16.3,,,IT,AGT-02
TKT-01686,2025-11-03 12:24:32,2025-11-07 19:18:32,ACCESS & ACCOUNTS,P4 - Low,Closed,48,102.9,2.0,Portal,Sales,AGT-02
TKT-00131,2025-10-07 14:19:35,2025-10-07 21:49:35,Access & Accounts,P3 - Medium,Closed,24,7.5,4.0,Portal,HR,AGT-01
TKT-02920,2026-05-06 10:56:43,2026-05-06 13:20:43,Software,P2 - High,Resolved,8,2.4,,Portal,Finance,AGT-02
TKT-03172,2026-04-22 11:15:11,2026-04-22 21:27:11,Access & Accounts,P3 - Medium,Closed,24,10.2,4.0,Email,Sales,AGT-03
TKT-03445,2026-07-12 15:07:00,2026-07-12 19:49:00,Security,P2 - High,Closed,8,4.7,,Portal,HR,AGT-07
TKT-04427,2025-10-14 11:43:21,2025-10-14 13:37:21,Security,P2 - High,Closed,8,1.9,4.0,Email,R&D,AGT-07
TKT-00467,2026-04-13 11:35:14,2026-04-14 08:35:14,Email & Collaboration,P4 - Low,Closed,48,21.0,3.0,Portal,Customer Support,AGT-01
TKT-03093,2026-06-30 09:19:23,2026-06-30 10:25:23,Software,P2 - High,Resolved,8,1.1,,Phone,Sales,AGT-11
TKT-03773,2026-04-24 12:24:45,2026-04-24 19:12:45,Network,P3 - Medium,Closed,24,6.8,4.0,,Customer Support,AGT-05
TKT-00861,2026-05-19 12:01:22,2026-05-19 16:25:22,Software,P3 - Medium,Closed,24,4.4,3.0,Email,Finance,AGT-11
